gene_symbol	gene_id	PHATE_0	PHATE_1	cluster
AAAS	8086	-0.003920601928910576	0.009489442055230548	9
AAGAB	79719	-0.01271773114975594	-0.0013239199513733924	10
AAK1	22848	0.0005272268600497295	0.0018597547947729837	71
AAMP	14	0.052004400014017155	-0.026603674840219246	50
AARS1	16	0.0014555133786556319	-0.006006841342467364	8
AARS2	57505	-0.0039008086768465506	-0.004228503314207782	19
AASDHPPT	60496	-0.006449501302627135	-0.00604667203978883	79
AATF	26574	0.028717061111039395	-0.014184598881914295	26
ABCA3	21	-0.007480349212862075	-0.00418808232856022	68
ABCB10	23456	-0.007914700671178597	-0.004868870381579541	33
ABCB7	22	-0.003492672472857848	-0.008213706438693562	126
ABCE1	6059	-0.0025037817343409683	0.004396825011802574	114
ABCF1	23	0.019141944669273037	-0.01987021812883763	117
ABCG1	9619	-0.010873385985098464	-0.005684559872777566	7
ABHD11	83451	-0.0012025295269892774	0.0041498276975594885	24
ABHD13	84945	-0.009641634486443803	-0.006510977005567429	11
ABHD16A	7920	-0.0016166453555014177	0.007187149688427151	20
ABHD17A	81926	0.011483369392523913	0.029430951839516637	5
ABI3	51225	-0.006892693766779697	5.039181546110736e-05	13
ABL1	25	-0.0038031018969407276	0.0012430956736467944	142
ABT1	29777	0.03379912863583296	-0.01479568203610664	26
ACACA	31	-0.0015345236662530866	-0.00012522066436472843	116
ACAD8	27034	-0.010305707145894285	-0.008260368311584972	85
ACAD9	28976	-0.011351744708542399	-0.005728048935896327	82
ACBD3	64746	-0.007800714105478799	-0.006876544495591247	74
ACBD4	79777	-0.006322103139434029	0.008879049331490661	4
ACD	65057	-0.006373614317373897	-0.0009899838526983412	125
ACHE	43	-0.0055389230414137364	-0.000522558788280414	130
ACIN1	22985	-0.004637681268782013	-0.003370723436870634	89
ACLY	47	-0.00496748970096884	0.0042035794154810565	9
ACO2	50	-0.004486369823655129	0.00018542991362553807	73
ACOT12	134526	-0.0038094944197196675	0.00276606363407404	24
ACP5	54	-0.011646856799767173	-0.006402112523037375	83
ACRBP	84519	-0.0077657552103330444	0.0006414012932739958	103
ACSF2	80221	-0.00802575390705105	-0.0008791242777128229	13
ACSL3	2181	-0.004264213826671786	-0.005734006351762536	14
ACSL4	2182	-0.008261711441737495	-0.007996579583916755	100
ACTA1	58	-0.006717844690836019	-0.003393364497657167	33
ACTB	60	-0.0006329286003339026	0.011359668320948773	20
ACTG1	71	-0.011701778000216519	-0.00405418755159619	22
ACTG2	72	-0.007289300144427865	-0.004314584453519252	149
ACTL6A	86	-0.004037356338222351	-0.005203537708430623	121
ACTL7A	10881	-0.004137154242197985	-0.003642865998794915	19
ACTR10	55860	9.353527073993012e-06	-0.006940598092343709	76
ACTR1A	10121	-0.010845207343922365	-0.0029424831325893983	48
ACTR1B	10120	-0.0003547635062693401	0.005961928610488986	20
ACTR2	10097	0.03956133635451919	0.018874704177742337	145
ACTR3	10096	0.03655216741297626	0.017499111495784606	145
ACTR5	79913	-0.010486336169128646	-0.0017519845262515834	69
ACTR6	64431	-0.002488092581014987	-0.0035972930447311763	140
ACTR8	93973	0.00522343892368874	-0.007409380652166774	26
ADAM11	4185	-0.004654520527381725	0.010003775201412216	4
ADAM33	80332	-0.009632686030226741	-0.005103715154268822	83
ADAMTS7	11173	-0.008665921580326632	-0.0035114836331326805	51
ADAMTSL4	54507	-0.0012175124714643374	0.010225355870270318	5
ADAMTSL5	339366	-0.010670114587300626	-0.0022510201132436326	7
ADAR	103	-0.006717354285179465	-0.0037524287026412424	67
ADAT2	134637	-0.010716125233828902	-0.011855028380355957	108
ADAT3	113179	-0.011804063798570888	-0.0025868146262259073	58
ADCY3	109	-0.007612506026747191	-0.0035942963069601733	33
ADGRB2	576	-0.004791112651135113	-0.005297316202901998	19
ADGRG1	9289	-0.009342658661278144	-0.0055791981409504116	83
ADNP	23394	-0.00748405063468641	-0.001736070600473859	72
ADO	84890	-0.0034322189143778893	-0.0019639940239022944	14
ADPRHL2	54936	-0.005059108334694051	-0.00488725515312285	19
ADRM1	11047	-0.011110198030334549	-0.003998995747394855	82
ADSL	158	-0.010338059808426323	-0.004872774093794667	7
ADSS2	159	-0.010177888971474555	-0.005880424314392096	98
AEBP1	165	-0.004763968081745468	-0.0014049483003103925	55
AFDN	4301	-0.008736453716100453	-0.00770033463170276	39
AFF1	4299	-0.007715743760912892	-0.00683208698734835	127
AFF2	2334	-0.008649670146751	-0.007987611572929305	118
AFG3L2	10939	0.005626223953321095	-0.01086159596490025	45
AGAP2	116986	-0.0048464683302962205	-0.001631794275401962	89
AGAP4	119016	0.009691116166501427	0.032303032156524414	18
AGAP5	729092	0.008802857329889384	0.031167799646059622	18
AGAP6	414189	-0.0062239326040344975	0.0006875812877775906	13
AGAP7P	653268	-0.008189521674875267	-0.0045528843801276005	68
AGAP9	642517	0.008854254725149219	0.030428424630480608	18
AGBL4	84871	-0.00727093726232464	-0.004147312029785642	47
AGBL5	60509	-0.005582243546106277	-0.004803484883309717	52
AGO1	26523	-0.002997301958223057	0.002084712438242812	80
AGO2	27161	-0.008975097343249267	0.003874235912709051	49
AGPAT1	10554	-0.0037181299370344268	-0.00393846458740201	121
AGPAT5	55326	-0.009508676570637566	-0.0058152873600175875	94
AGPS	8540	-0.0036739722968688053	-0.0033310078110461135	79
AGT	183	-0.0062433060771334955	-0.0005081805291267745	84
AGXT	189	-0.010406821717461498	-0.008689991645722669	12
AHCTF1	25909	0.011081600677669081	-0.023260747252525908	136
AHCY	191	-0.0067419667637011165	-0.003966773997756887	59
AHCYL1	10768	0.005497007293013576	-0.007927656923820506	6
AHNAK2	113146	-0.0092489495453476	-0.006917858037029704	15
AIFM1	9131	-0.008270549685058602	-0.007208495485046285	15
AIFM3	150209	-0.009161905543094997	-0.007835697390118315	38
AIP	9049	0.0025661889172881396	0.005500203260267529	3
AJM1	389813	-0.007276239086394186	-0.004134256819994218	33
AK2	204	-0.002697966665044227	0.0034003341244999608	17
AK4	205	-0.004023392204667285	-0.0016776236336600399	80
AK6	102157402	-0.0036972860098697853	0.002898228533342125	20
AKAP1	8165	-0.00490920422102549	0.0007068017052467455	116
AKAP17A	8227	-0.00281444834018889	0.004068692561809855	24
AKAP8L	26993	-0.013284067144353739	-0.002129516395422374	27
AKIRIN1	79647	-0.00023050993763702163	-0.0012682238107117282	105
AKIRIN2	55122	-0.007841315705365814	0.016811722335397045	137
AKNAD1	254268	0.0005276066422224052	0.007881109629354278	23
AKR1A1	10327	-0.003150112799302959	-0.002792200036397581	17
AKR7A3	22977	-0.007287503773537342	-0.005188246153051123	68
AKT1S1	84335	-0.011924541312260535	-0.004847455631742963	53
AKT2	208	-0.007024792166173008	-0.006058691483990459	126
ALAD	210	-0.001479549464579682	0.0022948401881331256	31
ALAS1	211	-0.007723508745494787	-0.004880222819989489	11
ALDH18A1	5832	0.002203029183300467	-0.004727882198558981	14
ALDOA	226	0.0026795988095058127	-0.008203326956791237	45
ALDOC	230	-0.006808348757070178	0.007056598407162135	4
ALG1	56052	-0.007039974301958077	-0.00260275381745213	33
ALG11	440138	0.03238743291469466	0.0033572384065177568	112
ALG12	79087	-0.008792413645313146	-0.0036695006703775725	90
ALG13	79868	-0.009602005222574882	-0.007693593564202746	12
ALG14	199857	-0.0035227653360485616	0.0022719534588156957	24
ALG1L	200810	0.0036620395934439903	0.019168762068912028	5
ALG2	85365	0.005595178970817353	-0.0027839540688136904	112
ALG5	29880	-0.01005308947179541	-0.006867855670578004	90
ALG6	29929	-0.007800433016387264	-0.007995777934478648	42
ALG8	79053	-0.007210585821264187	-0.004722235716807661	75
ALMS1	7840	-0.0058358304438196505	-0.0012398926561211759	57
ALS2CL	259173	-0.006601040337624031	-0.002710192186823348	59
ALX3	257	0.0019350725814634175	0.013940125792342158	20
ALYREF	10189	-0.012330580250496598	0.009130775684056246	28
AMBRA1	55626	-0.002575397410336072	8.742940143607802e-06	71
AMD1	262	0.0048548127570147885	-0.006899601435268618	136
AMDHD2	51005	-0.006966137087093731	-0.0015167595242531213	54
AMER2	219287	-0.010349748214491139	-0.01011432954512174	56
AMFR	267	-0.0054690247541983854	-0.002484336811173443	125
AMHR2	269	-0.004609289009191688	0.004622867409593729	92
AMY1A	276	0.006955909962339257	0.020673222993565405	102
AMY1B&AMY1C	277&278	0.0027400462311630317	0.014262116348401032	23
AMY2A	279	-0.0032917859067536936	0.001902161952953996	80
ANAPC1	64682	0.005389401606552083	0.009920891014161205	97
ANAPC10	10393	0.025381933751404007	0.007532225327362431	40
ANAPC11	51529	0.01909395433794296	0.011799617513659068	40
ANAPC13	25847	-0.0016900963507594188	0.0006048885398921932	112
ANAPC15	25906	-0.002238030577798174	-0.00044789144534428793	104
ANAPC2	29882	0.0216115369557033	0.010737992509501287	40
ANAPC4	29945	0.006730907470596297	0.008876662328494008	97
ANAPC5	51433	0.0053629024158557415	0.008000953789431659	97
ANAPC7	51434	-0.005333291416563351	-0.0050527303810168215	19
ANKHD1	54882	-0.005517681068887637	-0.007015508761734295	29
ANKHD1-EIF4EBP3	404734	-0.004438013184392372	-0.0077079595713061095	29
ANKLE1	126549	-0.011753174404071589	-0.0031059918951872253	58
ANKLE2	23141	-0.0069215064054414435	0.003851631700886749	92
ANKRD11	29123	0.008876256704920342	0.00793778073226891	99
ANKRD13C	81573	-0.010938486937977868	-0.010042350622140591	108
ANKRD17	26057	-0.008070953227095652	0.004719871931166404	44
ANKRD20A1	84210	0.02025223561395528	0.035477906795991485	41
ANKRD20A2	441430	0.007918565568987282	0.02576561380963471	5
ANKRD20A3	441425	0.010404985807601652	0.025066101490806906	41
ANKRD20A4	728747	0.002151951989637056	0.014791438272229415	20
ANKRD31	256006	-0.00925231838372486	-0.007020359035170425	15
ANKRD35	148741	-0.00386105369660825	0.002928634947493208	80
ANKRD36B	57730	-0.009054674400786647	-0.007056540071826967	94
ANKRD49	54851	-0.0033318284984732286	-0.0024176307156040964	148
ANKRD52	283373	-0.011360416638258222	0.005553478914505623	10
ANKRD54	129138	-0.009230364147835204	-0.008025123143594496	101
ANKS1A	23294	-0.00023523258094347062	-0.004727644605507351	19
ANKS6	203286	-0.003990473290829999	-7.731289195393395e-05	66
ANLN	54443	-0.006971396840605275	-0.0004908314647646208	131
ANO2	57101	-0.006791314853265628	0.0003843335632568314	72
ANP32B	10541	-0.0038722468183389745	0.0008770379442505944	142
ANP32E	81611	-0.001742703955565757	0.005832648810015827	80
ANTXRL	195977	-0.004374413932258979	0.003260958623546332	73
ANXA9	8416	-0.0020104137407843184	0.0057708753145509885	37
AP1G1	164	-0.007406674199769948	-0.0025814166649764806	104
AP1G2	8906	-0.0066135855430126435	-0.005848595158071923	119
AP1M1	8907	-0.012583601205529552	-0.0036149558296930456	27
AP2M1	1173	-0.017434544414088423	0.0015420727310971102	34
AP2S1	1175	-0.015530065857313244	0.0009125382200808265	34
AP3B1	8546	-0.008460603098729992	-0.002657795366300561	95
AP3D1	8943	-0.008771993194949005	-0.001717826707133483	13
APC	324	0.000485869471797892	-0.0009301864726275218	71
APC2	10297	-0.011960716346912283	-0.0062359098376637695	7
APEX2	27301	-0.007585619595922254	-0.004356405722971376	133
API5	8539	-0.009613673279905208	-0.0016258803170062716	69
APOBR	55911	-0.007093936335623468	-0.002187746557131388	8
APOC1	341	-0.011097411643138854	-0.006442842895740691	38
APOLD1	81575	-0.0008669426167383237	0.00971242969323246	20
APRT	353	-0.0054190543388643875	-0.00218010123405362	125
AQP7	364	-0.0005649541212241835	0.007681403672471693	20
AQR	9716	0.010898853568181203	0.03278488661744463	86
ARCN1	372	0.026780521264990368	0.003929203705449561	105
AREL1	9870	0.00248906657457082	0.007668329965019512	31
ARF1	375	0.0001549840831098772	0.002198459044987979	1
ARF3	377	-0.0052878618716412935	0.001434500953162253	9
ARF4	378	0.030632269498327463	0.013578376185482754	70
ARF6	382	-0.003889294747491498	0.001579193709691355	92
ARFRP1	10139	-0.0069138346503542815	-0.005968350375615258	52
ARGFX	503582	-0.006653952938206871	-0.004635801444293669	79
ARGLU1	55082	-0.014384891129352368	-0.00026609824142416445	34
ARHGAP11A	9824	-0.009575696605579566	0.003463846476065285	10
ARHGAP11B	89839	-0.008659930108436716	0.004002235320647421	92
ARHGAP23	57636	-0.007644006097369847	-0.0015521872487521413	13
ARHGAP33	115703	-0.008793085895535945	-0.00589919737886556	38
ARHGAP45	23526	-0.01190006430934638	-0.0025449846156439027	7
ARHGAP9	64333	-0.004403036754450388	-0.00041317276505472883	89
ARHGEF15	22899	-0.01095527283809555	-0.004387134281921313	16
ARHGEF28	64283	-0.009053639800511215	-0.005145750837497129	11
ARHGEF35	445328	-0.007363693689068194	-0.0009134479390715095	78
ARHGEF4	50649	-0.0009949092601567269	0.0017301254285049823	113
ARHGEF5	7984	-0.00863194240447882	-0.005080994570693766	51
ARHGEF7	8874	0.0041087452307939434	-0.0034906186037884208	138
ARID1A	8289	-0.009138960791579654	-0.0035330584597800985	60
ARID2	196528	-0.010038294638328482	0.0007154652115336104	44
ARID3A	1820	-0.013308206130215534	-0.0029200386897845114	27
ARID3B	10620	-0.005655694677700021	0.001753027020461225	95
ARID3C	138715	-0.007187677223547354	-0.003117559280592256	55
ARID4B	51742	-0.014751778449106134	0.0014942080855991535	34
ARID5A	10865	-0.0036351186790967377	-0.002968195918549897	57
ARIH1	25820	0.02104093742621292	0.016043727233919232	93
ARL1	400	-0.008578680555085755	-0.009484559908341692	25
ARL17A	51326	-0.004122868156758137	0.012803703757912076	4
ARL17B	100506084	-0.006541185229488438	0.0018230804093505061	4
ARL2	402	0.00015481976180360953	0.003598038434924643	1
ARL4D	379	-0.006815276637458381	0.00467192558724431	4
ARL8B	55207	-0.008284601738392345	-0.006913841189518493	42
ARMC5	79798	-0.006881522072086492	-0.0058220813951822045	100
ARMC6	93436	-0.011790841477065928	-0.0003186921241291005	27
ARMC7	79637	-0.017363110605168514	0.0016742444426388163	34
ARMC9	80210	-0.005199303155543944	-0.011302320174170566	122
ARMH1	339541	-0.0064199853381707314	-0.002990902130391839	33
ARMH3	79591	-0.00669855059877479	-0.006998866900004195	39
ARNTL2	56938	-0.006795398448252477	-0.0016514516852301157	33
ARPC2	10109	0.03912060911919901	0.01876744330687731	145
ARPC3	10094	0.03788793267955596	0.018168095567630892	145
ARPC4	10093	0.03941024175931049	0.019057783750748448	145
ARPC4-TTLL3	100526693	-0.009747720010896443	-0.007522033582887121	15
ARPP19	10776	-0.001865869359051084	0.0021544462263230067	3
ARSA	410	-0.011249690121373312	-0.006951118287300909	58
ARSB	411	-0.005949744504959791	-0.002053303637669143	67
ART5	116969	-0.005151234963541485	-0.0006605341411313246	73
ARVCF	421	-0.009434775001678327	-0.004380518737049008	51
ASB6	140459	0.001965303392730961	0.00725900174261348	135
ASCC3	10973	-0.006218213025628363	-0.005778542295223106	66
ASCL5	647219	-0.009407527436894141	-0.006142100609208274	94
ASF1A	25842	-0.0025562842049788436	-0.0010263156160404889	66
ASF1B	55723	-0.013051325167453895	-0.0020585075505506704	27
ASH1L	55870	-0.0049432622894276315	0.0012976357538914832	37
ASH2L	9070	-0.01226626228207128	-0.004813730582003273	53
ASL	435	-0.0012218100189477282	0.003789219617832361	120
ASNS	440	0.0013162338929598833	-0.003653433766846805	76
ASPM	259266	-0.01001688801897147	-0.007195158854042872	22
ASPSCR1	79058	-0.007235923322468048	-0.0012557050062906373	95
ASS1	445	-0.002956926704585128	0.006613843424450656	21
ASTN1	460	-0.005552490460844205	-0.003449054435533441	37
ATAD5	79915	0.00043001674296173757	0.01842872905848518	18
ATF1	466	-0.007943960181774649	0.004222410155196945	10
ATF4	468	0.0011815876199048172	0.005008447633836166	1
ATF5	22809	-0.011685227054658505	-0.00350157465110967	53
ATF7IP	55729	-0.006639682544897239	-0.0010107161909436951	8
ATG2A	23130	-0.006958833413247833	-0.003928959848284663	89
ATG4B	23192	-0.006873574572842347	-0.005750268027116514	79
ATG4D	84971	-0.011273863041942106	-0.0027738389222713316	7
ATG9A	79065	-0.005858700339867273	-0.007199798477547329	100
ATIC	471	-0.004602570435761085	-0.006484364492230987	52
ATL2	64225	-0.001061928214275205	-0.009199282133254707	128
ATMIN	23300	0.011213204550087048	-0.007694152596257809	6
ATP13A1	57130	-0.01289612224392485	-0.005993481438588696	106
ATP1A1	476	-0.0034928161767440345	0.0006586742137149817	39
ATP1A2	477	-0.003657601568204294	0.004240531477895334	80
ATP1B3	483	-0.006646478129075294	-0.0019444955801769602	54
ATP23	91419	-0.01056817176572026	-0.007116086518725244	146
ATP2A2	488	0.007383675505946014	0.0013243731612249243	105
ATP2B1	490	-0.010846587004515367	-0.0028180194416604376	48
ATP2B4	493	-0.010684359792751051	-0.009273934019042473	25
ATP2C1	27032	0.009744327240020962	0.0017667248454305321	105
ATP5F1A	498	0.0014952022645821266	0.006545168981440117	3
ATP5F1B	506	-0.001842555763508109	0.0033990075569973605	77
ATP5F1C	509	-0.005508774479944206	0.00027637892303917106	77
ATP5F1D	513	-0.011021472020525438	-0.0009270091099957219	7
ATP5F1E	514	-0.009502780680909144	-0.0030929732547387537	60
ATP5MC1	516	-0.0040086288325348685	0.01327006345449999	4
ATP5ME	521	-0.008418969711673389	-0.004723190770304841	77
ATP5MF	9551	0.007774922223008947	0.022456204118400443	102
ATP5MF-PTCD1	100526740	-0.006377399060819289	-0.002584073504466391	84
ATP5MG	10632	-0.008630170397694684	-0.005325102759781184	75
ATP5MGL	267020	-0.005405558384916711	-0.0012733557883208072	73
ATP5PB	515	-0.0016667070221476974	0.004933356867684506	99
ATP5PD	10476	-0.002484486376864571	0.0030922589054487204	113
ATP5PF	522	-0.009816555529252327	-0.004845860190099802	16
ATP5PO	539	-0.0057804494259696745	0.0018822534254553404	132
ATP6AP1	537	-0.008373990863659088	7.228192614299638e-05	63
ATP6AP2	10159	-0.0042166651050295515	0.002869136686204289	24
ATP6V0A1	535	-0.007097522431117618	0.006064757544008999	4
ATP6V0A2	23545	-0.009909350575016187	-0.009375430413968194	65
ATP6V0B	533	-0.007882338510674089	0.0017036051162852804	63
ATP6V0C	527	0.005144529039473815	0.00691301990722212	71
ATP6V0D1	9114	-0.008253522244747964	0.0014186091675348254	63
ATP6V0E1	8992	-0.006156248714782545	-0.0005189104828519364	78
ATP6V1A	523	-0.009583947549317622	-0.001199261774341798	90
ATP6V1B2	526	-0.007449844987477878	0.0018127864515365259	63
ATP6V1C1	528	-0.007814818419916677	0.0012606893302454928	63
ATP6V1D	51382	-0.006162367107398415	-0.0035662416277659013	110
ATP6V1E1	529	-0.007796096572602422	-0.003370871025145275	110
ATP6V1F	9296	-0.007782283539542058	-0.003170998908083361	54
ATP6V1G1	9550	-0.0058765899289129455	0.0011242473794631576	63
ATP6V1H	51606	-0.011854522026955056	-0.002662907639700053	7
ATP8B3	148229	-0.011268572247087962	-0.003254373926153885	7
ATPAF2	91647	-0.00969685482608206	-0.0019862023645682574	16
ATR	545	-0.012569474265877472	-0.007205086970758506	69
ATRIP	84126	-0.010699467688908905	-0.007144240396700256	98
ATRX	546	0.006143835021735676	0.003433156022545952	40
ATXN1	6310	-0.006885216415018211	-0.0009138162676631126	78
ATXN10	25814	-0.008186095353087638	-0.008011381673458585	42
ATXN2	6311	-0.010376560375294693	-0.008648299931692874	12
ATXN2L	11273	-0.0033472756147504092	0.00014842091135695894	1
ATXN7L1	222255	-0.0073337799950892076	-0.0032816909600472	87
ATXN7L3	56970	0.02062337455329691	0.007400932673466162	40
AUP1	550	-0.005289677587931661	-7.591249585683944e-05	73
AURKA	6790	-0.010371660540422033	-0.0077701321627027635	38
AURKAIP1	54998	-0.003379099309430263	0.003249494737750665	24
AURKB	9212	0.005040966168522328	0.024285087947636144	131
AXIN1	8312	-0.007147307619243934	0.0018699586465136962	92
AZIN1	51582	-0.0073305858467161795	-0.0022901661652114484	104
B3GAT3	26229	0.0012763863219867578	0.004527005039221368	3
B3GNT2	10678	-0.00934057705747335	-0.013371962447084305	25
B3GNT3	10331	-0.010992659164659285	-0.0002509538671596757	7
B3GNT4	79369	-0.004110431703550893	-0.006057589388772423	87
B4GALT3	8703	-0.0024677848568418945	0.0061981875156339235	37
B4GALT5	9334	-0.012762285660771592	-0.0112964806841125	30
BAG2	9532	-0.006296359796976975	-0.0048049355054808895	32
BAG6	7917	-0.002394316980733016	-0.002039041448809044	121
BAK1	578	-0.004513829808309172	-0.0006186887894856676	121
BANF1	8815	-9.946229159658838e-05	0.011033694920346431	20
BANP	54971	0.0212503543154138	-0.014993088667774357	129
BAP1	8314	0.006110810694627345	0.007255347403983334	40
BARD1	580	0.009737035061838043	0.03156079242350064	18
BASP1	10409	0.0069650674265975526	0.004615426189047849	40
BATF2	116071	-0.0012955126737613986	0.001973203868803027	1
BAZ1B	9031	-0.0030431246844825986	0.004120344502014597	21
BAZ2A	11176	-0.010117297449116757	-0.008477855891540712	22
BBS1	582	-0.0003266120608465201	-0.00019817913678980557	14
BBS9	27241	-0.004383605719585741	-0.0031076863175995076	36
BCAM	4059	-0.009948049193610472	-0.0036705908406175717	60
BCAN	63827	-0.0031217378685913792	0.0025091137956564174	37
BCAP31	10134	-0.00787952242203782	-0.006813351979153265	101
BCAR1	9564	0.03911839783298657	0.02008666819309921	70
BCAS2	10286	-0.005261355815003002	0.007517972822423885	49
BCAS3	54828	-0.008331680563326407	-0.0029771198223741834	96
BCCIP	56647	-0.008244360343202941	-0.007555485958777242	42
BCDIN3D	144233	-0.007327165048546504	-0.004643603858455835	68
BCL2	596	-0.011634335784730386	-0.01007296912088714	30
BCL2L1	598	-0.00992880864875699	-0.007090591662749142	94
BCL2L2	599	-0.006590322120768961	-0.00632995791953703	52
BCL9L	283149	-0.01205671408255829	-0.00747241427041401	56
BCLAF1	9774	-0.0052117145441973305	-0.005784498303555707	32
BCR	613	-0.010164403693917579	-0.005953896126770538	11
BCS1L	617	-0.0047964111440914284	-0.007309443388957874	79
BDP1	55814	0.014142290667147405	-0.012829789435816055	76
BECN1	8678	-0.0039030775475526035	0.012260101183509392	4
BEND3	57673	-0.004887667193235826	0.0010434692030829723	95
BET1	10282	-0.002999470752441675	-4.00795761586883e-05	115
BHLHA15	168620	-0.005518585530827176	-0.0009710498219791889	130
BHLHE22	27319	-0.01135837850583013	-0.003313749732122578	58
BICDL1	92558	-0.009716528163760322	-0.007364331793788372	81
BICDL2	146439	-0.0018014797499484514	0.010409407268318094	21
BICRA	29998	-0.009333938742882932	-0.006077121568150715	22
BIRC2	329	-0.010893571154423331	-0.00896859596674902	65
BIRC5	332	0.004691846320623304	0.024147298825926117	131
BIRC6	57448	-0.007510890903798466	-0.005297050146011179	124
BLM	641	-0.009533691474017402	-0.0014435316872817633	35
BLOC1S3	388552	-0.010552520224898183	-0.007097842009122204	88
BMS1	9790	0.03764846313545365	-0.015791824147930417	26
BNIP1	662	0.0009901166243541936	-0.00714674041872131	6
BOD1L1	259282	-0.007945902608373039	-0.0075279901703935205	100
BOLA2&BOLA2B	552900&654483	-0.009040168576707384	-0.006608365018333516	12
BOP1	23246	0.018570126216576638	-0.021413624416787323	117
BORA	79866	-0.008292828337523305	-0.0016347766541281521	51
BORCS5	118426	-0.006795557555624158	-0.0024040697887322848	59
BORCS7	119032	-0.0074373635393556944	-0.004290187320122101	101
BORCS8	729991	-0.010355081176376034	-0.0016902253666804302	112
BORCS8-MEF2B	4207	-0.012399454213582586	0.0005661839906329234	27
BPNT1	10380	-0.006513120625102799	3.529846389864465e-05	78
BPTF	2186	-0.0008519989021036193	-0.008441041013463749	45
BRAF	673	-0.010198243143540422	-0.007338591711693795	30
BRAP	8315	-0.0059690211359140835	-0.0016105267089525283	36
BRAT1	221927	-0.00634886454048467	-0.003143666232430246	67
BRCA1	672	0.004475287886287789	0.025126947390198953	5
BRCA2	675	-0.006727290679175475	-0.001327332674231458	78
BRD1	23774	-0.004350871316057586	-0.0016388615224389093	39
BRD2	6046	-0.001385039183453167	-0.003281222118011034	19
BRD4	23476	-0.008644149582063993	0.004862964470923222	10
BRD7	29117	-0.00740493073958527	-0.004300042242032254	126
BRD8	10902	0.0014315840508129702	0.0062865988394009914	71
BRD9	65980	-0.006295671825814821	0.001798407963112269	21
BRF1	2972	0.010124671296945813	-0.010136537753823902	45
BRF2	55290	-0.00839407957555195	0.012514358653057502	123
BRIP1	83990	-0.008071243408212744	-0.003313448737315674	96
BRIX1	55299	0.017820317143279963	-0.0214409199516673	117
BRK1	55845	0.022779142772348847	0.01097815061037172	145
BRMS1	25855	0.0018533062316164035	0.0051339163099279675	1
BRPF1	7862	-0.013878679460018724	-0.001731657341728271	69
BSCL2	26580	-0.0007934554693699747	0.003402025065030512	1
BSG	682	-0.00805578178599609	-0.0023434886111921255	59
BTAF1	9044	0.01763212326284732	0.008836147283584842	40
BTBD17	388419	-0.007230538234662708	-0.0025066302525386733	104
BTBD9	114781	0.021977011795080152	0.01395733684285029	93
BTF3	689	0.02538460236185123	0.02030646494414008	93
BTF3L4	91408	0.006133363531976001	0.01976454082985104	102
BUB1	699	0.0028215551064097316	0.011636458530832155	20
BUB1B	701	0.009867872746893202	0.026692433554404035	131
BUB3	9184	-0.008442429288229253	-0.006241393719014267	81
BUD13	84811	-0.005375581987167336	0.007251972689936111	155
BUD23	114049	0.07020566319571322	-0.0057702072726776455	143
BUD31	8896	0.0056291878689148835	0.038388068797147075	86
BYSL	705	0.0346451816637094	-0.013680611023765638	26
C11orf68	83638	0.0004510364316620874	0.002079219251667983	1
C12orf10	60314	-0.005655052866001702	6.0449474138582634e-05	47
C12orf45	121053	0.025965217265264618	-0.020348588255602935	134
C12orf49	79794	-0.0063393042401667255	-0.004604197375511272	17
C12orf56	115749	-0.005308269322898605	-0.0015446275246062413	55
C12orf65	91574	-0.0059049776846545245	-0.004087183013770835	17
C14orf93	60686	-0.004504236536402558	-0.004915842402308216	52
C15orf41	84529	-0.006422186922175518	-0.0021281925813925184	80
C16orf71	146562	-0.008209923822435876	-0.004345460338900052	11
C16orf72	29035	-0.006429519638359029	-0.0059832991391835875	119
C16orf86	388284	-0.008610810295268832	-0.004158055917632018	54
C16orf92	146378	-0.005884357677348241	-0.0017572769811790828	8
C17orf49	124944	-0.01209669443938622	-0.006443352813462399	53
C17orf50	146853	-0.01085253296347403	-0.006340171624652403	91
C17orf58	284018	-0.008211000281843597	-0.00034158059400449985	13
C17orf97	400566	-0.009296346370128876	-0.005347115032180814	48
C18orf21	83608	-0.00795906488019563	-0.006518170133259209	48
C18orf32	497661	-0.007969512146820566	-0.007530632864501377	15
C19orf25	148223	-0.008285042956911903	-0.006506876360345579	42
C19orf38	255809	-0.01141761620197551	0.0011898057910257754	27
C19orf53	28974	-0.0038506860173995305	-0.008010487532566026	29
C19orf54	284325	-0.010064187697528558	-0.006941880335737301	88
C19orf67	646457	-0.011907423697235742	-0.0034386649366554755	7
C19orf84	147646	-0.008846749264737726	-0.0047445016276957625	94
C1D	10438	-0.0036117491919582883	0.0001726576414332365	115
C1QBP	708	-0.009921889380157747	-0.004080963753716585	16
C1QTNF1	114897	-0.007222591249360674	-0.0025991203310691754	104
C1QTNF4	114900	0.003642208327051465	0.008720271097827862	3
C1orf100	200159	-0.008685401626591926	-0.006493851187882069	88
C1orf109	54955	-0.007878087051411716	-0.006191407421430079	81
C1orf127	148345	-0.008169886037529972	-0.005354555716218741	15
C1orf131	128061	0.04489556547387461	-0.013206430551498003	26
C1orf74	148304	-0.006226103144573765	-0.0003393901223207444	78
C2orf27A	29798	0.004185158241591829	0.016606087364964307	20
C2orf27B	408029	0.022024732360059616	0.03360545742559803	41
C2orf50	130813	-0.008517141760628765	-0.006347049957255576	126
C2orf68	388969	-0.008747167565064322	-0.0060227527012858256	48
C3orf36	80111	-0.005208618060601178	0.002706220298708516	9
C3orf38	285237	-0.009647791164813516	-0.009548751079942934	65
C4A	720	-0.006716514176791248	-0.0073095788250572705	74
C4orf19	55286	-0.008759589150377068	-0.005529276026546597	48
C4orf46	201725	-0.007532627471218314	-0.005720423486320507	11
C5orf30	90355	-0.0091346335312267	-0.00728361816496209	15
C6orf132	647024	-0.006296773583466926	-0.0061991649179145205	32
C6orf15	29113	-0.0053950143436197915	-0.005094630781854794	32
C7orf26	79034	-0.0020410900354938437	-0.008024706097834063	29
C7orf50	84310	-0.006992424626812514	-0.003998029387441723	33
C8orf33	65265	-0.002718512974811435	0.00834866707812061	21
C9orf129	445577	-0.004846798003784712	-0.004086493120286274	17
C9orf16	79095	0.0023993060876792214	0.008265192910425517	135
C9orf163	158055	-0.008827631654186237	-0.007047951446797866	110
C9orf78	51759	-0.00352198865549188	0.0041565811832837635	24
CA5A	763	-0.0022362018827497944	0.008002681982915242	8
CA7	766	-0.0024924204928494283	0.006507366338869591	31
CAB39	51719	-0.010017026999358785	-0.00461414333756328	60
CABIN1	23523	0.003675877764572173	0.0010384667774545838	71
CABP4	57010	0.003734134223261929	0.007296563574783622	3
CACNA1A	773	-0.012462032809837827	-0.000997113837813816	27
CACNA1G	8913	-0.007377928330915839	-0.002669194739042849	144
CACNA1S	779	-0.0054041696495294375	0.0012261907222715059	21
CACNB3	784	-0.004037135493512199	0.006395177902488632	9
CACTIN	58509	-0.007198378399130139	0.00810273023444602	49
CACUL1	143384	-0.007613298719069927	-0.010206461335697503	25
CAD	790	-0.001423660369746707	0.006013013225316029	120
CADM4	199731	-0.006547653565317833	-0.0031999490220709637	36
CALCB	797	-0.00748393262804598	-0.003562500946802853	36
CALCOCO1	57658	-0.004483455343546051	0.007151125381700448	9
CALD1	800	-0.010365551016103834	-0.008884408229094198	12
CALM3	808	-0.009783682898514468	-0.007775585532874061	12
CAMKK2	10645	-0.006660256348421305	-0.0015577670132197747	116
CAMLG	819	-0.003970862360258358	-0.007423587626221536	29
CAND1	55832	0.005900415766464476	0.011066297846813879	93
CAP1	10487	0.0014575944143995516	0.00920015142666215	21
CAPN9	10753	-0.008901870684224343	-0.00566510905771078	15
CAPRIN1	4076	0.0022063102093147903	0.008446455860756288	3
CAPS	828	-0.0072777468995964	-0.0017251468749464908	103
CAPZB	832	0.03184387509895304	0.02642093768855304	93
CARD10	29775	-0.006555309471466265	-0.00577699449904935	118
CARM1	10498	-0.005351154869936329	-0.003570853240331529	63
CARNMT1	138199	-0.0075076038190468875	-0.0046922525910430375	110
CARNS1	57571	0.0024599461860422707	0.005030526939118951	1
CARS1	833	-0.005213700669278588	-0.00125146687178287	130
CARS2	79587	-0.007578565628930273	-0.004390505745796651	133
CASC3	22794	-0.0018128723558698588	-0.0016073436501473145	129
CAST	831	-0.007914251474683519	-0.005399661266846725	33
CASTOR2	729438	0.0012645297604058166	0.008250348214204718	135
CASTOR3	352954	-0.007351941277462302	-0.005708831906255523	81
CASZ1	54897	-0.006524392240196389	-0.0023840135246763357	84
CBFA2T3	863	-0.005735023727617036	-0.0010296463351918	33
CBFB	865	-0.009555660575555321	-0.005928613193073279	11
CBLB	868	-0.007677547089872957	-0.005067642691666452	59
CBLL1	79872	0.004488074536681393	-0.010484198709873141	45
CBLN1	869	-0.007364361766476226	-0.0036917419885822496	110
CBWD1	55871	0.010836456624832388	0.022884648215713205	41
CBWD2	150472	0.009122228145060158	0.020268340738435132	41
CBWD3	445571	0.012872861514970519	0.025632516286190277	41
CBWD5	220869	-0.000841186701141761	0.0030009027162257447	71
CBWD6	644019	0.0030563060266159295	0.005654887337442986	3
CBX1	10951	-0.004037370670767293	0.0011856005050767545	116
CCAR1	55749	-0.008082124934418377	-0.0018507576259159141	35
CCAR2	57805	-0.00796921866991786	-0.004015167044863441	85
CCDC106	29903	-0.009554002664951166	-0.007024343820650507	124
CCDC107	203260	0.0033758163413253714	0.0026526538628237556	1
CCDC114	93233	-0.010549066265267935	-0.007015494945785058	88
CCDC115	84317	-0.0037331913207427946	-4.357292219826633e-05	73
CCDC116	164592	-0.009831563569686754	-0.005058293850282525	60
CCDC12	151903	-0.005507108487250348	-0.00020274387174126687	84
CCDC130	81576	-0.01240052492770384	0.0005890135314615328	27
CCDC137	339230	-0.008297839490703916	-0.0016237894037088008	72
CCDC144A	9720	-0.00786055575056045	0.005502738679573335	16
CCDC144NL	339184	-0.006920110378497206	0.007753397002815268	16
CCDC157	550631	-0.008123044983744552	-0.0037998942420610533	51
CCDC174	51244	-0.011080432649787407	0.0014319329155669976	27
CCDC180	100499483	-0.006536775705365553	-0.0030624850474094485	36
CCDC184	387856	-0.001984046465429012	0.011536032987290135	9
CCDC22	28952	-0.008821612721924327	-0.009050928564846501	25
CCDC27	148870	-0.007429847986385699	-0.005568776108346745	42
CCDC30	728621	-0.009391366383409127	-0.007568514549442387	42
CCDC36	339834	-0.004852956164684797	-0.0008525892677315627	141
CCDC43	124808	-0.007206059905603281	-0.0007772547430824478	95
CCDC47	57003	-0.008607921005835354	-0.004315667783585239	51
CCDC51	79714	0.010814790310764402	-0.003940540229487371	43
CCDC58	131076	-0.0065375898496674665	0.00019788413564997986	9
CCDC59	29080	0.006008344555898982	-0.0062228399719801075	76
CCDC6	8030	-0.006389603619676536	-0.0032380869892369066	109
CCDC61	729440	-0.011220157593217192	-0.010433131419400273	64
CCDC71L	168455	-0.012933191731363099	-0.012396149753732825	147
CCDC74B	91409	0.0014209016791644042	0.010033839860357838	20
CCDC78	124093	-0.0017798033071059394	0.0005403731898016603	139
CCDC84	338657	-0.005120661719993961	-0.00851188550644312	45
CCDC85B	11007	-0.006540344880459777	-0.0028961290287769174	36
CCDC86	79080	-5.047922727532001e-05	0.002693270145526338	1
CCDC96	257236	-0.010790205384112695	-0.010052854395044015	65
CCER1	196477	-0.006182837247639281	-0.0011015944489827663	84
CCER2	643669	-0.009541738636550416	-0.007253298392774346	88
CCNA2	890	0.01699562916677028	0.023717893587655414	40
CCNB1	891	-0.003845507633943275	-0.0013475651946560517	57
CCNC	892	-0.0062396655515150196	-0.008801586349094006	29
CCND1	595	-0.006751694579538166	-0.0037279686441122383	36
CCND2	894	-0.007322041389129119	-0.004293692322871268	59
CCND3	896	-0.005877512030721955	-0.004665783675882236	32
CCNF	899	0.007580584634507953	0.0061392368169973805	40
CCNH	902	-0.013689904673610061	-0.0030669048594930094	69
CCNK	8812	-0.011979956221497962	-0.0017618891658330894	34
CCNL1	57018	-0.010697109689118058	0.0060361525574373085	10
CCNL2	81669	-0.005091678526671489	0.003038175048086779	132
CCNT1	904	-0.004605283165230286	0.00934688973781584	9
CCP110	9738	-0.006494145010271514	-0.0073583215687701795	100
CCR10	2826	-0.005858337581567053	-0.002205808790885133	109
CCS	9973	0.002684012092031055	0.004430441887964701	1
CCT2	10576	0.05955736227312714	0.02863917323830937	153
CCT3	7203	0.05846764362067915	0.027507582288093243	153
CCT4	10575	0.057961741032616254	0.026982240458753304	153
CCT5	22948	0.05955736227312714	0.02863917323830937	153
CCT6A	908	0.05887248176993506	0.02792797629068383	153
CCT7	10574	0.05922750257822571	0.028296638727449166	153
CCT8	10694	0.05955736227312714	0.02863917323830937	153
CD101	9398	0.0021030504999004973	0.01313212048298287	23
CD164	8763	-0.010299474758319273	-0.010145794035016774	65
CD19	930	-0.007301585957403597	-0.0032614412741376535	8
CD1D	912	-0.002001466282292726	-0.00023932790099904323	37
CD22	933	-0.0077442502493654105	-0.004207090674020293	36
CD27	939	-0.005638059874084944	-0.0002369876506611352	55
CD276	80381	-0.010919537232294406	-0.002293405304719801	35
CD2BP2	10421	-0.00812389527477814	-0.0055802150581838236	126
CD3EAP	10849	0.019959349692268823	-0.019976973139656608	134
CD5	921	0.001342337168632972	0.006662624168919599	3
CD81	975	-0.007785870465272023	-0.004308606021870252	88
CD8A	925	-0.0016377495434391793	0.00312702946242225	20
CD8B	926	0.009863963516007547	0.023737090139297354	41
CDAN1	146059	-0.0029878326391498647	-0.001347587132632353	111
CDC123	8872	-0.0035047993139844147	-0.0006321012539215198	109
CDC16	8881	0.006035940829115151	0.007780339986225396	97
CDC20	991	-0.008390551206232388	-0.007628997175857008	25
CDC23	8697	0.0046150574394966636	0.007515549380569409	97
CDC25A	993	-0.008103259194315416	-0.004721529086409783	11
CDC25B	994	-0.008388966730564384	-0.0046787054492741995	133
CDC25C	995	-0.007166673488232633	-0.0020026728974112265	95
CDC26	246184	-0.0012077454379176148	0.004909770047778331	73
CDC27	996	0.020776349482478043	0.03416277345830227	41
CDC34	997	-0.009786516715583584	-0.004799299042192607	7
CDC37	11140	-0.00709584392685205	-0.004260381753771766	34
CDC40	51362	0.005272694173929667	0.035784668786926585	86
CDC42	998	0.028331088276590668	0.006338415604041199	105
CDC42EP2	10435	0.004118034810450757	0.007122623266657471	3
CDC42EP4	23580	0.0029254431446106483	0.0020051969613262403	14
CDC42SE1	56882	-0.0036332459853612715	0.0019023112808671861	80
CDC45	8318	0.018119660341436018	0.05167014314999433	18
CDC5L	988	-0.007046197496228145	0.02672158596809343	107
CDC6	990	0.012330258172810993	0.04093815407503202	18
CDC7	8317	0.01570965135562226	0.04741138116609149	18
CDC73	79577	-0.002079685579301719	0.007582252315361951	63
CDCA3	83461	-0.0012579324193982965	-0.006833654477239502	19
CDCA4	55038	-0.0108611046141956	-0.00866667585811336	124
CDCA5	113130	-0.0021105072519935516	0.002478629795807593	132
CDCA8	55143	0.005030034119217575	0.024335046912094354	131
CDH15	1013	-0.0024288430683470576	0.002940595708339124	31
CDH24	64403	-0.004692694836582896	-0.0061266545688504264	52
CDH5	1003	-0.007077260045568049	-0.005458898113920915	110
CDIPT	10423	-0.006246815706959508	-0.0039924239475140726	8
CDK1	983	0.003882477285075909	0.007825330825406639	135
CDK10	8558	-0.002326696375767186	0.00695558821199071	31
CDK11A	728642	-0.007910692284812141	-0.0006196387585714015	95
CDK12	51755	-0.0007792186489493754	-0.002593382423128691	121
CDK13	8621	-0.0014613738901083973	-0.007837017259225183	29
CDK2	1017	-0.011026457133096388	0.0036018570414319364	10
CDK2AP2	10263	-0.0023070831174530552	-0.00056927603452195	1
CDK4	1019	-0.0049669630487395285	-0.0018962357956792727	89
CDK5RAP2	55755	-0.0018005511243911602	-0.002078456805658575	111
CDK6	1021	-0.007365159246990026	-0.0037132977763994646	87
CDK7	1022	-0.014889763650467073	-0.0006517924237834042	34
CDK8	1024	-0.004882403911681425	-0.009817417425897843	29
CDK9	1025	-0.006068175426497231	0.00889252304634716	28
CDKL2	8999	-0.003519571888845563	-0.0077783687317081384	79
CDKN2AIP	55602	5.860243040362685e-06	-0.0011107810961225504	31
CDKN2AIPNL	91368	-0.008347798381806892	-0.003383258489122162	72
CDR2L	30850	-0.00477608747915893	0.0030681474552910286	80
CDS2	8760	-0.008044220510382982	-0.0031250373087418973	72
CDT1	81620	-0.001613196191784025	0.009367226705112133	99
CDV3	55573	-0.004573193803674635	-0.009046342898853236	45
CDYL	9425	-0.003395032403043992	-0.0017325519491723411	66
CEACAM5	1048	-0.010769004451838723	-0.008923289308572264	30
CEACAM6	4680	-0.009876791487485291	-0.006264016819156305	88
CEBPA	1050	-0.010114888294651896	-0.0060339429094159935	96
CEBPB	1051	-0.003910511150019735	0.005587597079299284	97
CEBPD	1052	-0.009631383236270987	-0.009075451628763635	25
CEBPE	1053	-0.00848080472372851	-0.005450618384959713	85
CEBPZ	10153	0.06141925810108073	-0.03973479142727794	46
CELF1	10658	-0.01144270168687319	-0.0005859592375940119	48
CELF6	60677	-0.008613899930265647	-0.0018191329581998652	35
CENPA	1058	-0.00020583891161296281	0.010254588423928814	20
CENPC	1060	-0.0004935124100872648	0.01028270009602638	97
CENPE	1062	0.0062931226923136525	-0.011668916540574942	122
CENPF	1063	-0.008750939139339085	-0.007116194832094187	126
CENPH	64946	-0.0034069837905344397	0.008692994314615598	97
CENPI	2491	-0.0048671072872868764	-0.0005957733655414213	57
CENPJ	55835	-0.004641835595664072	-0.010938970116501428	29
CENPK	64105	-0.0026293002818604193	0.009847078174797071	97
CENPL	91687	-0.002883116151644487	0.006966716507686487	97
CENPM	79019	-0.003302247330689036	0.007649258281184293	97
CENPN	55839	-0.004427104147067035	0.009735469162645147	97
CENPO	79172	-0.007790688832596752	-0.00639146120154707	22
CENPP	401541	-0.0067774617932558545	-0.007426857298697996	146
CENPT	80152	-0.0077133070503312695	-0.002811149908142644	51
CENPV	201161	-0.010732462664994506	-0.002753802688667875	16
CENPW	387103	0.0027524018525095363	0.008026194813446392	97
CENPX	201254	-0.006688954633487254	0.0006095080548571986	95
CEP131	22994	-0.0047801554562258795	0.002080306975603982	73
CEP135	9662	0.0017657886407168337	-0.009555246902686382	122
CEP152	22995	-0.010088589444287893	-0.00035857996911704224	35
CEP164	22897	-0.004897131181397664	-0.003654227131548342	52
CEP192	55125	-0.008482131514085481	-0.0012890002816155145	35
CEP295	85459	-0.0005794252024897696	-0.0019362557460067206	111
CEP350	9857	0.003329343883192458	-0.007980797634040486	6
CEP55	55165	-0.002484367519439208	0.007897251125752682	131
CEP57	9702	-0.004655219548762373	-0.0022557632181302964	104
CEP63	80254	-0.008169851958156627	-0.0016932137132743062	35
CEP68	23177	-0.004999823281199136	-0.0006244795038367135	57
CEP85	64793	-0.00263258744857592	0.006646903039328907	20
CEP97	79598	-0.004168597528175595	0.0015635602923298414	141
CEPT1	10390	-0.006064186212125827	0.002232659747694221	21
CERCAM	51148	-0.00413918140972775	0.001460439765695014	73
CERS2	29956	-0.007063360220702568	-0.0029832360058499627	78
CERT1	10087	-0.009951146917182092	-0.006272010617032799	11
CES2	8824	-0.00690876872548032	-0.0044013109269737125	110
CFAP20	29105	-0.006665557432133499	-0.005977753119717762	101
CFAP298	56683	-0.01221224627401783	-0.0062954132870769244	56
CFAP410	755	-0.01032953376475651	-0.007214852874814408	22
CFAP97D1	284067	-0.007142066084103396	0.0015644110066204702	4
CFB	629	-0.005953591952327715	-0.004724677400757088	32
CFC1	55997	0.00046900214961871574	0.006353267071057569	20
CFC1B	653275	-0.0043349292669190975	0.0015286135124773417	20
CFDP1	10428	-0.005939131809135145	-0.0004083056600614152	59
CFL1	1072	0.007677867146949588	0.012649271121353715	93
CFLAR	8837	-0.005471692458280382	-0.006455145422430744	52
CGB2	114336	-0.008811723150477608	-0.007622799564264099	88
CGB3	1082	-0.00860968027099644	-0.008140917161850673	88
CGB5&CGB8	93659&94115	-0.010712701585028437	-0.0059953964435209	58
CHAF1A	10036	0.0110629693310297	0.03638581473965512	18
CHAF1B	8208	0.006123629874888159	0.029058234584521867	18
CHAMP1	283489	-0.010814968415697998	-0.0064420948782655165	56
CHCHD1	118487	-0.0006116922498436298	0.0016779119812255305	1
CHCHD2	51142	-0.002627977950852509	0.003304858804123205	80
CHCHD3	54927	-0.005595376711266459	0.0016280150161858927	78
CHCHD4	131474	-0.007581761623081404	-0.004051108489470443	47
CHCHD5	84269	-0.0032092886912243085	-0.0006718354192238678	52
CHD1	1105	0.003893512824498773	-0.0007129735646692861	105
CHD2	1106	-0.011012269950000372	-0.003460208459192828	82
CHD4	1108	0.008893389964132553	0.013827012641078266	102
CHD8	57680	0.025410743689101754	0.008254080019622441	150
CHEK1	1111	0.01917113457444787	0.025388566202667016	41
CHERP	10523	-0.0017636311666704304	0.009245492702007757	40
CHGA	1113	-0.005605420358013704	-0.0022105286270653634	125
CHGB	1114	-0.010015854226554958	-0.004888216826520968	58
CHKA	1119	-0.002154228943657272	0.0009647541104450026	1
CHM	1121	-0.006600361812314181	-0.007031180639586689	118
CHMP1A	5119	-0.00047150524917983247	0.009801344437341028	31
CHMP2A	27243	-0.007995874315839927	0.008455163285757612	49
CHMP3	51652	-0.005619590907693092	-0.005646340622632642	32
CHMP4B	128866	-0.008907681966231169	-0.003694523805720512	35
CHMP4C	92421	-0.00876738232183102	-0.006702580086021986	15
CHMP5	51510	-0.009566386979186702	0.0009286695035202649	114
CHMP6	79643	0.0035579840348949907	0.00484560774325077	71
CHMP7	91782	-0.010662984746297037	-0.003236921547483895	91
CHORDC1	26973	0.001913645447893862	0.004583089295145694	115
CHP1	11261	-0.003948956710145418	-0.0024555961479431204	61
CHRD	8646	-0.00984697469584705	-0.009708040881865623	65
CHRDL2	25884	0.0022348214150100768	0.004803725541866202	3
CHRNA10	57053	-0.0010767525436203558	-0.0017550322755455201	111
CHRND	1144	-0.00834113535931219	-0.007309645758624959	36
CHRNG	1146	-0.008015593714183453	-0.007303845125258773	74
CHST4	10164	-0.0017240812642967866	0.0062605598983913515	24
CHST8	64377	-0.011242580820574045	-0.006109800983463686	7
CHTF18	63922	-0.00469647144148404	0.001753297148494868	73
CHTF8	54921	-0.004129301946353027	0.00046084581954381105	99
CHTOP	26097	0.0005870727420324753	-0.008908932368525089	45
CIAO1	9391	-0.004155201249217153	-0.001612670475802147	57
CIAO2A	84191	-0.009379089103147708	-0.0008324790262083945	35
CIAO2B	51647	-0.002039666250754104	0.0051837454162087055	31
CIAO3	64428	-0.0011763137218901401	0.009226421855295219	120
CIAPIN1	57019	-0.005729223855361542	0.0016817544564160273	21
CIB2	10518	-0.008822447649518844	-0.002098010814940481	35
CINP	51550	-0.006066726404221051	-0.00576972097965706	66
CIP2A	57650	0.00467779163542535	0.018595719948216648	5
CIR1	9541	-0.0035683470353492248	-0.001732998258583724	52
CIT	11113	-0.00739946416130877	0.002549689722768379	131
CITED2	10370	-0.010455743834399794	-0.009120507338512029	65
CIZ1	25792	-0.0028988604408596665	0.0021281141634721798	142
CKAP2	26586	-0.011681079814452261	-0.005779069727460267	82
CKAP2L	150468	0.002598631912595281	-0.004222081936597393	14
CKAP5	9793	0.000986075257333803	0.0010929748123195725	71
CKS1B	1163	-0.008449569040037994	0.006038863239456918	44
CLASRP	11129	-0.007310003967358447	-0.005535406202130818	75
CLCC1	23155	0.0020503468403670947	0.013544878867853476	23
CLDN19	149461	-0.004740965051397954	-0.0027286399016351287	17
CLDN6	9074	-0.0023067635828252085	0.008256971579771354	31
CLEC11A	6320	-0.012063752459471654	-0.007341147434057406	53
CLEC18C	283971	-0.00572708535657941	-0.0011961389442109566	57
CLEC3B	7123	-0.004779134270138646	-0.0006091387611199372	78
CLK2	1196	0.003739188402146011	0.01851951109993401	5
CLK3	1198	-0.007344486689320498	-0.0038884012851556	47
CLNS1A	1207	-0.01140393630355549	0.0019309238511484414	10
CLP1	10978	0.00677629558583974	0.010839953561880125	40
CLPB	81570	-0.007024746521429728	-0.004277910219551953	104
CLPP	8192	-0.01116438114400405	-0.010817163461942248	65
CLPS	1208	-0.005441132804419508	-0.0031772659894010536	32
CLPTM1	1209	-0.011563143172715151	-0.008037620677370641	38
CLPX	10845	-0.00701573220780158	-0.0017824317217914993	77
CLSPN	63967	0.009218929352273643	0.03341061833513751	18
CLTB	1212	-0.008219009510659117	-0.005286715950795808	33
CLTC	1213	-0.007881639252206297	0.008581995790782357	97
CLUH	23277	-0.006812711845291389	0.0030449894817903863	114
CMIP	80790	-0.003349688629073296	-0.00039016419581884424	31
CMPK1	51727	-0.006010947675228181	-0.007237977983924149	19
CMPK2	129607	-0.0071058418330369666	-0.0017320773915951411	54
CMTR1	23070	-0.0064421897598743415	-0.0014634591647061173	72
CMTR2	55783	-0.011204681357350471	-0.01009356979018281	12
CMYA5	202333	-0.008699476778041622	-0.007449699096677116	61
CNEP1R1	255919	-0.009586577020734958	0.002702693096509168	10
CNIH4	29097	-0.007015551724252243	-0.007812777432617336	42
CNN2	1265	-0.009720916069592097	-0.0024510926706131954	103
CNNM3	26505	-0.005817781366731405	-0.004881141959686542	66
CNNM4	26504	-0.0014866892612108425	0.0022017419906036058	113
CNOT1	23019	0.0029906856266034313	0.011725219425224203	155
CNOT10	25904	0.0008996592591309577	0.01162374849712261	155
CNOT11	55571	0.0009950174759384546	0.011638538604409271	155
CNOT2	4848	0.005272334478250907	0.01176998503474832	93
CNOT3	4849	0.010930488685278069	0.013114478638506587	93
CNOT4	4850	-0.0009028940900194499	0.004354284685725239	39
CNOT9	9125	0.007872497565237327	-0.005950602135234401	43
CNP	1267	-0.004434439206989041	0.00958195053867858	4
CNPY2	10330	-0.005224695128881112	-0.0023461326166533685	111
CNTNAP1	8506	-0.0055170990209180175	0.010365716554370996	4
CNTROB	116840	-0.006790511472622206	0.0024838009285929113	16
COA3	28958	-0.008532320180457652	-0.002017419187691587	91
COA4	51287	0.003976175314101446	0.004067042707849735	1
COA5	493753	-0.0004594385411501994	0.0023575381996096168	1
COA6	388753	-0.009739885661298579	-0.0042189985549496295	58
COA7	65260	-0.004851848626086885	-0.0027670869490801398	17
COASY	80347	-0.01177657770184785	-0.0074476852808967875	146
COG1	9382	-0.000987617436746096	-0.007964142134344779	45
COG2	22796	0.001340594068915016	-0.00950449961151222	6
COG3	83548	0.0032037270639871888	-0.008909241709493818	6
COG4	25839	0.002489638908100861	-0.009650710043081602	6
COG5	10466	-0.0014124325811614665	-0.008993843815018122	29
COG6	57511	-0.0037213580317618563	-0.008104777353590036	29
COG7	91949	1.619069019135389e-05	-0.009047809082245197	29
COG8	84342	0.005647372369287657	-0.007242618443408982	6
COIL	8161	-0.0029143689714432263	0.002990709260814263	139
COL11A2	1302	-0.006060976103408955	-0.003310965192055656	133
COL17A1	1308	-0.008251736019948601	-0.0059400492693478125	33
COL2A1	1280	-0.006860380161663665	-0.0004559636635230611	9
COL5A3	50509	-0.010605075629096633	-0.001056698111099754	103
COL7A1	1294	-0.009834908652427794	-0.005504797345925034	11
COMMD4	54939	-0.009951436130595294	0.0015345825527351737	10
COMMD5	28991	-0.004455170976099739	0.006151004411875536	21
COMMD8	54951	-0.008025679398833661	-0.007030091215231717	94
COMT	1312	-0.0070822721120631805	-0.004366065309275957	101
COP1	64326	0.029850192516645113	0.013869016894099638	70
COPA	1314	0.028506420558620012	0.005238592229655727	105
COPB1	1315	0.026947141820560957	0.004305451165161379	105
COPB2	9276	0.02755986259966535	0.004635601854756872	105
COPE	11316	-0.011269316997823233	-0.004565939627460857	7
COPG1	22820	0.024896066780059973	0.0035395662842431065	105
COPS2	9318	0.025863326180683266	0.0109358856370772	150
COPS3	8533	0.02542135409000345	0.011137319894420437	150
COPS4	51138	0.025860590668094825	0.010462746968108817	150
COPS5	10987	0.02547413868688101	0.011405043005900738	150
COPS6	10980	0.0250868463500097	0.0106535192269789	150
COPS8	10920	0.0216373056432896	0.009035023891177055	150
COPS9	150678	-0.008773361864625143	-0.006887508010201593	94
COPZ1	22818	0.026375900311215558	0.004348572463493815	105
COQ2	27235	-0.009058463163844033	-0.010232262234722449	108
COQ3	51805	-0.0080258591629362	-0.007946070391791021	74
COQ4	51117	0.0013586014614619182	0.0042001821666273614	3
COQ5	84274	-0.006804585056655115	-0.005311556272253938	124
COQ6	51004	-0.007397522593548154	-0.0035839440060940124	47
COQ7	10229	-0.006191788465123867	-0.001146185311086385	8
CORO6	84940	-0.009085937578634686	-0.0025990307896572116	51
COX10	1352	-0.009889136326157278	-0.004484248745972543	48
COX11	1353	-0.004239852050969737	-0.0009486362506033191	148
COX14	84987	-0.0025940893944477587	0.01077906031838459	9
COX15	1355	-0.0060167486181347245	-0.0026636631672018085	109
COX16	51241	-0.005985949881124602	-0.0053023030516080915	119
COX17	10063	-0.008410782360026105	-0.004004725351782025	47
COX18	285521	-0.007381536093974976	-0.006430492448979848	119
COX19	90639	-0.00793048309750813	-0.005428263488909356	33
COX20	116228	-0.0076554052976495635	-0.00333258325037571	87
COX4I1	1327	-0.008150648212082523	-0.0052108108528408775	109
COX4I2	84701	-0.008995982389724624	-0.0073443011534522285	101
COX5A	9377	-0.0110561969397166	-0.00452867976611119	58
COX5B	1329	-0.0039612308307025	0.0005488810303226913	113
COX6A1	1337	-0.0095348038093489	-0.004913204174898163	48
COX6B1	1340	-0.0071901250117481445	-0.003334528170398419	83
COX6C	1345	-0.010345796412550689	-0.007784070967029533	83
COX7B	1349	0.0025267426519969445	0.013734918260549726	23
COX7C	1350	-0.003092006792057535	0.004173814206307328	24
CPAMD8	27151	-0.012105046834561494	-0.0007385891489502449	27
CPD	1362	-0.008488253228062145	-0.005718365257831262	91
CPEB1	64506	-0.009693280960785113	-0.0031525151891848035	35
CPEB2	132864	-0.009322162798460721	-0.009417851798729065	108
CPEB3	22849	-0.0052557201955696605	-0.002967310941124418	109
CPNE7	27132	-0.003488985384594006	0.0030091853322708425	31
CPOX	1371	-0.00922421027272552	-0.010671733641374071	61
CPSF1	29894	-0.005941522515726267	0.005634985456445835	10
CPSF2	53981	-0.009814321165015821	0.00431697026871875	10
CPSF3	51692	-0.010108872643376624	0.0036198172212948128	10
CPSF4	10898	0.004661343135208916	-0.009424876802379436	45
CPSF6	11052	-0.01093613796303758	0.006032400220787728	10
CPSF7	79869	-3.342943725049812e-05	0.008595902209191012	4
CPT1A	1374	-0.004839610816897139	-0.0017228836825401428	1
CR1L	1379	-0.009416032395327846	-0.007247151096544726	12
CRACD	57482	-0.0014549030806785183	-0.007160997827632343	79
CRAMP1	57585	-0.0054997715860706795	0.004395972221533507	21
CRCP	27297	-0.00413051310802366	-0.004400957841830553	87
CREB3L4	148327	-0.0035221514794743533	-0.0009090135855873553	37
CREB5	9586	-0.0067500782754831975	-0.004996243571880426	42
CREBBP	1387	-0.005277362003031414	-0.0023300764923326147	8
CRELD1	78987	-0.008985017126997919	-0.005587563678877159	11
CRIPT	9419	-0.007215599741884195	-0.0012122499734020685	13
CRK	1398	0.002727271624351093	0.004496307477371813	71
CRKL	1399	0.04100801435673854	0.021179164270465012	70
CRLF1	9244	-0.013116557581093138	-0.0016646821681439007	27
CRLS1	54675	-0.007472837745686802	-0.0050178688676378895	59
CRNKL1	51340	0.005047687612929043	0.042125215482997136	86
CROCC	9696	-0.0071408893915708895	-0.005190878935778905	124
CRTC1	23373	-0.012632941814168613	-0.0016186841588022801	7
CRX	1406	-0.011394540981864206	-0.009873236435329986	38
CRYBB3	1417	-0.00757169409481036	-0.005919136879374243	101
CRYGB	1419	-0.005909099747040575	-0.00511100168840318	79
CRYGC	1420	-0.0016491148437282833	-0.0017334080545985547	14
CS	1431	0.0032406307414724876	0.011346399617924689	93
CSDE1	7812	0.010697994500909948	0.0007831120805526816	14
CSE1L	1434	0.040516175001351795	0.021698133458793314	70
CSF2RB	1439	-0.011369542273778038	-0.009027131432088614	22
CSH2	1443	-0.005287750371040755	-0.0033088282939739695	37
CSMD2	114784	-0.00545019179832091	-0.003553531205332251	17
CSNK1A1	1452	0.015257602414971646	-0.004432901327888175	71
CSNK1D	1453	-0.002043400435221683	-0.0019995856648854426	148
CSNK2A1	1457	0.006352624792443013	-0.007073595534504839	138
CSNK2A3	283106	0.0036865686064951404	0.0042284125352917935	23
CSNK2B	1460	0.008769134802352153	-0.01175180090815129	138
CSPG4	1464	-0.008208575748805283	-0.0033094759290189404	35
CSPG5	10675	-0.0075407699571531485	-0.005034813388557458	67
CSRNP1	64651	-0.012128757376730808	-0.005023164193082527	82
CST6	1474	0.003035231243933019	0.008358730384151863	3
CSTF1	1477	0.003351006919758091	-0.009683493039132837	45
CSTF2	1478	-0.0062179035922549164	-0.005138588775591459	39
CSTF3	1479	0.004591406958883216	-0.00936907491457509	45
CT45A7	101060211	-0.007953353065292348	-0.007402805899834386	74
CTAGE1	64693	-0.010922388282132536	-0.009332981413644689	22
CTAGE4	100128553	-0.006273064033253627	-0.00021030732584605046	84
CTAGE9	643854	-0.0057004228876397275	0.0009136475219854102	116
CTBP2	1488	0.002126343542248935	0.005696007968213273	3
CTC1	80169	-0.00920068409942879	-0.0024313338260664613	16
CTCF	10664	0.0037627021717747933	0.0003274693203289225	8
CTDNEP1	23399	-0.006504831189041384	0.007228527834148137	10
CTDP1	9150	-0.01574665880017624	0.010958450816521612	28
CTDSP1	58190	-0.002207831256387055	-0.005949043827870464	14
CTDSP2	10106	-0.003084832958010998	0.003072299518392312	24
CTDSPL2	51496	0.005390770672517621	-0.004986291773643069	140
CTNNB1	1499	-0.010022298423876115	-0.008047312483182191	75
CTNNBL1	56259	-0.0029601530006596213	0.01113684335688292	155
CTPS1	1503	-0.003952985250462233	0.003763939270042459	99
CTR9	9646	-0.00416939661582751	0.008944347407018603	63
CTSF	8722	-4.1331327873809525e-05	0.005084688219684438	1
CTTN	2017	0.001319135163523613	0.003303149421910603	1
CTU1	90353	0.012788899058564857	-0.00548244703694649	43
CTU2	348180	0.00506245027507679	-0.005685452533865754	43
CTXN1	404217	-0.011155145497079305	-0.005853297619747041	7
CUL1	8454	-0.01223585709536698	-0.001250200772422966	53
CUL2	8453	-0.013329929488080063	0.0036939131921522516	44
CUL3	8452	0.0264261612904265	0.02205326424585073	93
CUL7	9820	-0.005290834725076015	-0.003457590767867017	80
CUL9	23113	-0.00555640870944992	-0.004935189341498854	32
CUX1	1523	-0.008266581767332637	-0.004064279851375429	83
CUX2	23316	-0.006959676704806413	-0.007189659178952014	42
CWC22	57703	0.004931537544959715	0.03368858844615302	86
CWC25	54883	-0.00888256232200825	-0.0016412661291987998	16
CWF19L1	55280	-0.006356655227719729	-0.005066231320244992	79
CWF19L2	143884	-0.004239548105012289	-0.0031930275193674095	148
CXCL1	2919	-0.0019435537423284695	-0.00042272292039145993	115
CXXC1	30827	-0.01605033463313211	0.00900212843162777	28
CXorf56	63932	-0.007955363019767287	-0.007726922179861437	74
CYB561A3	220002	0.004472444149156587	0.009626186566460056	3
CYB5B	80777	-0.0005029512640479577	-0.007552155376695678	19
CYB5R4	51167	-0.012170445138740852	-0.01045890362190269	22
CYC1	1537	-0.0077967993282071395	-0.0038469202204629922	77
CYCS	54205	-0.0008474598259137344	0.006591016927495685	113
CYFIP1	23191	0.029757046165196158	0.013954364035453661	145
CYHR1	50626	-0.006382706168839575	0.0011090687397453656	72
CYP26A1	1592	-0.007938430788324688	-0.005906703329240463	74
CYP27B1	1594	-0.007165190882080289	-0.003792671830219819	160
CYP2A13	1553	-0.011293515174121822	-0.007123844745077065	38
CYP4F11	57834	-0.010761759174704878	-0.004511532645128174	7
CYP4F2	8529	-0.010336640385940087	-0.0056997679340458594	7
CYP4F22	126410	-0.011068282359867027	-0.002921173933487998	58
CYS1	192668	-0.008213757024933965	-0.003946490641812703	72
DACT3	147906	-0.008939548985899864	-0.006387988789524597	75
DAD1	1603	0.014807277699657336	0.0015420953651011054	112
DAP3	7818	-0.002258333056054048	0.006110116521161674	37
DAPK3	1613	-0.008378377446123486	-0.0011961784138481784	8
DARS1	1615	0.00910545763144976	-0.010522012615448106	45
DARS2	55157	-0.008304880645585214	-0.006810581240211016	74
DAXX	1616	0.005816330452436776	0.003185961531051623	40
DAZAP1	26528	-0.008250765829620034	0.001019962014314519	103
DBF4	10926	2.9062562743424234e-05	0.0015898742760561257	99
DBNL	28988	-0.006641003528914548	-0.002717357197684412	96
DBP	1628	-0.011328179511778273	-0.012616588335054184	65
DBR1	51163	-0.005249776710974606	-0.008707700522235578	39
DCAF13	25879	0.07137843542578039	-0.03164288249138848	151
DCAF15	90379	-0.011675748141107613	-0.005459670881874914	7
DCAF4	26094	-0.003857750900032558	-0.00246031512698899	66
DCAF6	55827	-0.007381947491551213	-0.005077177577791724	32
DCLRE1B	64858	0.010155221825276027	0.03154367528116606	18
DCPS	28960	-0.008280631376222022	-0.005729731647937319	119
DCTN1	1639	-0.005959914106068687	-0.0028801931090143	39
DCTN2	10540	-0.0059530481390792376	-0.0033354867804119364	39
DCTN3	11258	-0.005880573688467045	0.0016668341871629022	132
DCTN4	51164	-0.009772109177558736	-0.004640440972945406	48
DCTN5	84516	-0.010192283654830773	-0.00317467938897212	48
DCTN6	10671	-0.01074609757169428	-0.0020319468528254567	48
DDA1	79016	-0.00859224026030531	0.0008767275439841828	13
DDB1	1642	0.01666742060928377	0.04939473697036489	18
DDI2	84301	-0.011549454515613088	-0.002402097260331868	106
DDIT3	1649	-0.005809840407347141	-0.002204438831398378	89
DDN	23109	-0.0020463130144792994	0.01158383657794751	9
DDOST	1650	-0.0071087497578996755	-0.003467633035253467	57
DDRGK1	65992	-0.008825667648147205	-0.006676616725690237	15
DDT	1652	-0.0073215209671484965	-0.004111985037273852	95
DDTL	100037417	-0.0044358710788924794	-0.0049529379116869205	101
DDX1	1653	-0.003998541530456124	-0.006414214867317917	90
DDX10	1662	0.06936619303298885	-0.005673901585543619	143
DDX11	1663	0.004754516839142692	0.022992036758494344	5
DDX17	10521	-0.007489851489151905	-0.003212709992955831	63
DDX18	8886	0.04191860561269754	-0.014762870710471021	26
DDX19A	55308	-0.004957341206228426	0.0022066720983818923	116
DDX19B	11269	-0.006988676335062362	-0.002659613528151393	104
DDX20	11218	0.00045317309469026514	0.008582231885544087	23
DDX21	9188	0.11882777633207352	-0.022689667509758295	157
DDX23	9416	0.0046569684097358885	0.009732795678252143	3
DDX24	57062	0.04066043800478721	-0.030493308046266893	46
DDX27	55661	0.043206954214977916	-0.03220738111103039	46
DDX28	55794	-0.007741799648417238	-0.005254242824040857	110
DDX39A	10212	-0.009671489843020166	-0.004079121926131608	58
DDX39B	7919	-0.012785659912760951	0.010928833908352985	28
DDX3X	1654	0.04487039911042199	0.01812273964909971	145
DDX41	51428	-0.008236571734473784	0.014529336846856873	49
DDX42	11325	-0.010565415710149555	0.0026543137175193345	27
DDX46	9879	-0.009195197369317006	-0.0063597789351634935	75
DDX47	51202	0.04251961691804456	-0.014730349256912734	26
DDX49	54555	-0.000951379246139636	-0.004889328443837755	76
DDX5	1655	-0.011612845652569665	0.0006452001949793309	27
DDX51	317781	0.020154228711129506	-0.021035996375542515	117
DDX52	11056	0.021538314760096572	-0.0102366294071521	26
DDX54	79039	0.05151299555518296	-0.0356880273860141	46
DDX55	57696	-0.005596204212747031	-0.0037900483711754596	17
DDX56	54606	0.04631474299778559	-0.03066397173372109	46
DDX59	83479	-0.006370298446271208	-0.009258787321316785	22
DDX6	1656	-0.005441776623359096	0.008336197857747904	105
DEFB131B	100129216	-0.004331024647170889	0.0028009418188223926	73
DEK	7913	-0.00834434593692552	-0.003953596733830388	54
DENND2A	27147	-0.008878509965633106	-0.005626398417277716	94
DENND2C	163259	0.0022302523312743416	0.008402090463327284	23
DENR	8562	-0.005400946648934948	-0.0033047937164837073	39
DEPDC1	55635	-0.005201751565530738	0.004701935206758421	92
DERL1	79139	-0.010123762181354018	-0.006213435241632023	85
DERL2	51009	-0.013572292497315442	-0.000498600518403712	106
DET1	55070	-0.005652894576320707	-0.004232729492615621	39
DEXI	28955	-0.008132128548155827	0.0010543785249057015	92
DFFB	1677	-0.01059490572190221	-0.00937262169750112	61
DGCR6L	85359	-0.009433816112143313	-0.005580401778759117	11
DGCR8	54487	-0.008517276370844172	-0.0024070829661408614	112
DGKE	8526	-0.009679312516013986	-0.006526321124729749	85
DGKI	9162	-0.008100375647373294	-0.005472324984713575	15
DHDDS	79947	0.0012560322615735142	-0.004327154346724642	112
DHFR	1719	0.0024913361811026687	-0.0028764249259347757	129
DHFR2	200895	-0.005105134210644425	-0.0006104030059851592	130
DHODH	1723	-0.006309651943489017	-0.0023023673956308545	125
DHPS	1725	-0.008527553972520828	-0.004752955881789988	78
DHRS4	10901	-0.0065769694061658755	-0.006982584842975071	128
DHRSX	207063	-0.009333622275200078	-0.0063171066030853805	94
DHX15	1665	-0.0012570269363774804	0.007226726334965656	40
DHX16	8449	-0.0011974768051691525	-0.008838260631862792	29
DHX29	54505	-0.007294859424334616	-0.002819252841819423	51
DHX30	22907	-0.007341654312666736	-0.004293249539964067	68
DHX33	56919	-0.008526473236364279	-0.0015638799955073558	16
DHX35	60625	-0.012885884512204274	-0.003462592738664889	27
DHX36	170506	-0.00581829762513152	-0.005117072293116752	79
DHX37	57647	0.06505533345630539	-0.003822813384709591	143
DHX38	9785	-0.007975762097042734	0.012995566683044635	49
DHX8	1659	0.0053692216842669	0.033914907201193396	86
DHX9	1660	-0.013122526299435666	-0.0011411767953024377	27
DIAPH2	1730	-0.005933982148947553	-0.005941483593773007	118
DIAPH3	81624	-0.010189028639564012	-0.0064194171811591825	11
DICER1	23405	-0.005956661756487052	-0.003086039718596664	112
DIDO1	11083	-0.00765067572065232	-0.00078236832248727	10
DIMT1	27292	0.03008886449886066	-0.013038471291233998	26
DIPK1A	388650	-0.0035063698703945807	0.001157729112026843	89
DIS3	22894	0.006951734172990982	-0.011589426745380748	129
DIS3L	115752	-0.008984649456161398	-0.006662326406595046	98
DKC1	1736	0.006303093792069758	-0.014302969587336808	128
DLD	1738	-0.006297047889444358	-0.00420495314306759	11
DLG4	1742	-0.008190646907752725	0.004465648236857569	16
DLG5	9231	-0.00899405618565649	-0.005266296321211466	53
DLGAP5	9787	-0.0026191013100553893	0.0030383611605083434	130
DLST	1743	-0.0043764562926503865	-0.002871435351565042	8
DLX3	1747	-0.00893438002655089	-0.003452230566180384	95
DMAC1	90871	-0.008601654641973325	-0.002363751959038893	77
DMAP1	55929	-0.0057174022412444375	-0.004813823827606153	66
DMKN	93099	-0.010307510798188473	-0.0077350425354392365	38
DMRTA2	63950	-9.825987558834236e-05	0.007491041679113944	23
DMRTC2	63946	-0.009587020263710258	-0.007057842965385414	38
DMWD	1762	-0.010364942726152428	-0.006009346993575744	38
DNAAF2	55172	-0.0074103333643848746	-0.00704174719233187	119
DNAAF5	54919	-0.008421289684846461	-0.005219940806114661	15
DNAH10	196385	-0.007405492441676424	-0.005570592913125433	81
DNAJA1	3301	-0.007045724892126774	0.0020094244090984948	10
DNAJA2	10294	-0.003314690346209918	0.0034506215617654923	144
DNAJA3	9093	-0.005146902156750325	-0.006617813092114792	8
DNAJB1	3337	-0.012523970942383292	-0.005925865498170731	56
DNAJB11	51726	-0.010289332485210086	-0.005247390482861029	106
DNAJB12	54788	-0.008497022644699736	-0.007602770806959959	61
DNAJB2	3300	-0.0018675322808057561	-0.0019730739854035883	14
DNAJB6	10049	-0.006945142904262375	-0.0054344971372035904	68
DNAJC11	55735	-0.00699205579481698	-0.0020139375755747237	54
DNAJC13	23317	-0.002361195198734103	0.0018833854207122391	113
DNAJC14	85406	-0.003213234195460347	0.00841250914891619	9
DNAJC16	23341	-0.009200808084883895	-0.005470105038844512	85
DNAJC17	55192	-0.00871155914309408	0.003113994833556729	92
DNAJC19	131118	-0.0093899554640823	-0.007119559264710164	85
DNAJC2	27000	-0.009197564956046228	-0.006153480728221987	25
DNAJC22	79962	-0.002681411599700559	0.010392036887293298	9
DNAJC8	22826	0.003676897055922754	0.019006842554725616	5
DNAJC9	23234	-0.0049186154286829835	-0.003191354010939789	59
DNASE2	1777	-0.0068951933861191705	0.00886461147470101	49
DND1	373863	-0.00614232686609552	-0.0005572252672261584	16
DNLZ	728489	-0.007227649741032858	-0.00634764236870516	19
DNM1	1759	-0.0031926313733529484	0.0030139538368481144	24
DNM1L	10059	-0.004810105828938583	0.0033690104434968633	92
DNM2	1785	-0.004016657873130702	0.013983931364727989	71
DNMT1	1786	-0.00777743860273862	-0.0015345344714083277	72
DNTTIP2	30836	0.06946297371474497	-0.031917740611815834	151
DOCK6	57572	-0.011749319028045262	-0.00457670329039546	58
DOCK7	85440	0.005398406864748125	-0.008275314448834425	138
DOHH	83475	-0.007673393234246478	-0.003986373133944237	78
DOLK	22845	-0.003675788157574873	0.0033808182791513542	99
DOLPP1	57171	0.001313724046377236	0.004578553491148377	135
DONSON	29980	0.02103981396581891	0.056915417589426726	18
DOT1L	84444	-0.007986329315259225	0.0018895799717345378	92
DPAGT1	1798	-0.012751671819510625	-0.012097638252085619	108
DPF2	5977	0.0035878093244808996	0.006422237549720218	71
DPH1	1801	-0.009280473087177686	-0.005580462427031829	83
DPH2	1802	0.002950325049047656	0.007157667030908064	23
DPH3	285381	0.028238113122600373	-0.002081133354243217	43
DPH5	51611	-0.004596997157142262	-0.00032830485882175066	142
DPH6	89978	-0.011994259332249957	-0.0039938426578338985	53
DPH7	92715	-0.0073753765010711025	-0.005117935238018505	110
DPM1	8813	-0.01029625692551615	-0.007282558135117161	85
DPM2	8818	-0.009813038459511531	-0.006023420774420702	90
DPM3	54344	-0.006076191530102542	0.0001581511279743403	37
DPP7	29952	-0.005289388423605275	-0.0011589071601490546	17
DPPA2	151871	-0.005679600392347578	0.00035655954776384605	21
DPPA3	359787	0.0010917064359724188	0.01493255507753487	5
DPPA5	340168	-0.0017485419012442285	0.002205636149406102	113
DPY19L2	283417	-0.0018029593904301474	0.006266170649863388	24
DPY30	84661	-0.013081861432061406	-0.0035592190948296565	69
DR1	1810	-0.0011991434977883788	0.002278694149355464	115
DRAP1	10589	0.007702184592783904	0.0065294201158403	40
DRD5	1816	-0.004152479455437012	-0.0022419655620571524	67
DRG1	4733	-0.007558743071474378	-0.00468116299363212	35
DRG2	1819	-0.009574328856012629	-0.0017451569361321205	16
DRGX	644168	-0.009615127916013358	-0.007354726017984714	12
DROSHA	29102	-0.006178509216204754	0.00940611684828854	49
DSCC1	79075	-0.00870592637364539	-0.0008630174102034941	103
DSN1	79980	-0.007119950084821294	-0.004585284139682861	32
DTD2	112487	-0.0035783113180872673	-0.0027535500533256933	52
DTHD1	401124	-0.009726589165408143	-0.00775985492036681	12
DTL	51514	0.021765074617630904	0.05788194002685094	18
DTX2	113878	-0.006994345161528018	-0.002561576739740819	84
DTYMK	1841	0.012736043792983274	0.04023919316955524	18
DUOXA2	405753	-0.00950884649042796	0.0014879840971557521	10
DUSP11	8446	-0.0024733275309815903	-0.00844093958369672	122
DUSP12	11266	-0.005338984837572999	-0.007803437949050404	126
DUSP22	56940	-0.007103725687228316	-0.00378674485134505	67
DUT	1854	0.0030845388846063885	0.021014303584242087	86
DUX4	100288687	0.01855414004321542	0.03597607301025309	41
DYNC1H1	1778	-0.010486729969714026	-0.0028820800797171447	48
DYNC1I2	1781	-0.010485139438123079	-0.0028323241509816176	48
DYNC1LI1	51143	-0.011148769633225964	-0.0027076691878072617	48
DYNC1LI2	1783	-0.009055414564849734	-0.005060981764573029	48
DYNLL1	8655	0.01053529526055537	-0.011772183004271198	6
DYNLRB1	83658	-0.010959455900366906	-0.0026452594468979107	48
DYNLT1	6993	-0.01084230285003791	-0.006420618291598651	58
DYRK1A	1859	0.03713045635657895	-0.020698020531206063	26
E2F1	1869	-0.011161462397723643	-0.007386358006320444	56
E2F3	1871	-0.01420016237709782	0.00418370869762549	44
E2F6	1876	-0.009924217701396792	-0.0052076762609809205	58
E4F1	1877	-0.008457888002379357	0.0019923010099060527	63
EAF1	85403	-0.011783929733446793	-0.0005813579132311736	114
EAPP	55837	-0.006355146691712077	-0.002608552807609468	51
EARS2	124454	-0.006169949459468548	-0.005102204881468113	8
EBF1	1879	-0.0071539140670003835	-0.0037881913082939813	125
EBI3	10148	-0.011724507879333247	-0.006110020613225281	7
EBNA1BP2	10969	0.017075808920997852	-0.02094508500727652	117
ECD	11319	-0.009138869961253128	0.03237738372097899	123
ECSIT	51295	-0.012008318943579848	-0.005537266295236622	58
ECT2	1894	0.000355056689486087	0.018948382768707715	131
ECT2L	345930	-0.0056839585967307866	-0.004105567927313666	79
EDC4	23644	-0.000822819891635565	0.005174540901161801	132
EED	8726	-0.006765015773697442	0.0012553577997939228	72
EEF1A1	1915	0.036476576056245574	-0.001060582329379332	43
EEF1AKMT2	399818	-0.009704754198568703	-0.007404838027806935	12
EEF1B2	1933	0.006227345752378853	0.019351020223567866	102
EEF1D	1936	-0.005732269796674224	0.003335181464032144	21
EEF1E1	9521	-0.0072969856921974	-0.006096180070826949	126
EEF1G	1937	-0.0004495806616690313	0.0024273274685936725	1
EEF2	1938	0.02647404337203544	0.0035045217706108243	40
EEF2KMT	196483	0.004364031468973917	0.020733212834344386	5
EEFSEC	60678	-0.0036248290081117383	0.003975731233743706	9
EFCC1	79825	-0.006605117417904735	-0.0005411988023468177	9
EFL1	79631	-0.010351064660231259	-0.007830360221568713	38
EFNA3	1944	-0.006091758415159002	-0.004545483651177038	128
EFNB3	1949	-0.00982988238024995	-0.0016833864989570849	16
EFR3A	23167	-0.006310755559657413	-0.0002434792880974167	54
EFS	10278	-0.001976389611606469	0.008027476797452053	120
EFTUD2	9343	0.0005958470606437058	0.041634785449735756	86
EGFL7	51162	-0.0031542156045744237	0.003216572173333291	24
EGFR	1956	-0.008618873653828045	-0.006970797068259026	124
EGLN1	54583	-0.01311001809604439	-0.003907391638048484	82
EGLN2	112398	-0.012108217735368087	-0.005774100278020866	38
EGR2	1959	-0.005794510491236282	-0.003385318507006712	109
EHBP1L1	254102	0.002926426250424942	0.0057242382667433665	3
EHMT1	79813	-0.005304604729814011	-0.0006431876234125769	125
EHMT2	10919	-0.0021870938424363106	0.0033636134952209104	31
EIF1	10209	0.008115244978318642	0.0006245659854584128	139
EIF1AD	84285	0.0063054584427975555	0.003935556370580392	3
EIF1AX	1964	0.02873154613229617	-0.004207896982900531	43
EIF2AK4	440275	-0.011928706685377754	-0.0031499761701124693	53
EIF2B1	1967	0.005776745155946898	-0.007909747435326199	121
EIF2B2	8892	0.022773630216242815	-0.00591976769374871	43
EIF2B3	8891	0.03354858802240641	-0.0022603783483432973	43
EIF2B4	8890	0.024418627695968958	-0.00494689566501023	43
EIF2B5	8893	0.04174426662172774	0.0001547594198547482	43
EIF2S1	1965	0.05341440298541476	0.0027415402004839213	43
EIF2S2	8894	0.05339139324344206	0.0029815880092764913	43
EIF2S3	1968	0.034657166019603405	-0.00068956764799848	43
EIF3A	8661	0.09675597902200421	0.016198201991503496	62
EIF3B	8662	0.09889353405909584	0.016369017230295657	62
EIF3C	8663	0.028714321201999286	0.00476662004723113	40
EIF3CL	728689	0.053049665847253215	0.002659514438737751	62
EIF3D	8664	0.030518894625714346	-0.013551872184079295	26
EIF3E	3646	0.03796611116475126	-0.010174198096824206	26
EIF3F	8665	0.03152996165500416	-0.014860340544417547	26
EIF3G	8666	0.0584317467701387	0.0022677935830954805	62
EIF3H	8667	0.009216801985778376	-0.013321964827965481	25
EIF3I	8668	0.10316892277120994	0.01625213250842565	62
EIF3J	8669	0.005911475150325509	-0.006275859509247368	76
EIF3K	27335	-0.004826614085281821	-0.0054627556864338235	118
EIF3L	51386	-0.00107431649481459	0.0007264742801666256	118
EIF3M	10480	0.025658997271444738	-0.005788534163396535	26
EIF4A1	1973	0.04325395898728392	-0.014148553386983575	26
EIF4A3	9775	-0.008751244115073307	-0.008325278352270735	122
EIF4B	1975	-0.0014887058095730096	0.011798749183986584	9
EIF4E	1977	0.038552541027188664	-0.0010231195941917842	43
EIF4E2	9470	-0.00021484289061962948	-0.0013568713036138504	89
EIF4EBP1	1978	-0.00786441952787771	-0.001177973299482124	72
EIF4EBP2	1979	-0.00654266403884999	-0.0026755338832133253	59
EIF4ENIF1	56478	-0.006300012678553963	0.000984302817563426	77
EIF4G1	1981	-0.001936158494120217	-0.007372624813117377	90
EIF4G2	1982	0.007103085753280435	0.005470369025860814	93
EIF5	1983	0.014408649943668401	-0.009050220455971456	45
EIF5A	1984	-0.008056333028034345	-0.0017849307882056094	78
EIF5AL1	143244	-0.005110030004323295	6.135708783609656e-06	37
EIF5B	9669	0.010477660959428552	-0.012997065931329443	76
EIF6	3692	0.059623047715267954	-0.0389470423175017	46
EIPR1	7260	-0.0021430878735463773	-0.009925439149692773	29
ELAC2	60528	-0.009100064257531118	-0.0017273240328625782	16
ELAVL1	1994	-0.00747033588911989	0.002386237556034211	35
ELL	8178	-0.015092531717170472	0.0032110740808521726	34
ELL3	80237	-0.010159794247401294	-0.0010193888529662178	35
ELMO2	63916	0.0034923482300872177	0.003051957026263025	71
ELMOD3	84173	-0.0033718398501823284	0.0014900714528976375	20
ELOA	6924	-0.0068361496946850965	-0.0030042386148751046	44
ELOA3	162699	-0.009503325671582581	-0.006843687810207019	15
ELOA3B	728929	-0.007048634119327113	-0.003519372198466268	67
ELOA3D	100506888	-0.008091201919682363	-0.0029439964516107518	132
ELOB	6923	-0.014413228283667416	0.006084307119426051	44
ELOC	6921	-0.012920885026916861	0.00678187492895323	44
ELOF1	84337	-0.0011520806752524826	0.002495899071429054	63
ELOVL1	64834	-0.006799414667848493	-0.00809550969758599	19
ELP1	8518	-0.0031336532605734193	-0.005487405364583359	101
ELP2	55250	-0.0014958011206567968	-0.00543173558987314	101
ELP3	55140	-0.003268906450227409	-0.004951765321753327	101
ELP4	26610	0.003979423946294655	-0.0048425572741534	101
ELP5	23587	-0.004131945135853914	-0.0023563346105037247	16
ELP6	54859	-0.0027164755078032754	-0.0032644534567617955	141
EMC1	23065	-0.005413418256468639	-0.005434781216674919	19
EMC2	9694	-0.006920588679598011	-0.005187678688655209	19
EMC3	55831	-0.00793779254666959	-0.00873778044284344	118
EMC4	51234	-0.012016683435359506	-0.004004587946729458	53
EMC6	83460	-0.0060637224705892495	-0.007497912883108216	118
EMC7	56851	-0.005704854328820755	-0.0032903729757480862	59
EML2-AS1	100287177	-0.010456452286947509	-0.00621535149479024	7
EML6	400954	-0.007158552968393857	-0.003608683348934849	47
EMSY	56946	-0.0053194210860580135	-0.0013864360627901758	89
ENKD1	84080	-0.0023007880598267896	0.002555161466893403	31
ENO1	2023	-0.008744496189858978	-0.00615800900945321	98
ENPP7	339221	-0.009462994429347003	-0.006027463402763884	140
ENSA	2029	0.001678136660679122	0.012567190162804946	23
ENY2	56943	0.00019323482498356378	-0.00026247843911330785	112
EP300	2033	-0.012818195905832443	4.3361182500069616e-05	27
EP400	57634	-0.002539618692672703	-0.001899084084059723	44
EPAS1	2034	-0.00768320003167791	-0.006539752017200152	98
EPB41L3	23136	-0.01006482942256951	-0.005460339167960452	11
EPC1	80314	0.005193701779827643	0.0031686256129292234	14
EPC2	26122	-0.004454749873776329	-0.002326246141699608	44
EPG5	57724	-0.008685904015918894	-0.007502377180608739	100
EPHA5	2044	-0.007746144662760143	-0.007801235234544971	61
EPN1	29924	-0.009302532632452844	-0.006407982560290958	15
EPN3	55040	-0.005153413217895316	0.009761150424824734	4
EPOP	100170841	-0.00636027731886736	0.009998606246876499	4
EPRS1	2058	0.00537457400527745	-0.008465698996721236	6
EPS15L1	58513	-0.011029871232620227	0.0010407296623785298	49
EPS8L3	79574	0.0005554626533910557	0.010037200374737832	23
EPSTI1	94240	-0.00992836450815975	-0.0071959027209976545	11
ERAL1	26284	-0.010121797643725249	-0.006115727473706749	94
ERBB2	2064	-0.010385305975907453	-0.004110388530231765	91
ERBIN	55914	0.005775329609224314	-0.0013473578081997213	14
ERCC1	2067	-0.010083213948108292	-0.006707648728386186	38
ERCC2	2068	-0.011818114586438683	-0.008694844074992426	56
ERCC3	2071	-0.007883534747968896	-0.006239280297547916	146
ERCC4	2072	-0.00787607347330608	-0.005822086111517024	110
ERCC6	2074	-0.007567396837488247	-0.005409618276806535	133
ERCC6L	54821	-0.008463017454631355	-0.00937634394047008	25
ERG	2078	-0.010883347508793216	-0.006046950276843933	56
ERH	2079	-0.00038351726869417205	-0.006925433350836282	34
ERICH6B	220081	-0.007028234322733336	-0.00843858507799872	42
ERP44	23071	0.004736493524883405	-0.0008592643974614185	14
ERVW-1	30816	0.0011418805582596697	0.013503243572979617	20
ESCO2	157570	-0.006473940827055512	-0.00013267781497524082	54
ESF1	51575	0.04210587569936764	-0.014443166924141227	26
ESPL1	9700	0.007001749611785883	0.025499676586028776	131
ESPN	83715	-0.0040497608936877665	0.0011559581364952445	55
ESPNL	339768	-0.010543635615102888	-0.009394509037598925	85
ESRP2	80004	-0.0033038951773987986	0.001172085530719608	31
ESRRA	2101	-0.006886474710056398	-8.954985391465141e-05	95
ESS2	8220	-0.008281251727556374	0.013362321269649329	49
ETF1	2107	0.0262054282133223	-0.004918018667421073	43
ETNK1	55500	-0.006712270297224099	-0.004275915142959406	68
ETNK2	55224	-0.007372247930782893	-0.009731852829342984	25
ETV6	2120	-0.005822306473438904	-0.0015742997355849048	104
EVC2	132884	-0.005548389028000031	-0.0016839457857053474	109
EVPL	2125	-0.009520400362496198	-0.002982475609752276	91
EWSR1	2130	0.005974505926531554	0.006410459806373941	23
EXOC1	55763	0.0018317568129449199	-0.004757965220869324	112
EXOC2	55770	-0.0021886379566627037	-0.001829339095386039	31
EXOC3	11336	-0.0014602650198033667	0.00862612508164048	31
EXOC3L4	91828	-0.008584803468623706	-0.004704207525668447	85
EXOC4	60412	3.133455328093005e-05	-0.0045587854320123	112
EXOC5	10640	0.0010980242957433148	-0.00412817600758485	112
EXOC7	23265	0.00011993299043681674	-0.004556080040673802	112
EXOC8	149371	-0.008305751148114753	-0.0067558402833013155	85
EXOSC1	51013	-0.0045860712147874575	-0.008722031284269663	39
EXOSC10	5394	-0.0023967041030757206	-0.009614745070836539	122
EXOSC2	23404	0.0034730402613958457	-0.004450316075231068	129
EXOSC3	51010	0.014192124653563416	-0.013984639042250393	129
EXOSC4	54512	0.006803901104172398	-0.008098713021940929	129
EXOSC5	56915	0.012120237193074338	-0.013415997738510623	129
EXOSC6	118460	0.02025083581324765	-0.01625552900093184	129
EXOSC7	23016	0.002096561960391294	-0.0026842518810467108	129
EXOSC8	11340	0.01392976591213067	-0.014228440594844533	129
EXOSC9	5393	0.00781699349316271	-0.00943673286658125	129
EXT1	2131	-0.011237037752438736	-0.004741312934720165	60
EXT2	2132	0.0023445455798434905	0.005346868267863405	71
EXTL1	2134	-0.005716027962153296	-0.0038450877038847865	19
EXTL2	2135	7.015113422841418e-05	0.008450198994498725	23
EZH2	2146	-0.008708973166211774	-0.0017408786912308776	72
EZR	7430	-0.0055002569214225696	-0.0011700871043926581	55
F3	2152	-0.004407728505971653	0.000798080824794089	63
F8A3&F8A2&F8A1	8263&474383&474384	-0.0026452027612784207	-0.01147965020899419	29
FAAP100	80233	-0.005328590953738091	0.002273901635976788	95
FAAP20	199990	-0.005432219509334585	-0.0010199284514567485	17
FAAP24	91442	-0.004822436251714783	-0.00023887846177705796	133
FABP5	2171	0.006712746032342824	0.024811430751566395	5
FADD	8772	0.005017390667430798	0.006119262358650253	3
FADS2	9415	0.003902042723555199	0.009345726339732165	3
FAF2	23197	-0.009486243709798016	0.0006891365545913895	114
FAHD2A	51011	-0.002965950130673551	0.00504967015812513	20
FAIM	55179	-0.008835691614013744	-0.003450763002713555	35
FAM104B	90736	-0.0044347303104319185	0.0008282117782290023	139
FAM122A	116224	0.006607407194305638	0.00044900661302472756	105
FAM133B	257415	0.005211768475638431	0.018776419881738532	102
FAM136A	84908	-0.0012838199495677088	0.009072333132383746	120
FAM153B	202134	-0.005881187396242309	-0.001102859943723595	55
FAM153CP	653316	-0.0115250069433756	-0.009781677494010673	147
FAM161B	145483	-0.006106697413273088	-0.005783230964456258	66
FAM163B	642968	-0.00789069934844396	-0.004295786518164298	33
FAM166A	401565	-0.008762402880032308	-0.006634828216515474	15
FAM167B	84734	-0.0038754902414902164	-0.0027244200810071415	17
FAM183A	440585	-0.006234213132879392	-0.002916188264143626	17
FAM185A	222234	-0.006103110088115789	-0.0011769194391385075	130
FAM186A	121006	-0.006630707632989496	0.0018774375478939403	9
FAM189B	10712	-0.0034036883771673015	0.0023781562520953084	80
FAM200B	285550	-0.009136443110203837	-0.008343302118738854	42
FAM207A	85395	-0.008766741404213886	-0.005760113106025729	48
FAM20A	54757	-0.008538760010191859	-0.003608953086373111	96
FAM210A	125228	-0.013188101522240347	-0.01260913248809586	0
FAM219A	203259	-0.003924582667313014	0.0010299267867954869	1
FAM229A	100128071	-0.00794351893220826	-0.006606219574256255	42
FAM25A	643161	0.009449818339096697	0.0320661228296428	18
FAM25C	644054	0.009182038750499347	0.03171267967419173	18
FAM25G	100133093	0.015056410329125627	0.03106602364600803	41
FAM32A	26017	-0.009990862988067088	0.0010731130885153867	13
FAM43B	163933	-0.006634887744828066	-0.0015324219755250012	54
FAM50A	9130	-0.00890377819405961	-0.007214785618822546	140
FAM71E1	112703	-0.011252121230003086	-0.010084224814533265	30
FAM72A	729533	0.002850116756601576	0.017627481187191277	5
FAM72B	653820	0.0022377380065304	0.013861975783098847	23
FAM72D	728833	-0.001673397436861784	0.0066254575164687995	37
FAM83C	128876	-0.010466109197908888	-0.010807805387597234	65
FAM83E	54854	-0.010747975366721053	-0.01120339027219494	65
FAM83H	286077	-0.0055598790230355485	0.004253404018007789	92
FAM86B1	85002	-0.010371041728397845	-0.005674773855013674	83
FAM86B2	653333	-0.008341814056720033	-0.0013094458358037862	72
FAM86C1	55199	0.003081194821992839	0.009063508262471303	3
FAM89B	23625	0.0037601662308537533	0.0077918298638438325	3
FAM91A1	157769	-0.006233359559112741	0.0011189945608753586	54
FAM92B	339145	-0.00451428405413893	0.004578167830028199	21
FAM98B	283742	-0.009482955159137317	-0.007797086916800729	12
FAM98C	147965	-0.01081581704508806	-0.006250600252562545	38
FANCA	2175	-0.006496636658958133	-0.0012755810412443218	84
FANCC	2176	-0.004563445412213727	0.0027769446110648983	73
FANCD2	2177	-0.010024071068236447	-0.007152115077113629	85
FANCE	2178	-0.005287029789689009	-0.0049687250759794035	32
FANCF	2188	-0.01032958536907257	-0.005468881173614384	91
FANCG	2189	-0.011074060437487715	-0.004869150969934158	82
FANCI	55215	-0.00930091874665698	-0.00426611710754082	133
FANCL	55120	-0.009020491701012438	-0.0067860704762244435	85
FANCM	57697	-0.004257431082138613	0.0019498411079082	9
FARS2	10667	-0.005936918824126432	-0.0027811923268173397	125
FARSA	2193	0.004785588373707631	-0.010465877628619872	45
FARSB	10056	0.016889572931267853	-0.0063813314041015635	43
FASLG	356	-0.0020399431001066315	0.0034266806627718995	37
FASN	2194	-0.007701882806320554	-0.0038389298724834835	48
FASTKD5	60493	-0.009032011589355833	-0.00708346873488077	81
FAU	2197	0.10000392847786263	0.016619317129116722	62
FBL	2091	0.12134756691521957	-0.023702579467382308	157
FBLIM1	54751	-0.007578473238165242	-0.003382743598518709	68
FBN3	84467	-0.010454620890239198	-0.0056643171438214715	83
FBXL17	64839	-0.007631923448414103	-0.010464322202159726	25
FBXL18	80028	-0.003146288804791431	-0.0011118426770692967	111
FBXL19	54620	-0.003503504812762857	0.001979449203782791	8
FBXO11	80204	0.015354833239969029	-0.010876734617517059	76
FBXO2	26232	-0.00799108671127365	-0.004305728962380506	54
FBXO21	23014	-0.006070384333846782	-0.0036994087021543654	89
FBXO28	23219	-0.01104505279850265	-0.008997597938853526	56
FBXO41	150726	-0.0005735143178855424	0.005793180458554459	20
FBXO42	54455	-0.003677823215329127	-0.002583212150013545	66
FBXO47	494188	-0.0060548258339123175	0.001208028656445671	116
FBXO5	26271	-0.00967583937990905	-0.007608200502453843	127
FBXO7	25793	-0.007023339324424631	-0.0050049178996866605	101
FBXW11	23291	-0.003089520568860437	0.0017141351510288369	63
FBXW12	285231	-0.006744511938766644	-0.0031862097311430135	67
FBXW7	55294	0.038433760259826255	0.0028833155651320132	40
FBXW9	84261	-0.012617071752946048	-0.003909158321635814	58
FCF1	51077	0.07119905443566808	-0.005817993064211167	143
FCGR1A	2209	0.013008533910631458	0.03097298494418879	41
FCGR1B	2210	0.002012819962137361	0.011805839481505768	23
FCHO2	115548	-0.011332916042318014	0.0008163516115223285	10
FCN2	2220	-0.008079346650481036	-0.006460413051033402	64
FCRLB	127943	-0.006598014216475046	-0.0025863009831178017	96
FDFT1	2222	-0.011068825416857286	-0.005505358438243414	83
FDPS	2224	-0.0035418189284840045	0.0003611490038719722	37
FDX1	2230	-0.009242499969118237	-0.008495976162220267	61
FDX2	112812	-0.00477833853039895	0.010659182643219496	4
FDXR	2232	-0.007998417737967828	-0.004121429444530478	96
FECH	2235	-0.011935368294837906	-0.010677782693217178	147
FEM1A	55527	-0.010904109317542154	-0.006039128453247961	7
FEN1	2237	0.003799593857271334	0.009632671221170133	3
FERMT2	10979	0.03529735635980902	0.016777391966868765	70
FERMT3	83706	0.0028510601848620266	0.006007398271196605	3
FETUB	26998	-0.007188794681724308	-0.004076871262587306	89
FFAR3	2865	-0.011268946877711412	-0.0064233890789356955	38
FGD5	152273	-5.587433437467305e-05	-0.0012679560978152953	14
FGFR1	2260	-0.012693098466990783	-0.005267578293099489	82
FGFR1OP	11116	-0.007052608471211489	-0.00605799874335067	149
FGFR1OP2	26127	0.002864956626833243	7.389814388067646e-05	114
FH	2271	-0.009059020869698132	-0.006926708977894058	15
FIBCD1	84929	-0.005834619398443871	-8.329647939876337e-05	73
FIBP	9158	-0.0004384128241909671	0.00174212285513748	63
FIG4	9896	-0.010621429258667343	-0.008726037186813126	22
FIP1L1	81608	-0.00017055588262978002	-0.009583663218724928	29
FIS1	51024	-0.0031852652017885464	0.003877012561690462	24
FITM1	161247	-0.008474982160547604	-0.007770678649429429	100
FJX1	24147	-0.008170472499038208	-0.005206347687833684	88
FKBP10	60681	-0.006545106113556185	0.008880408651927418	4
FKBP8	23770	-0.012663826333789282	-2.595554620856393e-05	27
FKBPL	63943	-0.000722914605501276	-0.006206620350932625	6
FLCN	201163	0.00333522374904651	0.003414498789317614	99
FLI1	2313	-0.011666100284743297	-0.010468424453039112	147
FLII	2314	-0.005129740358929505	-0.004028212119499812	16
FLOT1	10211	-0.007731568141257999	-0.006674730549531239	81
FLT3	2322	-0.009237593940133775	-0.0077915400406148505	15
FLVCR1	28982	-0.010153982912264908	-0.008920742605773222	15
FLYWCH1	84256	-0.002927930351854199	0.008230368969001617	21
FMNL2	114793	0.0016931992620400505	-0.007850319813874325	121
FMO1	2326	-0.004873268627653117	-0.0027662530304988116	37
FNBP4	23360	-0.0076467832819031405	0.0003282736261424049	10
FNDC10	643988	-0.009568444668970232	-0.00819151847047951	15
FNTA	2339	-0.003162181816670842	-0.0072766323859176215	29
FNTB	2342	-0.005091849141188961	-0.005986588008124038	61
FOLR3	2352	-0.004047361553013955	-0.0023160996154357573	104
FOSL1	8061	-0.009676578647250833	0.001186303189482927	10
FOSL2	2355	-0.007956132424622243	-0.009113583893165567	22
FOXA3	3171	-0.011107372515912102	-0.007613013130211784	38
FOXC2	2303	-0.010124521532149334	-0.007776042814871517	15
FOXD4	2298	-0.00569063792627674	-0.001557598922303879	59
FOXD4L1	200350	0.012033414491955281	0.025236500850991238	41
FOXD4L3	286380	0.00414066914642818	0.016624174063103715	20
FOXD4L4	349334	0.017740617181831522	0.02871288725423126	41
FOXD4L5	653427	0.017052889379987897	0.03398760531355679	41
FOXD4L6	653404	0.010857484377284317	0.023420985070094106	41
FOXE3	2301	-0.006351454597487526	-0.005305866504407764	42
FOXG1	2290	-0.004590199759095805	-0.0014033853116285618	57
FOXK1	221937	-0.005291561889105888	-0.004811930939878612	124
FOXL2	668	-0.016770063220691085	-0.01633776873016536	0
FOXM1	2305	-0.007518500712915335	-0.0033649220761359	87
FOXN1	8456	-0.008260533969416697	0.0019653497025438073	13
FOXN3	1112	-0.007798344938836991	-0.004892201451829055	75
FOXN4	121643	-0.010166435172567427	-0.007750875712346681	94
FOXRED1	55572	-0.006957229333859962	-0.005291723923925157	36
FPGS	2356	-0.0014765859213334929	0.003040439097089453	3
FRG1	2483	-0.009213643161428895	-0.006653159523012819	38
FRG2	448831	-0.0009127317409969484	0.0067036315116720075	31
FRG2C	100288801	0.004844830230191197	0.02180736878417416	5
FSCN2	25794	-0.007758281879135476	-0.0034248143796513633	33
FTCD	10841	-0.007205022867366723	-0.0027627465686085088	144
FTH1	2495	0.005354854569748425	0.016486132295849495	135
FTSJ3	117246	0.042521835565877714	-0.03216733423103224	46
FUBP1	8880	-0.00433584382115599	-0.0027742864188989415	19
FURIN	5045	0.009829961963246038	-0.011485069193901357	45
FUS	2521	-0.004825147058210258	0.0019147229784587006	73
FUT11	170384	-0.011802652419637719	-0.010447714970381508	30
FUT2	2524	-0.011398918681672676	-0.008716610241020864	38
FUT4	2526	-0.000902283077212008	0.004392899108426155	24
FXN	2395	-0.0066026645394038925	-0.005142044727258571	127
FZR1	51343	0.031029857673602886	0.005332061392722708	40
G6PC	2538	-0.00796277915510523	0.0024148196807205523	4
G6PD	2539	-0.00799266737152857	-0.00825125200810293	126
GAB1	2549	-0.00962774484897707	-0.006402021152388723	56
GAB2	9846	-0.004693367813036409	-0.0002298117501797278	104
GABPA	2551	-0.007628034936748501	-0.0005718263893431528	13
GABPB1	2553	-0.008947400546518826	-0.00017224532066315254	13
GABPB2	126626	-0.005236447849842695	0.001042987661761825	80
GADD45GIP1	90480	-0.011510015955999386	-0.005718930523660824	83
GAGE12J	729396	-0.003798036835941927	0.0008991729158090219	139
GAGE2A	729447	-0.0018964768318147328	0.008331695263318723	5
GAK	2580	-0.01069762856832276	0.0062689238015134095	49
GALE	2582	-0.006908131765898432	-0.005810994266066451	19
GALK1	2584	-0.009007387089672915	-0.006226653228712643	94
GALP	85569	-0.012925231032149022	-0.010489871557758993	56
GANAB	23193	0.0018222824447503816	0.0038764587457116046	1
GAPDH	2597	-0.001598538533589262	0.011081619415788406	21
GAR1	54433	0.014104297982833653	-0.010612317268057057	26
GARS1	2617	0.005746305662774639	-0.010232556870516179	6
GART	2618	0.005758211213689321	-0.006649637462974371	6
GAS2L2	246176	-0.008431747690318632	-0.001986291041193385	13
GATA1	2623	-0.004161748470701224	0.0007185116975965155	139
GATA2	2624	-0.004388639819192764	-0.003708336587893085	148
GATA3	2625	-0.01176007748779692	-0.01049265895664062	30
GATAD1	57798	-0.006285590032854963	-0.00761659479657654	124
GATAD2A	54815	-0.006882762149667307	0.0017978264834803157	4
GATB	5188	-0.01097641942346832	-0.012819981052403633	65
GATC	283459	-0.00887335304991222	-0.004724849214375046	77
GATD1	347862	-0.009484498075012882	-0.009581823606133827	61
GBF1	8729	0.024696654546289023	-0.002557005547901032	43
GCLC	2729	-0.006582888385502711	-0.004896203034744455	32
GCN1	10985	-0.004832655537245424	-0.0006199468521215763	89
GCOM1	145781	-0.01089850224188906	-0.0038508213043841567	53
GCSH	2653	-0.008315623333077995	-0.005557371544898837	81
GDE1	51573	-0.007858347486428325	-0.005475879277177729	11
GDF1	2657	-0.010852178410316408	0.0005986781037872796	27
GDF5OS	554250	-0.00817754367248705	-0.005351024892441464	104
GDI2	2665	-7.063509164643731e-05	-9.729955629781892e-05	148
GEMIN2	8487	-0.007640029352127775	-0.006236439200895753	42
GEMIN4	50628	-0.006241593565797865	0.00038597303597358545	16
GEMIN5	25929	-0.010504186146240302	-0.009326548448113575	56
GEMIN6	79833	-0.006430952267801971	-0.0052970930718690985	79
GEMIN7	79760	-0.005686130815139527	-0.0007214993422728971	36
GEMIN8	54960	-0.002892875497645211	0.0038179690832985643	31
GET1	7485	-0.010307217332145934	-0.006458433266531514	56
GET3	439	-0.006760673394041379	-0.0063597648142293475	29
GET4	51608	0.005004346487435969	-0.007951599814281451	6
GFER	2671	-0.007929758765654727	-0.003254554529361352	96
GFI1	2672	-0.006838927881188609	-0.00415279991206389	33
GFM1	85476	-0.007524612664306727	-0.002893026463050812	47
GFM2	84340	-0.009892470357621131	-0.005646161237026237	11
GFPT1	2673	-0.005571088412394549	-0.0016013583337366956	57
GGA3	23163	-0.008349405241694485	-0.0036427725077702723	35
GGCX	2677	-0.0014679738423938986	0.004517976680649976	20
GGN	199720	-0.009558874463102414	-0.007071780935035777	38
GGNBP2	79893	-0.013389101327923779	-0.003349266866366491	82
GGPS1	9453	-0.005789667555571149	-0.010693957802966328	122
GGT1	2678	-0.0063607201379632375	0.0014618092512404116	21
GGT6	124975	-0.008946844202109238	-0.0011716032757976037	16
GGTLC2	91227	0.0009118460026641628	0.013563261569865353	20
GIGYF1	64599	-0.005827191920521532	-9.761870828297434e-05	130
GIGYF2	26058	-0.0014780632703370819	-0.0002773215760685257	89
GINS1	9837	-0.0019108471271192613	0.003999215647068312	99
GINS2	51659	-0.0015676117195100386	0.006825536217911757	99
GINS3	64785	-0.0028764267358135885	0.00461916305825268	99
GINS4	84296	-0.006141144369097893	-0.002198043394700895	84
GJA3	2700	-0.0075121013331062355	-0.0039565070339504715	78
GJD4	219770	0.00227417454135197	-0.00026680489483353685	14
GLE1	2733	-0.010844450243214563	0.0046392829776586795	28
GLI1	2735	-0.004784303881344888	-0.0010896765428581362	89
GLI4	2738	-0.007306653810101504	0.0006765499650881348	92
GLIPR1L1	256710	-0.009231838111154054	-0.007793197308612266	12
GLMN	11146	-0.007419135716671883	-0.004352173260875916	33
GLP2R	9340	-0.011362535460784556	-0.00892728725670897	30
GLRX3	10539	-0.00906828167349432	-0.007107437252777461	127
GLRX5	51218	-0.010140448873014992	-0.00777385312376912	90
GLS	2744	-0.005409891974212315	-0.0065191332168989926	119
GMEB1	10691	-0.009631055866585777	-0.0038075638538765566	60
GMIP	51291	-0.011373677559380234	-0.002865376815926219	7
GMNN	51053	-0.004522319123247983	0.0018876422840258776	36
GMPPB	29925	-0.009952038202958929	-0.004303178628340177	90
GMPS	8833	-0.003655272668539588	-0.006094094117121675	52
GNA11	2767	-0.008077117956293426	-0.0027565508008415883	59
GNAQ	2776	-0.0047254206686735195	-0.0011338001744007516	57
GNAZ	2781	-0.006078278984376178	-0.003453246918806881	57
GNB1	2782	-0.007765561256069895	-0.007028401609464459	61
GNB1L	54584	-0.006788873318111912	-0.00794864556647969	22
GNB2	2783	-0.003716942578866139	-8.84581993679498e-05	115
GNB3	2784	-0.0056088813669827944	0.002500956685419687	21
GNG13	51764	-0.006868131480455131	-0.0016904606508767385	54
GNG3	2785	0.0016594990639434454	0.004028690976439471	1
GNG5	2787	-0.0035777774760864375	-0.00175096651257747	57
GNL2	29889	0.06487553405576653	-0.040027297414658075	46
GNL3	26354	0.05135043940048589	-0.03584238824958521	46
GNL3L	54552	0.0655954976738452	-0.040990469895574505	46
GNPAT	8443	-0.005742545515874777	-0.0034362609210077835	133
GNPNAT1	64841	-0.0025648075024015606	0.00153851880552944	31
GOLGA2	2801	0.004343304882736333	0.011740105154177054	135
GOLGA6A	342096	-0.007463216251261239	0.007620836572945334	49
GOLGA6B	55889	-0.008840782374596531	0.0033264403410599086	49
GOLGA6C	653641	-0.007616179746157701	0.008547098976819108	49
GOLGA6D	653643	-0.006043059093532229	0.012743773164605473	49
GOLGA6L1	283767	-0.007462460746372842	0.011505692210017592	49
GOLGA6L10	647042	-0.00605389175823571	0.011707330500608187	49
GOLGA6L6	727832	-0.0072512623061777495	0.012706301571638642	49
GOLGA6L9	440295	-0.00852569714121872	0.00029913540347957176	35
GOLGA8A	23015	-0.009300257389222232	0.004275156988089833	10
GOLGA8B	440270	-0.007373370621255406	-0.0037384554202667484	39
GOLGA8K	653125	-0.006772816415308459	0.013087764271826466	49
GOLGA8M	653720	-0.00815910924312042	0.007541514366122166	49
GOLGA8N	643699	-0.007249000306733979	0.01220739914561504	49
GOLGA8O	728047	-0.00819898769869699	0.007306095269177366	49
GOLGA8R	101059918	-0.00718322778176908	0.011094034467632708	49
GON4L	54856	-0.004781344999731968	0.0032414046300316707	21
GOSR2	9570	0.01550527123314942	-0.00018612680682038099	105
GOT2	2806	-0.0074393467299557516	-0.0022185971985795847	57
GPAT2	150763	-0.002913842467134787	0.0037828148544067123	20
GPATCH1	55094	-0.012708849017693986	-0.0029985402817304363	27
GPATCH3	63906	-0.007162670098933404	-0.00606631586997158	19
GPATCH4	54865	0.0021517153049068175	-0.004513191927129008	37
GPATCH8	23131	-0.0013080138999480248	0.00848183455260372	135
GPC2	221914	-0.00912737028127908	-0.0042046389436947405	68
GPI	2821	-0.008776241072093583	-0.006597172266427931	48
GPKOW	27238	-0.005813926781377548	-0.005627870010346659	68
GPN1	11321	-0.012340661971025808	0.012526502401879268	28
GPN2	54707	-0.011239774574862733	0.010916445287352852	28
GPN3	51184	-0.008757509522505216	-0.00695515806380181	146
GPR132	29933	-0.006095344586071361	-7.793212162419398e-05	54
GPR137	56834	5.973934593274201e-05	0.004338337471493321	1
GPR137C	283554	-0.007079632919519535	-0.00597247986676199	90
GPR179	440435	-0.00933050783078906	-0.0038900355950074604	91
GPR45	11250	-0.001466523990039137	0.003043908140874816	113
GPR61	83873	0.005103880763752323	0.018219501733766626	102
GPR89A	653519	-0.0021105468237287797	-0.004004903982653134	17
GPRIN2	9721	-0.004070291235754968	0.0037009719713822233	55
GPS1	2873	0.023170555389052935	0.010161648268314302	150
GPSM3	63940	-0.008500576999302888	-0.006826368073942641	22
GPX2	2877	-0.006972552919527416	-0.004279369878813065	59
GPX4	2879	-0.009604832336134198	-0.0012453197640928484	7
GPX8	493869	-0.010882735734028242	-0.01215715032224588	65
GRAMD4	23151	-0.007418603407013344	-0.003490865654662904	33
GRASP	160622	-0.002564214773574478	0.00506297250991451	89
GRB2	2885	-0.015683447350442584	-0.0009168721876854959	34
GRHL2	79977	-0.009193361608158252	-0.0021648550032366616	103
GRID2IP	392862	-0.004254038798925707	0.0015243110922684715	99
GRK2	156	0.0012021710249961247	0.0035490342172457114	1
GRPEL1	80273	0.04648502163684983	0.0009198947324483358	43
GRSF1	2926	-0.010726222675753372	-0.009835590896291735	65
GRWD1	83743	-0.00846487298595743	-0.008266033718526645	88
GSDMA	284110	-0.007819153377359401	-0.00020651669193484887	13
GSDMC	56169	-0.010248936183327211	-0.005972347097869282	11
GSE1	23199	-0.006591056205637023	0.00035751597131252854	116
GSPT1	2935	0.0020422855587237942	-0.005541764475687912	8
GSS	2937	-0.009428315581587769	-0.008311546125190987	25
GSTM2	2946	-0.001387702585305029	0.005917783876508445	23
GSTM3	2947	-0.006565835684790683	-0.0035106399053589413	110
GSTM4	2948	-0.005335890025098441	-0.003095902211950543	19
GTF2A1	2957	-0.016015536658625	0.005654889928407687	28
GTF2A2	2958	-0.017373937326063012	0.006875380418633267	28
GTF2B	2959	-0.014521567291436121	0.0294341554574295	152
GTF2E1	2960	-0.013032191215153692	-0.003688782621092156	69
GTF2E2	2961	-0.0135999950729772	-0.002899479315871449	69
GTF2F1	2962	-0.010502722309608402	-0.00387374045733421	59
GTF2F2	2963	-0.011062131725762377	-0.008517632033004187	98
GTF2H1	2965	-0.013905068344082944	-0.0023899065312685376	69
GTF2H2	2966	-0.01033871786497558	-0.006608136376340322	22
GTF2H2C	728340	-0.010902448513168007	-0.007235956970740768	22
GTF2H3	2967	-0.006854991921462652	-0.004248591686956629	87
GTF2H4	2968	-0.0038094854182226735	-0.008867267768845949	29
GTF2I	2969	-0.0020783251649131116	0.007403721744516717	120
GTF2IRD2	84163	-0.005343112727510858	-0.0006476194291014923	130
GTF3A	2971	-0.009085985997728535	-0.010646217348126128	56
GTF3C1	2975	-0.0046367734023594785	-0.005826714118051478	8
GTF3C2	2976	-0.0036805819656314095	-0.009828770419423932	29
GTF3C3	9330	0.00426600773326244	-0.009597843250969533	121
GTF3C4	9329	-0.005692837746497088	-0.0032281767438335756	17
GTF3C5	9328	-0.005330390163896718	-2.8284270702013704e-05	33
GTF3C6	112495	-0.005295682501343197	-0.007176593556587724	52
GTPBP10	85865	-0.010812944788585858	-0.010675773969445291	30
GTPBP4	23560	0.06631356832312951	-0.041211129803348324	46
GTPBP8	29083	-0.009480882663814819	-0.007524834541449171	85
GTSE1	51512	-0.008960962848315001	-0.00021441563499795095	10
GUCA2A	2980	-0.008156524819879236	-0.007145842497336774	42
GUK1	2987	0.002325747760333942	-0.009730948710968154	45
GZMH	2999	-0.004235695499786951	-0.002781353695822523	52
H1-2	3006	-0.007644948372712757	-0.002882072357696205	87
H1-3	3007	-0.00921499972118803	-0.004686092391625757	48
H1-4	3008	-0.006842685465147921	-0.0020375794198027987	87
H2AB1	474382	-0.005122056229930644	-0.0007071226112163056	142
H2AB2	474381	-0.00997471608848052	-0.008324362135004417	64
H2AB3	83740	-0.009177370040785598	-0.00773118860564519	15
H2AC11	8969	-0.007393242740746019	-0.0002559166928052949	116
H2AC13	8329	0.01172874127554153	0.031772789582328376	18
H2AC14	8331	0.0017462871302489818	0.01849914616306207	5
H2AC15	8330	-0.00961326695886632	-0.009276762411639525	122
H2AC16	8332	-0.006137203036501856	-0.00028097225211110537	72
H2AC17	8336	-0.005739023237243233	-0.003294808117877574	133
H2AC19&H2AC18	8337&723790	0.010023918368950141	0.03125247612243259	18
H2AC20	8338	-0.0025860039458236155	0.0060062351372788085	37
H2AC21	317772	-0.007342705736342059	-0.004645807816956782	33
H2AC4	8335	-0.00683183752236568	-0.0036185177129963316	67
H2AC7	3013	-0.009940563483059535	-0.004821085671556795	82
H2AC8	3012	-0.011339147000218852	-0.010392383177711014	147
H2AJ	55766	-0.009772444757496914	-0.006061277249476083	7
H2AX	3014	-0.013822101298741243	-0.006143018176254005	69
H2AZ1	3015	0.003262445638943828	0.0018282513265683697	40
H2BC10	8346	-0.006705430092364073	-0.005755707914389834	32
H2BC11	8970	-0.008817554629146969	-0.007229363117755642	81
H2BC12	85236	-0.002783449385551051	0.013284012255354473	4
H2BC13	8340	-0.0038516480164593964	0.004352761366476039	141
H2BC14	8342	-0.006325624132612951	-0.002529554763235037	67
H2BC15	8341	-0.011878433775032666	-0.004538132215252744	69
H2BC17	8348	-0.009818384792930561	-0.008220270749609794	65
H2BC18	440689	0.00019397294697497003	0.012935108400183967	5
H2BC21	8349	-0.0053778881893121475	-0.0010806655558468746	37
H2BC3	3018	-0.007879599509676545	-0.0042144465986136154	87
H2BC4	8347	-0.007018174892530299	0.0020657977595023337	116
H2BC5	3017	-0.006862315035216676	0.0018543401807105452	116
H2BC6	8344	-0.007579008849118722	0.0020608234364177876	116
H2BC7	8343	-0.004465032596231344	0.004147353914418292	24
H2BC9	8345	-0.007077306975009685	-0.007302399285899294	81
H2BU1	128312	-0.009553544309610204	-0.007449812494862272	15
H3-3A	3020	0.02000107041930722	0.03560666115656661	41
H3-3B	3021	-0.007286897966879069	-0.006690389406686092	81
H3-5	440093	-0.005349296694449262	0.007837684834632165	49
H3C1	8350	-0.005682691949508699	-0.0025386088705269027	32
H3C11	8354	-0.00448336718041075	0.002250373870638055	121
H3C13	653604	0.019725811289633143	0.03558877618497332	41
H3C14&H3C15	126961&333932	0.007627248863538624	0.027182923818240973	18
H3C2	8358	-0.01214626303181077	-0.009425565894256882	30
H3C3	8352	-0.007286235310030002	-0.0027894767109547447	68
H3C4	8351	-0.008761311804545348	-0.006386673007102691	36
H3C8	8355	-0.006793741074016137	-0.002963877586156157	68
H4C11&H4C12	8362&8363	-0.0023904243525255196	0.003972987463429742	31
H4C13	8368	-0.00613900385902873	0.00011874239055889479	72
H4C15&H4C14	8370&554313	-0.0052142358609995965	0.0023059668854673245	84
H4C2	8366	-0.0077365506721647674	-0.005078324235259389	67
HAAO	23498	-0.0061588738462555435	-0.0032062868677052896	67
HAMP	57817	-0.01071687867415211	-0.008090681273768389	38
HAO2	51179	0.001867954922230816	0.013094327547973466	23
HAP1	9001	-0.006781932152743364	0.0003179146167515362	13
HAPLN2	60484	0.0014168948829816543	0.01570698578407295	5
HAPLN4	404037	-0.011768551878959163	-0.0003310394610166213	27
HARS1	3035	0.00982223655714202	-0.009589689278433263	43
HARS2	23438	-0.008670422091443919	-0.004414164309058949	48
HASPIN	83903	-0.007743144781316073	-0.0046237979687664445	48
HAUS1	115106	-0.009550399913431732	0.002406052854215528	10
HAUS2	55142	-0.008843580145005333	0.005483821639795585	10
HAUS3	79441	-0.0062265317406018095	0.009277630797765597	97
HAUS4	54930	-0.006684217335962724	0.008818001350219134	97
HAUS5	23354	-0.006753905287543588	0.0069441507436106675	97
HAUS6	54801	-0.006233473130106596	0.009530847521972616	97
HAUS7	55559	-0.008183633674933312	0.0038464503450317453	10
HAUS8	93323	-0.006745285981476145	0.008042382191197388	97
HAX1	10456	-0.0017537989721127926	-0.00028741295346535476	37
HBS1L	10767	0.0024191266584142617	-0.007724728528023677	14
HCCS	3052	-0.010718040369172874	-0.007946916909383884	85
HCFC1	3054	-0.004140388053042697	-0.00041417263945142457	115
HCFC1R1	54985	-0.0077162001539203716	-0.002899241173182197	68
HCLS1	3059	-0.007399379200617427	-0.002292003218659472	51
HCN2	610	-0.009961991832748287	0.0014085412373260793	103
HCRTR1	3061	-0.005842866303800196	-0.005731802333317856	19
HDAC3	8841	0.005119072266301802	0.003998626731248351	99
HDAC4	9759	-0.008786545883657992	-0.0052718125580502265	12
HDAC7	51564	-0.00671703727181564	0.003141160309292252	92
HDAC8	55869	-0.01081623862620617	-0.011456991389645928	108
HDGFL2	84717	-0.010760799365116536	0.0006942294070276694	103
HDLBP	3069	-0.009588301866596044	-0.007180196344825494	39
HEATR1	55127	0.04972286939109311	-0.030283043792605217	134
HEATR3	55027	-0.0059818687839298485	-0.0014166742519276293	125
HEATR5B	54497	-0.007335564300165891	-0.01042476609765261	29
HEATR6	63897	0.0039692137423626445	-0.010682982987287403	45
HECTD1	25831	0.01278059469493964	-0.0033622031653240724	6
HELQ	113510	-0.006873341080453471	-0.007125041962208466	61
HERC2	8924	-0.010821476584594357	-6.172203963427983e-05	53
HES6	55502	-0.010246245565836993	-0.008978017343677428	85
HES7	84667	-0.009342247196394152	-0.0030285761037423843	16
HEXIM1	10614	-0.01097220697412888	0.0020014702336162257	44
HGS	9146	0.0024137843367456058	0.004377048031820409	71
HIC2	23119	-0.009433450445122159	-0.0054352310325123864	11
HIF1AN	55662	-0.009793921584126997	-0.00411524209987013	91
HIGD1A	25994	-0.000720235556162818	0.010820142939677568	21
HIGD2A	192286	-0.006343046199337514	-0.0016727610865211668	55
HINFP	25988	-0.0047049781254233395	0.013975267339455479	28
HIP1	3092	0.0019214667783997031	0.0014448575366525808	14
HIP1R	9026	-0.004802122194179558	-0.0011069683512420444	17
HIPK1	204851	-0.0011105292897435	0.004556522066105963	23
HIRA	7290	0.003727775190727511	0.003361288399410414	71
HIVEP3	59269	-0.006293519959985743	-0.006914296719644244	19
HJURP	55355	-0.007839122386090684	-0.004389273678596254	146
HJV	148738	0.00533052415539675	0.021593527046868947	5
HK2	3099	0.017667767032801845	-0.007930475638834021	26
HLA-A	3105	-0.01079254498692318	-0.009433971868885184	65
HLA-C	3107	-0.009616639639758527	-0.006955855608840625	94
HMBS	3145	-0.010917592397655194	-0.010464352395711078	108
HMCES	56941	-0.006922398494094766	0.0018255222629165345	9
HMGA1	3159	0.018199970620162337	0.03630263738133435	41
HMGB1	3146	0.01805670125444182	0.03566934760069639	41
HMGB3	3149	-0.005001221697025959	-0.000103786718135897	55
HMGCR	3156	0.029993205838678212	0.005754314943715196	105
HMGCS1	3157	0.027941059067345342	0.005308006424785338	105
HMGN2	3151	-0.006788218513638773	-0.0017551363022182272	78
HNF1B	6928	-0.006728906622209505	0.006567977463021047	4
HNRNPA0	10949	-0.008835372660394539	-0.006842236496619727	60
HNRNPA1	3178	0.002498055569980617	0.0075078166446532245	114
HNRNPA1L2	144983	-0.005042590603983816	0.0038909363898222355	21
HNRNPA2B1	3181	-0.009985020797663169	-0.004824943883389197	98
HNRNPA3	220988	0.007694257644877123	0.021101966619337737	102
HNRNPC	3183	0.01586008660459147	0.026028372224159137	18
HNRNPCL1	343069	-0.009920510527187816	-0.007825622495698207	25
HNRNPCL4	101060301	-0.0038141432314471708	0.004262355704052892	78
HNRNPD	3184	-0.009018263952377353	-0.01076316003516581	69
HNRNPDL	9987	-0.0010858211080425713	-0.006625674808197825	35
HNRNPF	3185	-0.0056747197779978545	-0.005022531762596468	45
HNRNPH1	3187	-0.015971841054625867	0.0007268021811750128	34
HNRNPH2	3188	-0.007992132017279599	-0.010497071247468293	25
HNRNPH3	3189	-0.005876605239500377	0.00030272954329349126	55
HNRNPK	3190	0.00401391166581962	0.011379801837544992	102
HNRNPL	3191	-0.009420834863188456	0.003190222020590744	10
HNRNPM	4670	-0.010827359848559337	-0.0032644865116722398	13
HNRNPR	10236	-0.003221614081382875	0.0005913205711027393	63
HNRNPU	3192	0.00266548282895259	-0.0073792520686521805	6
HNRNPUL2	221092	-0.0017920454499312148	0.0015926333233860497	1
HOMER3	9454	-0.012213093179054328	0.00029649936571395097	27
HOXC10	3226	-0.00773962545342273	0.0007905008732390827	92
HOXC4	3221	-0.003383441763949547	0.009469923326048464	9
HOXC6	3223	-0.0035503265296047133	0.007973611376700555	9
HOXD11	3237	-0.008428378216713606	-0.007258359086046045	109
HOXD13	3239	-0.0035839278334153834	-0.001938924509178368	66
HPN	3249	-0.011543454317151376	-0.009908152029900204	64
HRAS	3265	-0.009852548330773075	-0.007645523819428575	124
HRC	3270	-0.008183389673562294	-0.006844924187697234	61
HRCT1	646962	-0.010155994501791454	-0.007811747746184792	94
HROB	78995	-0.006674308969515425	0.002730257319304563	4
HS6ST1	9394	0.0005222166394604678	0.011184106550858471	20
HSBP1	3281	0.002961247291000538	0.003662690459308087	1
HSCB	150274	-0.008399354519240216	-0.0053059007528567705	51
HSD11B1L	374875	-0.012277446598240179	-0.003772819999481816	58
HSD11B2	3291	-0.007080395517448162	-0.00478832460858323	110
HSD17B10	3028	-0.007115179172818072	-0.007178536072579511	126
HSD17B12	51144	-0.008372583152740717	-0.0054966165811530295	88
HSD17B4	3295	-0.008670210864954665	-0.007938926369022617	12
HSD3B1	3283	0.0010443379642459823	0.011401035613351368	23
HSF1	3297	-0.0036426244169891608	0.009984388043837155	21
HSP90AB1	3326	-0.010437516296679165	-0.0030690307497204237	91
HSP90B1	7184	-0.007399672746244564	-0.005091420832770006	11
HSPA13	6782	-0.009529060365738128	-0.007085895778490504	127
HSPA14	51182	-0.0005792754999883059	0.00010434881027016188	1
HSPA1A	3303	-0.006251053595522042	-0.006706496037211629	74
HSPA4	3308	-0.00798217011354086	0.00039711784981171264	114
HSPA5	3309	0.07318649857250746	0.014975364967610101	62
HSPA8	3312	0.00291962358113257	-0.00696363844771553	121
HSPA9	3313	0.05256759827914081	0.0025031558784326994	43
HSPB8	26353	-0.010948811518552875	-0.009391081209907087	12
HSPB9	94086	-0.006777807036482017	0.008322954787834552	4
HSPD1	3329	0.005070097113457357	0.01810737712795257	102
HSPE1	3336	0.006919390079128738	0.01913563900589969	102
HTATSF1	27336	-0.009851502983599394	-0.007842136863057866	36
HTR7	3363	-0.008356454361712737	-0.006692690848028172	48
HTRA2	27429	-0.009207389780462188	-0.005566528866947898	47
HTT	3064	-0.0015872199250120296	-0.009159912190439453	29
HUS1	3364	0.0004357639823071714	0.005861683576841335	24
HUWE1	10075	0.010152218695875575	-0.00817675879797846	138
HYOU1	10525	-0.01071765230941867	-0.0092587290413519	108
HYPK	25764	-0.013190293116527913	-0.003337505600202431	69
IARS1	3376	0.013566647181531161	-0.005832959402697697	43
IARS2	55699	-0.007217337482657881	-0.004545983833629322	68
IBA57	200205	-0.011257634688530077	-0.00930634484299852	30
ICAM3	3385	-0.007698850525065984	-0.0044935417347861046	59
ICAM5	7087	-0.011223431528888416	-0.0037497473106965487	7
ICE1	23379	-0.007520911574816703	0.0014557209000651335	130
ICE2	79664	-0.009012079107995733	-0.0015052610127201482	35
ICMT	23463	-0.007297443433923943	-0.003994638585370526	144
IDH3A	3419	-0.008403106057926145	-0.004041284017960505	91
IDI1	3422	-0.008298283976925731	-0.009969314572668777	122
IER2	9592	-0.010865939964645587	-0.009228168038785818	2
IER3	8870	-0.0048034023325453905	0.003650797287103591	4
IER3IP1	51124	-0.012717223739329653	-0.012596782739500208	2
IER5L	389792	-0.00749371202007957	-0.005260131366943499	15
IFITM2	10581	-0.011215972076030492	-0.0096029442842596	30
IFITM3	10410	-0.007627846840863193	-0.0004393230874869303	78
IFNLR1	163702	-0.007692549447237302	-0.0047400520495239455	47
IFT140	9742	-0.0061203186733793475	-0.000980877971717561	8
IFT57	55081	-0.0062567777500305835	0.0027935763478541525	9
IGBP1	3476	-0.00201676794591727	0.0017863868207470776	63
IGF1R	3480	0.009155290729116018	-0.012045967377114334	45
IGF2BP2	10644	-0.008240240840151408	-0.006246049627493061	42
IGF2BP3	10643	-0.0019732529248663736	0.0010901879109902217	99
IGFBP6	3489	-0.004597410011496036	0.00744033988413632	9
IGFN1	91156	-0.007049444040151724	-0.004550965545462723	33
IGSF3	3321	0.001835384972284784	0.012970490100305236	23
IK	3550	-0.007230038150820183	0.02557265287277433	107
IKBKB	3551	-0.00923030114350082	-0.001855767195985051	103
IKZF1	10320	-0.0025546334465883906	0.003500961806896186	24
IL12RB2	3595	-0.006102659493613253	-0.0004432844423972976	78
ILF2	3608	0.0037845045280944876	0.011976931138196836	135
ILF3	3609	-0.009702232411450165	0.00017698801147251683	13
ILK	3611	0.041074342311554574	0.019372518264541023	70
IMMT	10989	-0.0039743361815576285	-0.004100798343541558	112
IMP3	55272	0.12158743727972443	-0.025308626426813856	157
IMP4	92856	0.07459005113234238	-0.0066433138136996195	143
IMPA2	3613	-0.01126629145897433	-0.009615510854895605	2
IMPDH1	3614	-0.0048331050736817	-9.789401469438818e-05	130
IMPDH2	3615	-0.0012155049613718203	-0.009251574935970574	29
INAVA	55765	-0.0063646463630544405	0.0012910956154759952	72
INCENP	3619	-0.002433865676233088	0.01379697003238979	49
ING3	54556	0.00903452458850185	0.007281888115363643	14
INHBE	83729	-0.005760202179890033	-0.0022555755722408954	47
INO80	54617	0.019660070924257214	-0.01011432876242205	26
INO80B	83444	0.0028594803321071232	0.004501766655211676	20
INO80C	125476	-0.012376963660027891	-0.014739387746829332	108
INO80D	54891	0.0011254152373031626	0.002443353989710309	40
INO80E	283899	-0.002345421994198062	0.001537067027149353	8
INPP5K	51763	-0.007437974269639301	-0.000604785574529895	16
INPPL1	3636	0.0030248539032231778	0.004082002211539449	1
INS	3630	-0.009192065967959217	-0.006300525201940778	75
INS-IGF2	723961	-0.009407312810941773	-0.007175861024346689	88
INSIG1	3638	-0.011637513768097235	-0.0018143825481280503	114
INTS1	26173	-0.014370562666986943	0.002439757739301935	158
INTS10	55174	-0.007226209136080736	-0.008715258464336885	29
INTS11	54973	0.004231004692224309	-0.010446112541549101	29
INTS12	57117	-0.009401436610833869	-0.006118064759150017	42
INTS13	55726	-0.006091156780712135	-0.0014187222810143649	67
INTS14	81556	-0.011820916956129267	-0.0059762335833771565	82
INTS2	57508	-0.015066541201503351	0.0028946074703501334	158
INTS3	65123	-0.004786690322261154	-0.0021944655954423123	158
INTS4	92105	0.008010948602765263	-0.011315081871577088	6
INTS5	80789	-0.014954455164539259	0.002885972299385672	158
INTS6	26512	-0.013889170161920598	0.0052955908871780335	158
INTS7	25896	-0.014168962918031228	0.0023881131435477057	158
INTS8	55656	-0.013808747039674036	0.0022048529133266827	158
INTS9	55756	-3.2903733145761365e-05	-0.008559513594692376	29
IPMK	253430	-0.00857047222023183	-0.006132792243837156	100
IPO11	51194	-0.01117385894035668	-0.0063107452480843694	38
IPO13	9670	-0.005635884758456444	-0.0032543414431712636	87
IPO4	79711	-0.009310358228026016	-0.0076759499586923005	48
IPO5	3843	-0.00955407214989436	-0.007338078015422147	15
IPO7	10527	-0.010057247358269723	-0.003647876343978096	53
IPO9	55705	-0.0006950282678604159	-0.0066310324291950305	19
IPPK	64768	-0.007502042319334724	-0.004807131012282523	100
IQCC	55721	-0.002002566044522401	-0.007535553950884077	19
IQCE	23288	-0.011318632158033927	-0.007859330818705691	30
IQCF1	132141	-0.007723774592741949	-0.00369163132832876	144
IQCN	80726	-0.01009720088758718	0.0026473389869603623	27
IREB2	3658	-0.01317708336967621	-0.003142931365797761	82
IRF2BP1	26145	-0.0012991149527856328	0.0045788118108648235	24
IRF2BP2	359948	-0.005595236693744488	-0.001722388884990015	55
IRF8	3394	-0.007509255989328446	-0.00624125717137831	61
IRS2	8660	0.009634387087970335	-0.012034638281147248	45
IRX3	79191	-0.010149867619987471	-0.007912750704148127	140
IRX6	79190	-0.007118973246617663	-0.003219955197696566	125
ISCA1	81689	0.0020737764546433653	0.017354988968466913	5
ISCA2	122961	-0.007713481710325704	-0.004659882517891173	75
ISCU	23479	0.011896019107419532	0.03394272540660961	18
ISG20L2	81875	0.01751686030435695	-0.018058152237825517	117
ISY1	57461	0.007081246124216026	0.036167752048566953	86
ISY1-RAB43	100534599	0.00626461788330041	0.03454062223024616	86
ISYNA1	51477	-0.012765655601194203	1.0515889901610755e-06	27
ITGA3	3675	-0.006780910259099912	-0.004750127895122638	29
ITGA4	3676	-0.0077317010136322825	-0.0069707355990159805	108
ITGA9	3680	-0.009087672808912105	-0.006824680586199212	15
ITGAV	3685	0.043381347975051096	0.02093851311486639	70
ITGAX	3687	-0.006179833333621517	-0.0047785069388885364	8
ITGB1	3688	0.03991020870345167	0.019662277164839793	70
ITGB5	3693	0.037575813663937876	0.018049819172841104	70
ITIH4	3700	-0.008029845191625584	-0.004780091029692139	11
ITPK1	3705	-0.007547300998192296	-0.005970924977032563	100
IVL	3713	-0.013695387324211904	-0.012593840058041487	2
IWS1	55677	-0.006242500090145037	-0.003876185991853819	90
JAZF1	221895	-0.0061483547823206084	-0.0032828396210138125	57
JHY	79864	-0.00985160326244676	-0.009385823700658177	108
JMJD1C	221037	-0.009375225540979085	-0.004980499419069571	91
JMJD6	23210	-0.006498981065931372	-0.006529265977559008	45
JMY	133746	-0.0070097629379334385	-0.004454498026292927	36
JOSD1	9929	-0.012147295093440499	-0.008900364322269417	106
JPH4	84502	-0.003023457553538243	0.0005041828582458615	52
JTB	10899	-0.0037686646792842514	-0.0008154861053549955	37
JUN	3725	-0.008216381636090515	-0.007025010916030191	74
JUNB	3726	-0.01792918541300282	0.001927508603301895	34
JUND	3727	-0.012849902385059158	-0.004442252049772527	27
KANSL1	284058	0.023906644140366754	0.017234003306573563	70
KANSL2	54934	0.02573832912155008	0.015842442594361336	70
KANSL3	55683	0.024796425153456366	0.01650630992528251	70
KARS1	3735	0.015303293064898566	-0.0071147437621394746	43
KAT14	57325	-0.011905706514903493	-0.008846629952226176	56
KAT2A	2648	-0.011281154393718218	-0.00031099845840210137	44
KAT5	10524	0.0036144357505165045	0.00528880997009353	113
KAT6A	7994	-0.013896850018067959	-0.002603457909125399	69
KAT6B	23522	-0.002299576125206105	-0.0016495120557240962	79
KAT7	11143	0.0005169602446969746	0.0048630058887842225	1
KAT8	84148	0.019821166661649223	0.018004019439569	70
KATNB1	10300	0.002473157934608078	0.012801822777484064	155
KBTBD11	9920	-0.007941042187001915	-0.003943384784051132	104
KBTBD2	25948	-0.0029824046968840484	-0.003172363646662577	55
KCMF1	56888	0.010716457144442627	-0.005058042723053177	6
KCNA10	3744	0.0021610454394615833	0.013098100563372706	23
KCNC1	3746	-0.004250983132490379	-0.0011259455248627199	36
KCNC4	3749	0.0028130094528263537	0.013759435604479049	23
KCND3	3752	0.001762797475573695	0.012734265185363821	23
KCNG1	3755	-0.007850655565181879	-0.007828571723719169	101
KCNG4	93107	-0.009751296686219546	-0.006182764409138639	85
KCNJ12	3768	-0.009653969636071631	-0.0015235740101339967	16
KCNJ15	3772	-0.011323652071709185	-0.00569229970105537	58
KCNJ4	3761	-0.008563765576276836	-0.005759786118255929	11
KCNK4	50801	0.0029492247317447844	0.007513765512974789	3
KCNQ4	9132	-0.006081667319736351	-0.0036465163909021403	17
KCNQ5	56479	-0.004958812813474728	-0.006367031288488544	19
KCTD10	83892	0.03589539080799046	0.02522103106698864	93
KCTD12	115207	-0.00901035560740044	-0.005971708210266361	15
KCTD2	23510	-0.007465784399116174	-0.002532232489367718	51
KCTD21	283219	-0.0023945153415016146	-0.0008494688339836646	1
KDF1	126695	-0.003096760183179381	0.0023809763261568376	17
KDM1A	23028	-0.009689065074749752	-0.004112515466415692	44
KDM2A	22992	-0.0015900070537337467	0.0024478684275095752	1
KDM2B	84678	-0.009562088725457536	-0.002746191120166938	60
KDM3B	51780	2.0939930905135892e-05	-0.009309881520040728	126
KDM4A	9682	0.01369068924345503	-0.0005368612781983283	14
KDM5C	8242	-0.0013228584630626348	0.00493029997142871	73
KDM8	79831	-0.008214895166754162	-0.00313749776078008	72
KDSR	2531	-0.011252737081025588	-0.009650109906381186	12
KEAP1	9817	-0.012632907858990223	0.0029345094236097593	27
KHDC4	22889	-0.0008566530072466568	-0.0015387425291755361	80
KHDRBS1	10657	-0.005547097097616257	-0.0012962221940774903	116
KHSRP	8570	-0.008063979666903967	-0.003534392696801798	59
KIAA0100	9703	-0.008381251003456333	0.0025592359756088628	10
KIAA1143	57456	-0.008534454250427401	-0.005292565064049934	36
KIAA1211L	343990	-0.0019291538076102524	0.0020220500057910856	113
KIAA1614	57710	-0.006215962526620668	-0.003108739236718737	67
KIAA1671	85379	-0.01176518167038382	-0.004465867997665497	69
KIAA2013	90231	-0.006687189747086272	-0.006932193060788831	29
KIF11	3832	-0.002485295373042802	0.0018358578512325395	36
KIF13B	23303	-0.009581059111882126	-0.006411615906556408	85
KIF14	9928	-0.005805723361066474	0.004978628154361216	131
KIF15	56992	-0.007865443810552816	-0.0036484685688399983	60
KIF18A	81930	-0.002983077570837035	0.010413020682269318	97
KIF18B	146909	-0.005174547970455051	-0.00024651020350476563	144
KIF20A	10112	-0.002795363272791843	0.012327156950914698	131
KIF20B	9585	-0.00931834905615806	-0.009426246926938695	25
KIF22	3835	-0.0035148534609558326	-0.0046930262458247446	19
KIF23	9493	0.0005160296393720387	0.01892292710023008	131
KIF27	55582	-0.011391221163219438	-0.00922045236236877	22
KIF2C	11004	-0.004724043181808848	-0.002809628795537447	17
KIF3C	3797	-0.006188197583682374	-0.0007785195614824212	125
KIF4A	24137	-0.010005544359441983	-0.008394155019295236	25
KIF6	221458	-0.004637599271083133	-0.0029875241277421516	80
KIFBP	26128	-0.004558818158921298	-0.004993607596924693	79
KIFC1	3833	-0.005533031327178754	-0.0050448217720654625	32
KIFC2	90990	-0.006533911001605243	0.0013254288649685282	21
KIN	22944	-0.007514248456084991	0.0007264745877761739	13
KLC2	64837	0.0014050904498279725	0.003904333581063532	3
KLC3	147700	-0.01010617102782553	-0.005438320415672431	96
KLF1	10661	-0.009579515764355966	-0.0007497951184285091	77
KLF16	83855	-0.0162451149151484	0.0018701210523960339	34
KLF5	688	-0.017080874696724993	0.0016407804180916135	34
KLF7	8609	-0.006894862880794389	-0.004898733354295052	52
KLHDC8A	55220	-0.005499911341170048	-0.0014615934576553506	37
KLHL11	55175	-0.004726363331793341	0.008426701145582745	4
KLHL22	84861	-0.01008251193164022	-0.005302466930915878	11
KLHL34	257240	-0.005350851812807112	0.0025359985759810092	21
KLHL40	131377	-0.007798640621005335	-0.006200564444710596	127
KLHL7	55975	-0.005282476207510807	-0.0025286182500913966	104
KMT2A	4297	-0.0027916535941993614	-0.002843914025845282	76
KMT2B	9757	0.0008494073894897358	-0.00031370819945340654	14
KMT2D	8085	-0.005353601566655935	0.006320384685940557	9
KMT5A	387893	-0.0038509436724739375	0.0029242898240418452	24
KNL1	57082	-0.00527964316095489	0.004083480582365324	92
KNTC1	9735	-0.006182624685300397	-0.004441956263691211	17
KPNA2	3838	-0.009401435089968043	0.0024226665442827243	10
KPNA6	23633	0.003624499417105209	-0.0009658034053833635	14
KPNB1	3837	0.04016389961590211	0.0192565545936911	70
KRAS	3845	-0.006912848329900668	-4.2171102941948375e-05	77
KRI1	65095	-0.008772679085441843	-0.004009555388622287	91
KRR1	11103	0.014873494818533204	-0.01300005975305146	76
KRT10	3858	-0.00728964160496594	-0.0008893515700985924	13
KRT16	3868	-0.007970657466511837	-8.416304069909482e-05	13
KRT17	3872	-0.003939581492097801	0.012725319755546534	4
KRT18	3875	0.010299255215760987	0.0238297550665618	41
KRT2	3849	-0.004293375982174384	0.00817120347819213	9
KRT31	3881	-0.008084597039108707	-0.0032341212630802186	96
KRT35	3886	-0.007978649982218214	0.000373214421310729	13
KRT6A	3853	-0.005094582852331544	0.002473756414302611	9
KRT7	3855	-0.0046089646103196205	0.0076258207523956425	9
KRT78	196374	-0.0057917032447612204	0.003861684690625072	92
KRT79	338785	-0.005234971975647063	0.005289557424741546	9
KRT8	3856	0.0033129342678183313	0.018341110146962127	5
KRTAP10-1	386677	-0.008438012068872106	-0.005472581765105773	15
KRTAP10-12	386685	-0.006379880086630372	-0.0011046411174742414	144
KRTAP10-4	386672	-0.0143075797572965	-0.013998970622402183	30
KRTAP10-6	386674	-0.008146117873453073	-0.004723957077634723	36
KRTAP10-8	386681	-0.009990259533313275	-0.0054499451029226265	96
KRTAP10-9	386676	-0.006428399392660732	-0.001323833209736916	144
KRTAP15-1	254950	-0.008490223881074451	-0.010121087500990092	74
KRTAP19-3	337970	-0.009512779578028874	-0.004741837710727943	132
KRTAP19-8	728299	-0.012463917412675168	-0.010853543128572606	30
KRTAP2-1	81872	-0.0061653077272686265	0.0020860500385480978	13
KRTAP2-2	728279	-0.004208541442197094	0.013334719347739235	4
KRTAP2-3	730755	0.0013869586950980219	0.019315807885368838	5
KRTAP2-4	85294	-0.0075954852677502386	3.876583671706793e-05	13
KRTAP21-1	337977	-0.009922128314512718	-0.007922905250208851	126
KRTAP4-11	653240	-0.007607118541690231	-0.0034875223794346563	96
KRTAP4-2	85291	0.004512699756974758	0.02504919402451734	5
KRTAP4-5	85289	-0.007068616062250599	-0.002996697595808284	47
KRTAP4-7	100132476	-0.006272499546632526	0.009053186834401717	4
KRTAP4-8	728224	0.0015250689149863502	0.01946360147130661	5
KRTAP5-11	440051	-0.0008380547791139057	0.0023382467118295927	1
KRTAP5-3	387266	-0.006092488636809059	0.0011937131966384242	73
KRTAP5-7	440050	0.004687608654844125	0.010483672312105874	3
KRTAP5-9	3846	-0.008311589745155003	-0.003199577264521041	85
KRTAP9-4	85280	0.01802461205090059	0.034746724069686694	41
KRTAP9-8	83901	-0.010903215786795352	-0.004726225796589169	7
KRTCAP2	200185	-4.96288388153166e-05	0.011585506216569168	5
KRTDAP	388533	-0.008619465319493508	-0.009526341174756375	56
KTI12	112970	-0.0027053187599128865	-0.004124161807045214	67
KXD1	79036	-0.01287195502001878	-0.001009029294628756	27
LAD1	3898	-0.006507379997541102	-0.0026850856098548045	59
LAGE3	8270	-0.009562400968028866	-0.012383415456006018	65
LAIR1	3903	-0.00887389967559911	-0.006854276094348375	75
LAMC3	10319	-0.006645746977420501	-0.0017701635200888975	54
LAMTOR1	55004	-0.0046809572724353776	-0.0027003156913477542	111
LAMTOR2	28956	0.0048374543428728696	-0.0075291483935395805	6
LAMTOR3	8649	0.006476459686464991	-0.005776146998915497	6
LAMTOR4	389541	-0.0016410043548036072	-0.0005884769437264716	144
LAMTOR5	10542	-0.0024434134072296304	0.0009167201142148333	23
LARP1	23367	-0.009378951279512203	-0.010986537309354491	122
LARP4	113251	-0.009401127761968926	0.004497746221236293	10
LARS1	51520	0.03193034663294354	-0.0020897641116416807	43
LARS2	23395	-0.009014923409292592	-0.007215797917871999	12
LAS1L	81887	-0.003434532980971231	-0.009658184999928087	122
LAT	27040	-0.005696501962184703	-0.003492978939531308	8
LCE1A	353131	0.00032570266053320233	0.014470266162295136	5
LCE1C	353133	0.00336315113130053	0.019144984320481187	5
LCE1E	353135	-0.004560647682851764	0.0010017691899566069	80
LCE2A	353139	-0.002526993833917364	0.005876911017530965	37
LCE3A	353142	-0.00018993887705293677	0.01303689501199463	5
LCMT1	51451	-0.007259727485214064	-0.0008777435890175013	8
LCN10	414332	-0.007499649463017791	-0.0037078498837808944	67
LCN6	158062	-0.002432365579107544	0.004708428752809137	31
LCN8	138307	-0.002434067703269674	0.005438887185122815	24
LDB1	8861	-0.004119363349507763	-0.001828829529676551	44
LDLR	3949	-0.012305419842889397	0.0026320175936811368	10
LEMD2	221496	-0.006131863234840535	-0.005565731366628038	32
LEMD3	23592	-0.0022617181645624576	-0.0020091215564785143	14
LENG1	79165	-0.01005716139139416	-0.004211571514123068	114
LENG8	114823	-0.005003553738751514	0.008546643982825411	97
LENG9	94059	-0.009950007589808027	-0.0073926938401614505	140
LEO1	123169	-0.007740170237363614	0.0009717462964837808	63
LETM1	3954	-0.003964866327032787	-0.0013844646760073907	66
LEXM	163747	-0.003160030461597978	-0.0031465340033109994	17
LGALS3BP	3959	-0.008998799539998	-0.0046800942329589855	96
LGALS9B	284194	-0.006992237401536359	0.00776048333770286	16
LIAS	11019	-0.005938502836483268	-0.002325976675850471	141
LIG1	3978	-0.0042743426088483515	0.002775835325611943	55
LIG3	3980	-0.00836656893123432	-0.0010441124971332357	51
LIMD1	8994	-0.011930305766707318	-0.01028259750571636	30
LIMD2	80774	-0.00830214221829365	-0.00037989224994951486	13
LIMS1	3987	0.028575883922279957	0.01438296587121801	70
LIN37	55957	0.026013972000266918	0.007471057612990682	40
LIN52	91750	0.02522650670969655	0.007683407664958043	40
LIN54	132660	0.025305778712481877	0.006551888828929192	40
LIN7C	55327	0.003010548900404883	0.005503020376627068	3
LIN9	286826	0.020824223131649375	0.0032841260842207966	40
LINGO4	339398	-0.0038351281454101554	-0.0010826429481690537	37
LIPM	340654	-0.004770444628886505	-0.004243115052120982	66
LIPT1	51601	-0.0029485236712767757	0.0018882552725836632	113
LIPT2	387787	-0.008616024700256068	-0.00625872754026575	39
LLPH	84298	-0.0026247180006897584	0.004911371171900976	24
LMAN2	10960	-0.007610966241200993	-0.004891689106974097	81
LMNA	4000	-0.00775361291438216	0.004536192108105001	92
LMNB1	4001	0.011088346352122549	-0.02433323642643001	136
LMNB2	84823	-0.002938091893623643	0.0016831109801364915	31
LMO2	4005	-0.006405499219227131	-0.0025688373579821626	36
LMO7	4008	-0.008706376011870872	-0.006751786970038042	100
LMOD1	25802	-0.004937345607551369	0.0010501736414870477	80
LMTK3	114783	-0.011201473323475609	-0.008157415818203636	56
LMX1B	4010	0.003507258218455136	0.00282311352554222	14
LONP1	9361	-0.007998619739761289	-0.00406094175135244	104
LPA	4018	-0.002849727069086581	-0.0030574025218009088	14
LPAR2	9170	-0.01095347748328046	-0.00878148086896089	127
LRCH2	57631	-0.006723035863324537	-0.0032486173993269193	67
LRCH4	4034	-0.0034169474893707896	0.004278692557466492	24
LRP10	26020	-0.005094027564620826	-0.0047737046569742755	52
LRP1B	53353	-0.0035767349703995414	-0.006379810359848628	52
LRP4	4038	0.002729726463012316	0.004128285476173444	1
LRP5	4041	0.0016039151325648504	0.0038071809876202684	3
LRPPRC	10128	-0.00352784163315724	-0.001874843993664861	119
LRR1	122769	0.021579645895812186	0.057614296554109184	18
LRRC1	55227	-0.005703174703056399	-0.004916751162454649	32
LRRC10B	390205	0.0026722177653116116	0.0066261481608285685	3
LRRC15	131578	-0.007680768275992008	-0.0038716780143111134	81
LRRC32	2615	-0.0010014032281760287	0.002216524935566386	1
LRRC37A2	474170	-0.0027799089792541515	0.014683029910625317	4
LRRC37A3	374819	-0.0003391822362147082	0.02058021484928329	156
LRRC37B	114659	-0.008626407694855533	-0.001327968186968752	13
LRRC3C	100505591	-0.0068393824630007365	0.0001120256536677891	4
LRRC41	10489	-0.0027874197778042804	-0.002335586254191642	111
LRRC73	221424	-0.0032405100138895747	-0.002869560621943731	121
LRRC75A	388341	-0.009519413582369593	-0.0027228875771931073	16
LRWD1	222229	-0.003919179629332513	0.002103484410369692	24
LSG1	55341	0.03131413528207832	-0.027893860225759105	46
LSM10	84967	-0.005933261443537092	-0.004409130586122991	42
LSM11	134353	-0.011126071874663798	-0.00844898109621186	30
LSM12	124801	-0.003938264276735415	0.010529404724226197	4
LSM14A	26065	-0.006781013037378271	-0.0033788134529010726	36
LSM2	57819	-0.008644662370547545	0.033799658700546825	123
LSM3	27258	-0.010601592925606886	0.006588579059362166	34
LSM4	25804	-0.009592292745266011	0.033814413624464155	123
LSM5	23658	-0.008709914405170983	0.033050025034164196	123
LSM6	11157	-0.00955227452178804	0.03354094296419059	123
LSM7	51690	-0.009646130304794193	0.033252143912118726	123
LSM8	51691	-0.009412982710149165	0.03317596480492874	123
LSP1	4046	-0.010004508146389469	-0.008388953941109268	88
LSR	51599	-0.009037886116467084	-0.006547214035894733	83
LST1	7940	-0.004618508382952103	-0.0054407423383134946	32
LTB	4050	-0.005483956377659814	-0.006668054374922476	74
LTB4R	1241	-0.0008452771151495256	-0.0037371614329491654	52
LTB4R2	56413	-0.003702761748965701	-0.003246222429736379	52
LTBP3	4054	0.004169665862574091	0.007566743763890052	3
LTO1	220064	-0.009343381702679043	-0.001708847761082331	35
LTV1	84946	0.06169364405886021	-0.00448763812404116	143
LUC7L2	51631	-0.009321157090440967	-0.004180830177741359	60
LUC7L3	51747	-0.01271381250055573	0.002492474479152552	44
LURAP1	541468	-0.0040406481637757724	-0.0016610174818674898	17
LURAP1L	286343	-0.009837108379190912	-0.0065561545168778676	94
LYL1	4066	-0.011970486779096621	-5.124619595095365e-05	27
LYPD2	137797	-0.0028643702336173366	0.008887931647431017	21
LYRM2	57226	-0.0027023736914000914	0.0031382052330811323	31
LYRM4	57128	-0.010840793402312608	-0.009149905123081897	12
LYSMD1	388695	0.0016535434775536045	0.016224203717699816	5
LYZL4	131375	-0.009223763894433324	-0.0045022979405568205	85
MAD1L1	8379	-0.008674703634979566	-0.0068775449508923035	15
MAD2L1	4085	0.013230266712533967	0.029762119584555363	131
MAD2L1BP	9587	0.0026034525423919855	-0.008288313005466546	32
MAD2L2	10459	-0.007306887821612214	-0.003639302979801402	133
MADD	8567	0.002871982970796517	0.006083178649933513	3
MAEA	10296	-0.01104387757837407	-0.008313519751177263	106
MAF1	84232	-0.002903467967841931	0.006781891837576721	21
MAFF	23764	-0.0070207326225109725	0.0018696982274394795	95
MAFG	4097	-0.009671635258571076	-0.00518287008694155	51
MAFK	7975	-0.005827003398110631	0.001162716783757602	84
MAGEA4	4103	-0.009133654470350179	-0.007303117652416747	94
MAGEA8	4107	-0.007819092470836671	-0.005265630706855037	33
MAGED4	728239	-0.00796523149276949	-0.006912745236968013	126
MAGED4B	81557	-0.006886074088821928	-0.0037682344404516774	67
MAGOH	4116	-0.0057509720117808385	-0.004825527736013748	19
MAGOHB	55110	-0.007825639428398779	-0.002852544158712223	72
MAK16	84549	0.06551443327985648	-0.04060837097116694	46
MALSU1	115416	-0.006511273463859379	-0.003265338440084253	36
MAML1	9794	-0.010632032312278451	-0.005475897170964653	7
MAN1C1	57134	-0.009286911472714833	-0.008446335723303897	128
MANF	7873	-0.009620687449541143	-0.006216537698124296	90
MAP1LC3B	81631	-0.004428765465628966	0.0009122769071683224	125
MAP2K1	5604	-0.011249228345445176	-0.006240489744760247	82
MAP2K3	5606	-0.010038367031261635	-0.001795517269722245	16
MAP2K7	5609	-0.011295589322615965	-0.003160513031476449	7
MAP3K11	4296	-0.0001683740065703248	0.0028616174516503203	1
MAP3K7	6885	-0.004971277908342831	-0.006607532971950513	32
MAP4K2	5871	0.0024780524194729842	0.006300859338968846	3
MAP7D1	55700	0.00416193353896334	-0.010212884776220222	6
MAPK1	5594	-0.01160316998141015	-0.003976965185238149	53
MAPK14	1432	0.0004636363087167297	-0.003312111081109139	121
MAPK15	225689	-0.007575732682487026	-0.0029367300328033905	54
MAPK3	5595	-0.00503463423090129	-0.0020651232717403493	8
MAPKAP1	79109	0.006583965070282019	-0.0073168783587446145	6
MAPRE1	22919	-0.006512965173926352	-0.004460672979101377	110
MARCHF4	57574	-0.006821509151215021	-0.005718202182060701	12
MARCHF5	54708	-0.0053279552309926596	-0.0076345103398458986	61
MARCHF6	10299	-0.006818035218252233	-0.0044481270912437405	75
MARCHF9	92979	-0.0019887437573233246	0.004788785096820213	99
MARK2	2011	0.02345369938461861	0.011356862210923297	70
MARS1	4141	0.003119426238583224	-0.007770985123918093	121
MARS2	92935	-0.010165317371970132	-0.009496020872500182	65
MARVELD3	91862	-0.008316351419694421	-0.002178605859634921	8
MAST3	23031	-0.012026473124073426	-0.0006127136286443632	27
MAST4	375449	-0.009276263087401513	-0.004938121891209828	83
MASTL	84930	-0.001107662562885741	0.004971527935135891	135
MAT2A	4144	0.030726257362257876	-0.002531252969873183	43
MATK	4145	-0.011502621923909962	-0.0041388133840041565	7
MATR3	9782	0.00011456324811105002	0.00199109081649323	148
MAU2	23383	-0.008420806420600398	0.004934761366246868	159
MAX	4149	-0.010481786139844346	-0.003377450533160532	13
MBD2	8932	-0.0031730446473082403	-0.0037495256982338038	14
MBD3L2	125997	-0.008308611921769946	-0.00035912291644167273	103
MBD3L3	653657	-0.01038036983583536	-0.0008849029832792746	103
MBD3L4	653656	-0.00578575020376598	0.009126320679717205	4
MBD3L5	284428	-0.005392381924302232	0.0017756033319641928	8
MBNL1	4154	-0.0070513699693560755	-0.0030879328896665855	47
MBTD1	54799	0.0017180535022100062	-0.006560097092578971	6
MBTPS1	8720	-0.005253311650139969	-0.0012775127369972308	8
MBTPS2	51360	-0.0073649966427340756	-0.006674214430433066	74
MCAT	27349	-0.006220708416968824	-0.004327053905121077	125
MCF2L	23263	-0.011386494688887732	-0.0074792310618861605	56
MCL1	4170	-0.010398663927521142	-0.01057095778755933	98
MCM10	55388	0.014725623390792569	0.04526594693794472	18
MCM2	4171	-0.005111294217959155	0.0018301312491060145	9
MCM3	4172	-0.007104601902435461	-0.007189108351970479	100
MCM3AP	8888	-0.012835937281673187	0.011627670555783391	28
MCM4	4173	-0.008878711096993746	-0.007196255908284312	81
MCM5	4174	-0.009179256432372102	-0.006196753657856037	81
MCM6	4175	-0.004206086149955857	-0.0023358456890686637	66
MCM7	4176	-0.0027455214229664972	0.005838607748154669	99
MCM9	254394	-0.009582328972653625	-0.006811297519781258	85
MCMBP	79892	-0.007192289855818771	-0.005405646908691515	101
MCOLN1	57192	-0.009201104722970276	-0.0017645722496002496	103
MCPH1	79648	0.0011221271217391792	-0.00834881369925802	122
MCRS1	10445	0.024948613075823165	0.014418252531006726	70
MCTP1	79772	-0.0030747530937211692	0.0029945051735189103	24
MCTS1	28985	-0.01137351515952606	-0.009269386787414582	30
MDC1	9656	-0.014058677700073208	-0.014641151748305	0
MDH2	4191	0.0023868879898565035	0.006923392359100057	93
MDM2	4193	-0.006792931331861822	-0.002927139296531342	160
MDM4	4194	-0.00572701717358514	-0.0014508597673743063	80
MDN1	23195	0.04816370664494784	-0.0345498144017534	46
ME2	4200	-0.014323338467983594	-0.013801314103077219	2
MEAF6	64769	0.002349479909155432	0.002673879378653088	1
MEAK7	57707	-0.008247518176122558	-0.004945808031411567	32
MECR	51102	-0.00705903794386718	-0.001773983861286911	84
MED1	5469	-0.009345495133359463	0.0006806422678997757	10
MED10	84246	-0.018779339574910993	0.006904846437843507	28
MED11	400569	-0.017316687573290204	0.004903611887480959	69
MED12	9968	-0.018309411268706947	0.004089595634609535	34
MED13	9969	-0.013175973825069626	-0.0034298926872520356	82
MED13L	23389	-0.01277234080466685	-0.0035083801521134774	69
MED14	9282	-0.019381439461210164	0.008175431596181799	28
MED15	51586	-0.015871079009536996	0.0008826710226528019	34
MED16	10025	-0.01277958386422037	-0.004196944796723372	53
MED17	9440	-0.01956796591920337	0.009075084707850137	28
MED18	54797	-0.015513587920564367	0.001009935006922986	69
MED19	219541	-0.01428666568727174	-0.0018106963050394487	69
MED20	9477	-0.018516816639752822	0.00857677297132763	28
MED21	9412	-0.019399572219703162	0.00905984660906289	28
MED22	6837	-0.015174746450457953	0.0034132223158783418	69
MED23	9439	-0.014294221761326362	0.00177963847359007	34
MED24	9862	-0.011856333510065993	0.0036220281842460115	10
MED25	81857	-0.010677832642036965	-0.005741326431039078	75
MED26	9441	-0.003912100381003189	0.0114367284929088	28
MED27	9442	-0.019093178293346048	0.007752225264141084	28
MED28	80306	-0.01981518893371822	0.008516329087731951	28
MED29	55588	-0.014460175199446552	-0.0015542826239080543	69
MED30	90390	-0.019052921536053362	0.007831890387812524	28
MED31	51003	-0.017739887454149547	0.009871044330522952	28
MED4	29079	-0.01974054731253251	0.008236535421057692	28
MED6	10001	-0.017147884808326713	0.011607796860912803	28
MED7	9443	-0.01948545419180558	0.009444352491927637	28
MED8	112950	-0.013196621699503407	0.012841897975280056	28
MED9	55090	-0.014817647242125802	0.0013417670511161992	69
MEF2B	100271849	-0.013128849193143593	-0.0031732575825832252	27
MEF2C	4208	-0.009528046869667468	-0.009499555081017142	25
MEF2D	4209	-0.0034450105740633664	-0.0011207193411990168	37
MEIOC	284071	-0.005327529735498801	0.001940798732713056	116
MEIS1	4211	-0.008782193774210098	-0.005900597848466911	146
MEMO1	51072	-0.010472491539938136	-0.004022510959248907	13
MEN1	4221	0.004031900280378766	0.0038067311050882743	71
MEPCE	56257	-0.006223339651070033	0.015177512383670601	123
MEPE	56955	-0.0073830708071096224	-0.0074902829260037745	61
METAP1	23173	0.010725086943534376	0.0018418557260090748	14
METAP2	10988	0.04554290351786463	-0.03333458887554077	46
METTL1	4234	-0.006045271862661995	-0.0031628579451394587	79
METTL14	57721	-0.010259906427250238	-0.009727154935597483	69
METTL15	196074	-0.00036751599105954477	0.002424609855388193	1
METTL16	79066	-0.008289994176622517	-0.0016663744562121705	16
METTL17	64745	-0.0030205603692823697	-0.005091189229096274	52
METTL23	124512	-0.012100651676414116	-0.004625351006322342	7
METTL25	84190	-0.00745358351179352	-0.0030053870442804474	33
METTL3	56339	-0.007317567394894135	-0.010122642763449008	69
METTL7A	25840	-0.0052757444263586565	0.00240416134772823	9
METTL7B	196410	-0.0028798908240953718	0.0069943550817159065	9
MEX3A	92312	0.0013322287853805728	0.015499971720104899	5
MEX3C	51320	-0.01557109573010909	-0.016046089664732012	2
MFAP1	4236	-0.009619617087879565	0.02064746886284335	107
MFN2	9927	-0.00919944909572178	-0.004728648327594526	11
MFRP	83552	-0.007876871730139493	-0.007839167477564139	61
MFSD12	126321	-0.011874436812613206	-0.0022397031192955535	7
MFSD13A	79847	0.00011996123787005173	0.002634453063061609	115
MFSD14A	64645	-0.007424866255842097	-0.003933200035238381	110
MGA	23269	-0.010706940966685341	0.005322710530442162	10
MGAT1	4245	-0.010293591364200898	-0.00685937800494109	98
MGAT3	4248	-0.008739174563059879	-0.0032279126966150906	35
MIB1	57534	-0.010907334881245354	-0.007962061131458607	56
MICALL1	85377	-0.008809972186865416	-0.0034125877587322015	13
MICALL2	79778	-0.0071934304331267	-0.003943172733685387	36
MICB	4277	-0.00641299084638924	-0.005140109023871617	32
MICOS10	440574	-0.008053823522165422	-0.00611292435368881	42
MICOS13	125988	-0.010719862051902009	-0.006118315663724477	83
MICU1	10367	-0.005293249106388753	-0.0017054023096751858	109
MIDN	90007	0.0194307400004669	0.00933159576614131	40
MIEN1	84299	-0.01253029497818565	-0.008157897729096517	56
MIGA2	84895	-0.0030800770285794627	0.008564105672748847	21
MINDY1	55793	-0.002806148713138782	0.003833387630061436	80
MINDY2	54629	-0.009213949929710462	-0.006451199163720509	83
MIOS	54468	0.0022010244076779337	-0.010356129873753851	29
MIPEP	4285	-0.009701011301722401	-0.006163882822473328	11
MIS12	79003	-0.007700783350879076	-0.0024233150128416528	51
MIS18A	54069	-0.008517214281143503	-0.00584772459488923	146
MIS18BP1	55320	-0.006878312762869522	-0.003267223731267922	51
MKRN1	23608	-0.007100320082523134	-0.0023294318638875738	87
MLLT1	4298	-0.010321356911032984	-0.006380748369706484	94
MLLT6	4302	-0.008150660783742346	-0.0023055956991808015	51
MLST8	64223	0.006219314035053186	-0.009092667777360232	6
MLX	6945	-0.006992323385671334	0.002937184823755973	4
MMAB	326625	-0.006839828478864831	-0.0052034519652530975	68
MMACHC	25974	-0.005790175189308336	-0.003725329555711945	17
MMGT1	93380	-0.007760980357745604	-0.008561859968694047	118
MMP17	4326	-0.007295820233301359	-0.003322876662200298	87
MMP25	64386	-0.006961632301434116	-0.0017872507697061755	54
MMS19	64210	-0.004502365487778729	-0.005798314478118666	79
MMS22L	253714	0.019635271716970545	0.05397442979443221	18
MNAT1	4331	-0.008572407581101168	-0.0072531504396268955	90
MNT	4335	0.004178378676240202	0.0037631093556264902	71
MOB4	25843	0.015091365687435087	-0.007715280101403975	26
MOCS3	27304	-0.007100022253314156	-0.006012396425504499	101
MOG	4340	-0.00281468174208346	0.003090507245315018	31
MOGS	7841	-0.005468014173129668	-0.002603619776373433	57
MOK	5891	-0.006749704427352814	-0.0027268015719180403	59
MON1B	22879	-0.007218642851709851	-0.0027140039125903366	109
MON2	23041	-0.007434932274048297	-0.00368360781637987	47
MORF4L1	10933	-0.000767177989753386	0.002485174609910275	77
MPDU1	9526	-0.013371168422349476	-0.00039481684949695583	106
MPHOSPH10	10199	0.06538400756836261	-0.030262564819138485	151
MPHOSPH6	10200	-0.0030814337875322458	-0.011157548335835377	122
MPI	4351	-0.0085075569910659	-0.0020532909243927817	35
MPND	84954	-0.010627043626391953	-0.005961179715819916	88
MPP3	4356	-0.008662375435958799	0.0043930659887165486	49
MPRIP	23164	0.0007849648713206221	0.00253105087974096	148
MPV17L	255027	-0.005554120438790433	-0.0009455808418266066	142
MPV17L2	84769	-0.01203058966972877	-0.0026635019782262574	58
MPZL1	9019	-0.007029295925601318	-0.0056923455800024425	74
MRE11	4361	-0.004037484028414208	-0.0017796911504505159	89
MRGBP	55257	0.002271508520674724	0.0036541687408483655	71
MRGPRE	116534	0.003396245930029263	0.008993520222387925	135
MRGPRG	386746	-0.007968605126565137	-0.007112486753872502	64
MRGPRX1	259249	0.001535955772237448	0.00495164407617629	3
MRM2	29960	-0.009875980643304501	-0.006146110293106755	140
MRM3	55178	-0.009002181892217628	-0.0049609110952482174	36
MROH7	374977	-0.0060552529811639935	-0.005455597993483779	19
MRPL1	65008	-0.007921735286780153	-0.00703627478714427	61
MRPL10	124995	-0.00641930467191188	0.008057262624146919	4
MRPL11	65003	0.003510487440366917	0.008380192532920243	3
MRPL12	6182	-0.006022402785820271	-0.0010135671742207962	77
MRPL13	28998	-0.007779314824816797	-0.0037879714695289017	47
MRPL14	64928	-0.0047136331106344765	-0.0030429654876534163	111
MRPL15	29088	-0.008066279994731283	-0.002386266068585417	103
MRPL16	54948	-0.00021417302609072117	0.002964111765883186	1
MRPL17	63875	-0.006981346445274962	-0.005878463155845586	119
MRPL18	29074	-0.007701963641839564	-0.004041832350704584	77
MRPL19	9801	-0.006983923604278039	-0.0013589286042352542	77
MRPL2	51069	-0.0039441535948364515	-0.003113033229809296	111
MRPL20	55052	-0.0027353087808653035	0.002137419935584139	142
MRPL21	219927	-0.0009245763404516774	0.0009987579634501231	1
MRPL22	29093	-0.010544539416421542	-0.0076155186787080645	75
MRPL23	6150	-0.008998757174811769	-0.007358385342568541	61
MRPL24	79590	0.00034097213787811484	0.010317583135534804	23
MRPL27	51264	-0.007496861749395319	-0.002205136206178435	13
MRPL28	10573	-0.007209696210483964	-0.0022271802265272506	54
MRPL3	11222	-0.006284244164680924	0.0011279125707520773	9
MRPL30	51263	0.0001503148749821439	0.0028118624912197043	1
MRPL32	64983	-0.004460228269517724	-0.0011530602709662822	55
MRPL33	9553	-0.009780288783669397	-0.005957051968157626	75
MRPL34	64981	-0.01180468289755028	-0.004459255280429278	7
MRPL35	51318	-0.0031197295038362005	0.0011601511512246755	113
MRPL36	64979	-0.00491303393927561	0.003340650089099329	21
MRPL37	51253	-0.006449858708896415	-0.004108557848044999	75
MRPL38	64978	-0.005381356364318964	-0.0011952564260130063	95
MRPL39	54148	-0.009534916740300181	-0.00598714790446403	75
MRPL4	51073	-0.01184384268052448	-0.0038323722168821287	53
MRPL40	64976	-0.008742838615232874	-0.007529368814691899	101
MRPL41	64975	0.002327539832204002	0.004759389890690996	3
MRPL42	28977	-0.0075554236064756895	-0.0035882749051050268	47
MRPL43	84545	-0.005941457728718759	-0.0035968644811745264	75
MRPL44	65080	-0.0017956598190133476	-0.0007358251290525088	119
MRPL45	84311	-0.005403509190134379	0.005655600184677602	4
MRPL46	26589	-0.005323727542319151	-0.0012259944508370417	77
MRPL47	57129	-0.00587532155614096	0.0005140098762233283	9
MRPL48	51642	0.003648599538977205	0.0053561411135481215	1
MRPL49	740	-0.0012405157065456718	0.0015154528678404946	1
MRPL50	54534	-0.0011333823762642392	0.004814244528377736	24
MRPL51	51258	-0.004292749001691365	0.00496282729341706	21
MRPL52	122704	-0.00482328478457157	-0.0032486081328512184	119
MRPL53	116540	-0.007725803692255168	-0.003494773937876139	47
MRPL54	116541	-0.008970388990001079	-0.0028886969555256582	59
MRPL55	128308	-0.007115426446148195	-0.0032334156540769475	77
MRPL57	78988	-0.005327722274714366	-0.0027440463173042423	119
MRPL58	3396	-0.006198003419860866	-8.434899155332689e-05	84
MRPL9	65005	-0.0044544210768170086	-0.001364623605487445	111
MRPS10	55173	-0.005213593556182842	-0.0027380403108365095	111
MRPS11	64963	-0.011379426674712841	-0.0034670917413685692	53
MRPS12	6183	-0.005471197377730702	-0.002095851896652714	1
MRPS14	63931	-0.0037000202206157315	-0.0032526729097413333	111
MRPS15	64960	-0.007034819189809686	-0.005384049994411506	33
MRPS16	51021	-0.0027317312909912387	0.0032067695336391753	73
MRPS17	51373	-0.0005376883980218377	0.005463468568139774	24
MRPS18A	55168	-0.005173492137210139	-0.004237319388253164	111
MRPS18B	28973	-0.005525939481757806	-0.004487238217833078	111
MRPS18C	51023	-0.00605917382486549	-0.0029149688704130754	75
MRPS2	51116	-0.005097795593936021	-0.00375810023871066	66
MRPS21	54460	0.0012853327146837398	0.01592530787350681	5
MRPS22	56945	-0.009049216128128798	-0.006474135145329635	39
MRPS23	51649	-0.010369808081602679	-0.004888381422779996	91
MRPS24	64951	-0.004106356146804036	0.0012990789660133316	24
MRPS25	64432	-0.009702481271904085	-0.007573143962765444	12
MRPS26	64949	-0.01007455262134434	-0.007878105937324315	38
MRPS27	23107	-0.008116565752692647	-0.005323456003954944	36
MRPS28	28957	-0.008856569689254655	-0.004131998198168434	47
MRPS30	10884	-0.007363778792954089	-0.003323776603103314	33
MRPS31	10240	-0.008949093623711973	-0.007889172707944415	65
MRPS33	51650	-0.007489062215617561	-0.0014496961684814914	77
MRPS34	65993	-0.006747777673010027	-0.0013237294627248275	54
MRPS35	60488	-0.0071815394885724505	-0.00193579177008014	77
MRPS36	92259	-0.00874224952028701	-0.005288945433867405	11
MRPS5	64969	-0.001122363131258506	0.0027206476000298913	113
MRPS6	64968	-0.011563424991986069	-0.009418361838693101	30
MRPS7	51081	-0.0070521898071159266	-0.0011675638943434194	95
MRPS9	64965	0.00128471597534274	0.004439334489441415	1
MRTFA	57591	-0.007828038324049599	-0.004416281160896259	11
MRTO4	51154	0.006133954520913536	-0.013407689662717368	117
MSH5	4439	-0.005149602305669296	-0.005730679765343755	66
MSL1	339287	0.004638417345478943	0.007085244043860297	71
MSRB1	51734	-0.00842351732472732	-0.002199320566244689	72
MST1	4485	-0.004602825831045131	0.002802659467735497	78
MSTO1	55154	-0.005822215296253338	-0.0027828570691797744	67
MT1E	4493	0.004333597380860542	0.021987130999164814	5
MT1G	4495	0.002177874014454452	0.017414232597111945	5
MT1X	4501	-0.006422470109934474	-0.0011071940542183903	84
MT2A	4502	0.001167376231687134	0.016705853525986105	5
MTA2	9219	0.008376980898898788	0.009273671391584729	135
MTBP	27085	0.017591828181297547	0.04980233641249113	18
MTCH2	23788	-0.00815185698224272	-0.005027370662915767	75
MTERF3	51001	-0.009517719648212773	-0.007009359369831957	85
MTERF4	130916	-0.010132632764020395	-0.008605478683966708	12
MTF1	4520	-0.005977871705435696	0.00304089960599688	77
MTFMT	123263	-0.008000359583466753	-0.0005246307889984572	35
MTG1	92170	-0.007020191797457929	-0.004089055097775597	36
MTG2	26164	-0.005761209000409036	-0.00047706187654105787	73
MTHFD1	4522	-0.004868551448892143	-0.0037737036383885037	19
MTHFD1L	25902	-0.0062227882046488325	-0.0021078910020071524	59
MTHFD2	10797	-0.005823340483183291	-0.0005297218168917019	73
MTIF2	4528	-0.005637739636084212	-0.0028966780647962176	57
MTMR3	8897	0.0003155873548618902	-0.011113132071340999	122
MTO1	25821	-0.005927905730279686	-0.0061374027511405865	39
MTOR	2475	0.0102387243560048	-0.01255000731942769	6
MTPAP	55149	4.3392689542418234e-05	-0.00014040934246381992	14
MTREX	23517	0.028683153979175813	-0.01758011899726093	129
MTRF1L	54516	-0.005970092111984971	-0.0006860598841222021	55
MTRNR2L1	100462977	0.0034051390963061837	0.02022314120726368	5
MTRNR2L8	100463486	-0.006195098880415895	-0.002497237830281821	36
MUC16	94025	-0.010741550323230686	-0.00338493092793836	91
MUC20	200958	-0.009510157026584453	-0.00811094698967706	98
MUC6	4588	-0.010724655094204226	-0.004772064424757178	56
MUS81	80198	0.0023019639154111603	0.005545140849130679	3
MVB12A	93343	-0.01085914909577287	-0.005649504070430832	7
MVD	4597	-0.004420623915474912	0.000989675472528861	31
MVK	4598	-0.005801369083228551	-0.005228021618888102	17
MX1	4599	-0.011430436450965137	-0.007349821581293392	56
MXRA7	439921	0.00287939240042346	0.014407926975148448	20
MYB	4602	-0.010177356551181382	-0.009763769799251363	65
MYBBP1A	10514	-0.0026262045967441997	-0.004313845714929698	16
MYBL2	4605	0.006459521709723034	-0.009242589777392054	76
MYBPHL	343263	0.0024156725791649007	0.014083829451912217	23
MYC	4609	-0.008778113716954208	0.0013454749096810466	13
MYCBP	26292	-0.005531990971585055	0.0005144259776129035	78
MYD88	4615	-0.0070821639575110494	-0.007350454971327912	81
MYH4	4622	-0.008887742293689693	-0.0018364067985233473	16
MYH7B	57644	-0.0052334769443083155	-0.011333289604549218	25
MYH9	4627	-0.008402301949398932	-0.005391226368445693	11
MYL12A	10627	-0.011064578906059663	-0.009255421996553777	30
MYL12B	103910	-0.00630540888730348	0.0013077513279005381	116
MYL6B	140465	-0.00558427106714159	-0.0023946732235705496	47
MYL9	10398	-0.007823387536741699	-0.005910463318007189	32
MYLK2	85366	-0.01058157690756623	-0.006850796687761756	22
MYLK3	91807	-0.006826920090574072	-0.0017284400330234608	54
MYO15A	51168	-0.0070190150743377295	0.007588958900335455	16
MYO18A	399687	-0.006064734502721797	0.005916687037173064	4
MYO1G	64005	-0.007560736682189659	-0.004758518941767592	67
MYO1H	283446	-0.004070085355861805	-0.001890306151979111	111
MYOC	4653	-0.005014408109666109	0.0006107864842315311	80
MYRIP	25924	-0.009246944281479982	-0.008083588064461205	61
MYT1L	23040	-0.007815090933524055	-0.003911722841025245	59
MZF1	7593	-0.008222660393460734	0.0029011914691461325	49
MZT1	440145	-0.011674468628009062	-0.0038002379067032057	82
MZT2A	653784	-0.004403762338180176	-0.0032484544958214347	14
N6AMT1	29104	-0.008597046560287008	-0.00116323447263289	91
NAA10	8260	-0.013761710799982323	-0.0037296009294954377	69
NAA15	80155	-0.013569115001484207	-0.004011035476417916	69
NAA20	51126	-0.0077879510793438	-0.010060787788154838	25
NAA25	80018	-0.008095802750951238	-0.0066420244598661615	60
NAA30	122830	-0.007779929956226228	-0.003984519109116623	90
NAA35	60560	-0.008759133140979643	-0.005013981557476638	90
NAA38	84316	-0.008653061685344523	-0.003076091995964012	132
NAA40	79829	9.133819134529227e-05	0.002199789589091727	111
NAA50	80218	-0.005677900321692043	0.001305984917149305	54
NAALADL1	10004	0.004384611603622525	0.0075689597036458466	3
NACA	4666	0.035927774689543716	0.025785851825538136	93
NACAD	23148	0.0008163573785778221	0.00322119795971719	115
NACC1	112939	0.01784057910920622	0.008615313090949142	40
NADK	65220	-0.010465451631002539	-0.003760449220297845	48
NAE1	8883	-0.0004814132606796124	0.00783668217870918	132
NAF1	92345	-0.009304738953352272	-0.011067862786271537	2
NAGK	55577	-0.00570473439187601	-0.0015723653827915923	57
NAGLU	4669	-0.007098633434000955	0.0030721567140203185	4
NAMPT	10135	-0.005624194788378919	-0.0033829078575767324	36
NANOG	79923	-0.007821866907638156	-0.0027424249117831714	72
NANOS1	340719	-0.005412362644825338	-0.005164689449030193	39
NAPA	8775	0.029981503156246377	0.006348626569888359	105
NAPG	8774	-0.012711464390630924	-0.0044789625551881485	82
NAPRT	93100	-0.008683884147329311	-0.0007332022083731166	103
NARS1	4677	0.05191871322014336	0.0022711918635006556	43
NARS2	79731	-0.0074543446916881745	-0.004421639058734993	47
NASP	4678	-0.005607291833244336	-0.005540756269771898	19
NAT10	55226	0.009133849642518238	0.0032081728822518137	3
NAT14	57106	-0.011144731982344539	-0.01021544650650729	30
NAT8	9027	-0.00993307408494098	-0.006722931048472626	146
NAV1	89796	-0.007011382783444854	-0.0036899625688248546	33
NBAS	51594	-0.003856869235304814	-0.012676914147120523	128
NBEAL1	65065	-0.005456225321331835	-0.0048421601460495595	52
NBPF10	100132406	0.018248497050495235	0.036338785367240924	41
NBPF11	200030	0.016721418428687445	0.034669813275900144	41
NBPF12	149013	0.018912692685163476	0.03613552215128872	41
NBPF15	284565	0.017354365190036185	0.03537842109766902	41
NBPF3	84224	-0.005046304169135077	0.0005111037505032367	80
NBPF6	653149	0.001137330205748328	0.008656594383865542	23
NCAN	1463	-0.012225850087961624	-0.0039442271993436065	7
NCAPD2	9918	0.0013371060702847438	0.015046313737169116	102
NCAPD3	23310	-0.007418869629665944	-0.007275966900800822	100
NCAPG	64151	0.0008024393954656962	0.014804977554329076	102
NCAPG2	54892	-0.002537868345154256	-0.0025172891250244494	130
NCAPH	23397	0.0007958993440810665	0.013745701687034659	102
NCAPH2	29781	-0.007420476255797247	-0.004386961872727565	32
NCBP1	4686	0.02658699073187201	0.013949671449420687	70
NCBP2	22916	0.025834087221735084	0.013347508296429887	70
NCBP3	55421	-0.004969526224376381	0.0038486097687549926	16
NCKAP1	10787	0.03847005974495187	0.018083430749266112	145
NCL	4691	0.05048870552128641	-0.03564068479544362	46
NCLN	56926	-0.009443111564287582	-0.002723996703450045	91
NCOA2	10499	-0.010028526413660489	-0.004530798445559751	60
NCOA4	8031	-0.0074931976379733764	0.00045681489272934536	78
NCOA5	57727	-0.007837636570644006	-0.007425932861144215	100
NCOR1	9611	-0.0070130403884452516	0.0008881597692654451	16
NCOR2	9612	-0.01069398386084769	-0.011762284987504373	69
NCR2	9436	-0.005257750007905336	-0.005934906442581104	32
NCR3	259197	-0.006077708525054977	-0.00605868766369212	66
NDC1	55706	-0.009828889234845966	0.00309336762647541	10
NDC80	10403	-0.006895179083496045	-0.0030956091257232556	32
NDE1	54820	-0.008319383722803724	-0.002483351034033114	51
NDOR1	27158	-0.00254371518875564	0.0057168095627367025	24
NDRG3	57446	-0.008600562685565371	-0.009285439536761437	25
NDST2	8509	-0.001999358590327714	0.0077936918317030885	73
NDUFA1	4694	-0.011748904291777839	-0.011380952090651979	65
NDUFA10	4705	-0.008684913242056912	-0.0067296528378739	36
NDUFA11	126328	-0.010176002609833205	-0.0031058360738978933	77
NDUFA13	51079	-0.010902734137104532	-0.001483584095345772	58
NDUFA2	4695	-0.0016268536366705463	0.0015655474603045942	1
NDUFA3	4696	-0.00931630648476041	-0.006666925920575757	75
NDUFA4	4697	-0.001510646959344775	0.005654680010253062	99
NDUFA5	4698	-0.007646121283739378	-0.004704776704726814	89
NDUFA6	4700	-0.008312906620273754	-0.004689999513697225	77
NDUFA7	4701	-0.010869350087960031	-0.005491855120498602	83
NDUFA8	4702	-0.00440515924931304	-0.0019111113278121982	89
NDUFA9	4704	-0.007680214811241866	-0.002083942975235959	77
NDUFAB1	4706	-0.008487028106650103	-0.005473485292790238	11
NDUFAF1	51103	-0.009636627387111138	0.0005829581504300942	35
NDUFAF3	25915	-0.009461347123452712	-0.0048311020195637945	85
NDUFAF4	29078	-0.008154279581829148	-0.002462588441117196	51
NDUFAF5	79133	-0.010867374592326123	-0.00956721615669878	30
NDUFAF7	55471	-0.01027686211253083	-0.006830109580574113	146
NDUFAF8	284184	-0.005803976295083854	-4.249142354699446e-05	103
NDUFB1	4707	-0.013096126736919487	-0.012258249916343474	30
NDUFB10	4716	-0.010250023560166535	-0.005935062242075317	47
NDUFB11	54539	-0.009478117948290342	-0.007238497099381743	94
NDUFB2	4708	-0.00670864576504739	-0.002222521600607325	77
NDUFB3	4709	-0.005746283621486807	-0.004017207858179689	66
NDUFB4	4710	-0.009084237322046839	-0.0046841996898766836	75
NDUFB5	4711	-0.00537215799170281	-0.002766245677511605	89
NDUFB6	4712	-0.00998059347349909	-0.004262197810772014	114
NDUFB7	4713	-0.010788905687377203	-0.002510601375956621	77
NDUFB8	4714	0.00017131299375797707	0.001792434197505024	1
NDUFB9	4715	-0.004096893817663051	0.0016193641883217047	77
NDUFC1	4717	-0.008206535255828902	-0.005360770921542676	77
NDUFC2	4718	-0.004346681648747117	-0.000928034094329835	109
NDUFC2-KCTD14	100532726	-0.006965055832244529	-0.005399090123200152	36
NDUFS1	4719	-0.002222662326633798	0.0014569690150602547	77
NDUFS2	4720	-0.005471608772848453	0.00037768681263126985	37
NDUFS3	4722	-0.0007076498883260374	0.0024811789166941565	1
NDUFS5	4725	-0.006130882414981213	-0.004334374455809631	17
NDUFS7	374291	-0.00974766730967576	-0.0006748673163467997	103
NDUFS8	4728	0.0039043985676170978	0.005466998019652299	1
NDUFV1	4723	0.002935070523386725	0.005991223496452941	3
NDUFV2	4729	-0.008115605992475211	-0.004548644885872415	77
NEDD1	121441	-0.006086246159208681	0.009310969143933128	97
NEDD8	4738	0.012371890549486404	0.016342138275972837	93
NEFM	4741	-0.011069604190922537	-0.008675894692184842	22
NEIL1	79661	-0.007186905611704535	-0.0017608340495205855	35
NEK1	4750	-0.00397471748007413	-0.004509149145237171	19
NEK2	4751	0.0009952159673737584	0.011338936619819447	23
NEK6	10783	-0.0015417601474063518	0.000543840371891646	14
NELFA	7469	-0.009434228064249957	-0.006210955770212391	60
NELFB	25920	-0.006398619781921268	-0.003594480703800852	47
NELFCD	51497	-0.010179328691565504	-0.006375094490300029	60
NELFE	7936	-0.008623176493996054	-0.007381651872643106	101
NEMF	9147	-0.0046570249268685256	-0.005826759657951188	52
NEPRO	25871	0.03221114944491303	-0.01595289692281591	26
NEUROG3	50674	-0.004702061945352557	-0.0015031327403902397	109
NFATC2IP	84901	-0.007715454088172478	-0.00844446782917031	22
NFATC4	4776	-0.005359905606261941	-0.005117289589984894	52
NFE2	4778	-0.0038304809092639786	0.008187734053065387	9
NFE2L1	4779	-0.006842956351624595	0.0027804731466058233	106
NFE2L2	4780	-0.004760817615963338	-0.0035756222209335905	66
NFE2L3	9603	-0.007222512150647275	-0.0043571668852678495	90
NFKB2	4791	-0.008216520885588855	-0.010280214415853436	25
NFKBIB	4793	-0.009006893908116419	-0.0048824578244879195	96
NFKBIE	4794	-0.0056572575446233574	-0.0057891588251607765	32
NFRKB	4798	0.008309874781864252	-0.007004018498333739	26
NFS1	9054	0.002146699904130831	0.008851377053380427	120
NFU1	27247	-0.0064726269280774035	-0.0014756039071081469	87
NFYA	4800	-0.009935961357761605	-0.003318348088683627	106
NFYB	4801	-0.01287078727569902	0.001008474459829038	106
NFYC	4802	-0.01207638064880937	-0.0004463563474083409	106
NGDN	25983	0.032310648340064245	-0.015035464564745325	26
NGLY1	55768	-0.012236505448540255	-0.009592169152196987	30
NGRN	51335	-0.00934405034308516	-0.0022682107393562118	53
NHLRC2	374354	-0.007492083696007751	-0.005634177252921317	109
NHP2	55651	-0.0012219708239936886	-0.0033754415670790264	111
NHSL1	57224	-0.008045821118919643	-0.006098127783893238	110
NIBAN3	199786	-0.008370336234555043	0.0007488968027213165	72
NIFK	84365	0.05990683652980736	-0.03861541062042827	46
NINL	22981	-0.01116945199294736	-0.008638048923434817	30
NIP7	51388	0.04874506985882247	-0.03427271451510376	46
NIPAL2	79815	-0.010326816365581908	-0.007267793551191146	83
NIPBL	25836	-0.0071560712158511295	0.0055455614096824495	159
NISCH	11188	-0.005685832398910802	0.0005317834107700603	78
NKAP	79576	-0.008626145939088736	-0.0046071847594665715	96
NKAPD1	55216	-0.008557442227803367	-0.007166502991401302	39
NKTR	4820	-0.005035832002592837	-0.00235574902420666	133
NKX2-5	1482	-0.010101548137534338	-0.007530357307791393	124
NKX6-1	4825	-0.004641692047668356	-0.003053000735709415	79
NLE1	54475	0.03849512113456645	-0.029403595234376842	46
NLRP13	126204	-0.009757616918226615	-0.007085340093657779	15
NLRP2	55655	-0.008564973725087422	-0.005753472617722087	75
NMD3	51068	0.05326442556773332	-0.03672310560762056	46
NME2	4831	-0.007513479338499398	-0.001226026163396923	96
NME5	8382	-0.008633521004179301	-0.006977340219927884	25
NME6	10201	-0.007840761634112552	-0.0065500682561005575	11
NMNAT1	64802	-0.00638093516150844	-0.0006821630331553459	84
NMT1	4836	-0.00759517263132237	0.010912873719947013	49
NOA1	84273	-0.007379974177932401	-0.004785445727458266	59
NOB1	28987	0.05712251063971597	-0.004355904756364416	143
NOC2L	26155	0.023019030946478513	-0.022630593551539423	117
NOC3L	64318	0.01568055581425573	-0.019383878151950265	117
NOC4L	79050	0.03211039828003197	-0.015202690901225228	26
NOCT	25819	-0.007779281127284524	-0.007292620761445714	61
NOL10	79954	0.04062087969229465	-0.015065159218079344	26
NOL11	25926	0.029951516919829994	-0.019826280198229313	134
NOL12	79159	0.008204821740102808	-0.013019083084911386	117
NOL6	65083	0.07204522014471941	-0.005950607888441151	143
NOL7	51406	0.03238020047766089	-0.019893752281136844	151
NOL8	55035	0.031356657586097854	-0.028264913116570946	46
NOL9	79707	0.003307979488902132	-0.011320017911011464	122
NOLC1	9221	0.01584329698460243	-0.017302080567563768	117
NOM1	64434	0.014916808537771603	-0.011213824211367029	26
NOMO3	408050	-0.007831028003926975	-0.0024316033939403387	68
NONO	4841	0.005309573539780669	0.005803374391460786	1
NOP10	55505	-0.007135645613975329	-0.0077465698193924255	69
NOP14	8602	0.043464347563642786	-0.014308879723304508	26
NOP16	51491	0.04896723946135637	-0.034605946337711406	46
NOP2	4839	0.04788215323605567	-0.03401106894236455	46
NOP53	29997	0.06945032270464895	-0.04080550588743911	46
NOP56	10528	0.12283168872236416	-0.024861504289572147	157
NOP58	51602	0.12282175419082036	-0.02485419531197667	157
NOP9	161424	0.00853713438440717	-0.012579841426402831	76
NOS1	4842	-0.008473788898583185	-0.006003430195396207	74
NOS1AP	9722	-0.004883729811354742	-0.0009880757675862096	31
NOSIP	51070	-0.010159496362503202	-0.009301464583656665	56
NOTCH2	4853	-0.003975349495514527	-0.0020661134160295594	19
NOTCH2NLA	388677	0.0009078344308098001	0.015492717480309488	5
NOTCH2NLB	100996763	-0.002290357023961804	-0.000998815380953845	99
NOXA1	10811	-0.00481547226442768	-0.000552214990933219	17
NPAS4	266743	-0.001844321367986913	0.0027677649464879677	1
NPAT	4863	0.00013539939934045263	0.017570983091841456	18
NPB	256933	-0.0072953653279380845	-0.00499561684379803	33
NPC1L1	29881	-0.001793597753159704	0.002793548394534154	115
NPEPPS	9520	-0.009845086946172059	0.0015046090934920174	44
NPIPA1	9284	4.390186806233669e-05	0.012372978453755892	8
NPIPA3	642778	0.0044045347514562105	0.020934081936566713	5
NPIPA5	100288332	0.004258103149141256	0.019499295032805116	5
NPIPB13	613037	-0.00348096788510286	0.004470894518084252	8
NPIPB5	100132247	-0.0077392358866303695	-0.003252429843221661	68
NPIPB6	728741	-0.0009004658519670178	0.01087551153155754	8
NPIPB8	728734	0.003930315363925857	0.020253601176128896	5
NPLOC4	55666	-0.008378150548176467	0.014276849051211349	123
NPM1	4869	0.004108174884843129	0.01742005737646781	23
NPM3	10360	-0.007384834595268744	-0.008263212663026907	39
NPR1	4881	-0.0018286778408337292	0.0042633644757546435	37
NR0B2	8431	-0.005450435072321495	-0.004762922113335078	19
NR2C2AP	126382	-0.012354786712922575	-0.003558106723514467	7
NR4A2	4929	-0.004333951909778888	-0.002514727713016318	57
NRAS	4893	-0.0004368111688473242	0.005376472186495273	23
NRBF2	29982	-0.00249947056250034	0.008076979931821087	21
NRBP1	29959	-0.0005479577654507236	-0.011531293296921187	45
NRDC	4898	-0.005747179423601231	-0.0034191677933122964	17
NRDE2	55051	-0.008844622777009408	-0.005424518043262043	48
NRF1	4899	-0.0022357824887936162	0.006987629119207338	71
NRIP2	83714	-0.006688692606425172	-0.001282115844168126	54
NSA2	10412	0.05679129360385606	-0.03580651330656874	46
NSD1	64324	-0.0010001656998988447	-0.0022955867256699027	14
NSF	4905	-0.0021816619858171355	-0.0056972724092300715	79
NSFL1C	55968	-0.009741663209656347	-0.0074527362473823305	98
NSL1	25936	-0.004786538827560367	-0.0020351033744876517	57
NSMCE1	197370	-0.005049586922552192	0.0004345387551399604	8
NSMCE2	286053	-0.009510593996650692	-0.005857769464851368	11
NSMCE3	56160	-0.010656720668829816	-0.0023657534211154823	91
NSMCE4A	54780	-0.005325621080205622	0.0010961530972962515	84
NSMF	26012	-0.00441437239701992	0.0007197859485031786	17
NSRP1	84081	-0.012903342925821445	-0.0030591822560884787	82
NSUN4	387338	-0.007290684065827415	-0.005038604632790277	42
NT5C	30833	-0.011958060472524942	-0.006045548524200488	22
NT5C3B	115024	-0.006515459933174526	0.0037541461791194383	4
NTF3	4908	-0.008169723005736483	-0.0024355376786300773	72
NTF4	4909	-0.009704797762321103	-0.007010951004830184	96
NUBP1	4682	-0.005532956184810778	-0.00104088599004656	8
NUBP2	10101	-0.008603237645516916	-0.0007252552876406506	72
NUBPL	80224	-0.006377999129393706	-0.0066560670477356955	66
NUDC	10726	0.002981243941766566	0.011678827221799259	24
NUDCD3	23386	-0.0036868143879877466	0.00020941536297159832	115
NUDT16L1	84309	-0.009030402713392385	-0.006433396525526865	15
NUDT17	200035	-0.002472603151933567	0.0060640744275542256	37
NUDT21	11051	-0.00888559788672328	0.006934582544806844	10
NUDT4	11163	0.0017823119067348356	-0.0028270922598251434	139
NUDT4B	440672	-0.0023633567981799857	0.0033382864938004035	80
NUF2	83540	-0.0010575407239564816	0.010423759937921773	97
NUFIP1	26747	0.005561985116785437	-0.010922817869289784	76
NUFIP2	57532	0.005379308834419307	-0.006019143729034643	129
NUMA1	4926	-9.170315609822607e-05	0.00100428185054247	115
NUP107	57122	0.010723715828959552	-0.02282102651186061	136
NUP133	55746	0.010978874627805425	-0.023704422246267422	136
NUP153	9972	0.002955674974073588	-0.009622727957688	128
NUP155	9631	-0.011937743963531177	-0.004543375462829058	60
NUP160	23279	0.01111318078214882	-0.02448731156915933	136
NUP188	23511	-0.012087162346260552	-0.0017490736116228427	60
NUP205	23165	-0.009674536607848136	0.008765710877095162	28
NUP214	8021	0.015335148637569058	0.003735520265191556	145
NUP35	129401	-0.0028305439704477656	-0.0011731922446929065	66
NUP37	79023	0.006059534833653152	-0.01414263778049989	136
NUP43	348995	0.009836468945746236	-0.019929728165113028	136
NUP50	10762	-0.00014534368090892195	0.009855805979743386	20
NUP54	53371	-0.011202389918537663	-0.0032253334464721005	53
NUP58	9818	-0.011186029438302653	-0.0017410979788304113	53
NUP62	23636	-0.008935031713314846	0.0010517365910632152	53
NUP85	79902	0.010623783505304421	-0.022358663860056742	136
NUP88	4927	0.011915628168569977	0.003657869204182611	145
NUP93	9688	-0.010637276987854926	0.009479271466331055	28
NUP98	4928	0.010201887022059083	-0.021160962203409746	136
NUPR2	389493	0.0006968581732741585	0.008686033447761643	120
NUS1	116150	0.028077185408620742	0.002507283929069547	112
NUTF2	10204	0.021149557175131353	0.006436278521073536	145
NVL	4931	0.013566301904405468	-0.017556257985229546	117
NXF1	10482	-0.011668296885198324	0.009567861274215914	28
NXT1	29107	-0.015843954658788226	0.01080290590903237	28
NYAP1	222950	-0.00379046424091892	0.0037294101642108366	120
NYNRIN	57523	-0.007363539537996037	-0.004454152460342802	51
OAZ1	4946	-0.010403251898964561	-0.002964154758358148	103
OBP2A	29991	0.006237962835055524	0.018429805214245167	102
OBSCN	84033	-0.008431305104870794	-0.005369234406701068	68
OBSL1	23363	-0.001749899284642474	-0.0027043558103684298	14
ODR4	54953	-0.008100520005786154	-0.0047829231689590634	68
OGA	10724	-0.011730014195213696	-0.003709947214116207	56
OGDH	4967	-0.003937417687199675	-0.003044169533093409	8
OGFOD1	55239	-0.006132142755901946	-0.005207383198404487	118
OGFR	11054	-0.007469779373844147	-0.0056958447569100895	60
OGT	8473	0.005402326204924324	-0.01156687843850197	136
OIP5	11339	-0.009545285728234446	0.0031764045916507304	10
OLFML3	56944	0.0021132708117410255	0.011563345879820025	23
OPA1	4976	-0.007044334969381894	-0.0020241547867882828	77
OPN4	94233	-0.00930866366859896	-0.007482702017690743	48
OR10A4	283297	-0.010279148741793214	-0.005519430228917828	11
OR10C1	442194	-0.0069520667417310705	-0.0032062796928427183	67
OR11H1	81061	-0.006803382600024843	-0.0036679931939535477	52
OR1D2	4991	-0.010207433392627752	-0.00556925621918092	91
OR1E2	8388	-0.01171033642491556	-0.009774434869895363	30
OR2A1	346528	-0.00745521815070198	-0.0026663670722237476	87
OR2A4	79541	-0.00731862373279329	0.00025690067685433556	116
OR2T29	343563	-0.006906633496991337	-0.0017246828279232555	78
OR2T5	401993	-0.006969405891649919	-4.9803514985880773e-05	72
OR3A3	8392	-0.009408432886471632	-0.004548851793573507	48
OR4A47	403253	0.0027189038651097403	0.006919292860304457	3
OR4D1	26689	-0.008266383467102845	-0.001919320125247539	51
OR4D2	124538	-0.007662096483694709	-0.0008119543104113832	13
OR4D9	390199	-0.0016143734197957144	0.003175179652560922	132
OR4F21	441308	0.004746803219596352	0.019456461918531766	102
OR4F29&OR4F16&OR4F3	26683&81399&729759	0.0041006367440052215	0.01833597536912557	102
OR4F4	26682	0.0025218904720818356	0.018825304628368605	5
OR4K1	79544	-0.005437879690036573	-0.004435468143632149	52
OR4N2	390429	-0.007214475019732047	-0.006217199192348469	66
OR51I2	390064	-0.004929186911260576	0.0007433387106832722	73
OR5L2	26338	-0.00787211439102289	-0.004676796983516257	88
OR6C6	283365	-0.0059922730383666694	0.002893691589106511	9
OR7A10	390892	-0.011649627098129176	-0.0018186737904433807	7
OR7A17	26333	-0.011051797994182672	-0.0008311752107338886	7
OR7G1	125962	-0.010746156912167843	-0.005559274959424485	7
OR7G2	390882	-0.009301733899557312	-0.005614330538170415	88
OR7G3	390883	-0.010573987569529797	-0.00615510710209876	83
OR8A1	390275	-0.006227736466976555	-0.004941894987402453	118
OR8I2	120586	-0.0021784022751086727	0.0023059949802353317	1
ORC1	4998	0.019617955862244407	0.05426873057585671	18
ORC2	4999	-0.0015528684305703342	0.0011002797857021737	1
ORC3	23595	-0.007936844199772908	-0.0051896940527172645	36
ORC4	5000	-0.004253416109360319	-0.0025431446372287817	66
ORC5	5001	-0.007558304570047936	-0.006113689325141707	74
ORC6	23594	0.010612231666314574	0.03749592296867018	18
OS9	10956	-0.004189810676282037	-0.00010124241407821306	89
OSBP	5007	0.0020989178167105946	-0.010501624305613544	25
OSBPL7	114881	-0.0036768508087789884	0.011750594525077606	4
OSGEP	55644	-0.009369783368244428	-0.009091103266873362	61
OST4	100128731	-0.009739149797574323	-0.008418767067165888	39
OSTC	58505	-0.004755811999317945	-0.006679123820182315	90
OTOF	9381	-0.005862076706680042	0.0025004089237087635	21
OTOP1	133060	0.01582098112368511	0.031105862712341333	41
OTUD5	55593	0.005047467251241626	-0.004246036372091713	121
OTX1	5013	-0.005103899463409738	0.0011057132416117707	21
OVCA2	124641	-0.008529565838324631	-0.002985821167355939	132
OVGP1	5016	0.0014662060456412857	0.012442205592638025	23
OVOL2	58495	-0.010141224612234828	-0.009683327403522773	65
OXA1L	5018	-0.004837909047951357	-0.005303224721570624	52
OXCT2	64064	-0.0028685957953409704	0.005933751989210053	120
OXER1	165140	-9.630938000786512e-05	0.011885988706593485	20
OXSM	54995	-0.009717619833456717	-0.007262500327586227	12
P3H1	64175	-0.0070022732768002345	-0.0031803419423457407	54
P3H4	10609	-0.008331186374257334	-0.0063962745781783945	98
PA2G4	5036	-0.003021405028594696	-0.0066650243056697	19
PABPC1	26986	-0.004723150375682425	0.009597190824141118	9
PABPC1L2B&PABPC1L2A	340529&645974	-0.0018901552722555498	-0.007817516703863795	126
PABPN1	8106	0.005505391134841353	-0.010335978937233639	6
PABPN1L	390748	-0.005372419855668948	-0.0018118514424443843	17
PACS1	55690	0.004325857379884368	0.006972503474614993	3
PACS2	23241	-0.009195858653434946	-0.0062288077847212275	48
PAF1	54623	-0.003042131719427828	0.003626943269909923	63
PAFAH1B1	5048	-0.010966041254000662	-0.002697485640472541	48
PAGR1	79447	-0.007253782369519138	-0.0021565864203068443	8
PAICS	10606	-0.0039566366049011365	-0.0027330132021286596	67
PAK1IP1	55003	0.016731576221441065	-0.01790177942632551	117
PAK2	5062	0.005081929358391534	-0.0016462019929989905	138
PALB2	79728	-0.005916354733007825	0.0025308696245617476	21
PALM	5064	-0.012206933612092002	-0.0030136441948141884	58
PAM16	51025	-0.001867151479454053	-0.007179195142992233	8
PAN2	9924	-0.003888920565500147	-0.00018254827513054502	89
PANK3	79646	-0.008631733909651341	-0.006733404511876832	61
PAPOLA	10914	0.005943860212605801	-0.006498747684459341	43
PAPOLG	64895	-0.008320793803351842	-0.009674228732607627	25
PAQR3	152559	-0.004647344795889952	-0.011602267025027077	122
PAQR6	79957	-0.0018815762772766416	0.002949620793092661	37
PARD3	56288	-0.007300334457520886	-0.006485414977499575	90
PARD6B	84612	-0.009160620283450358	-0.004295743290270548	60
PARL	55486	-0.006720255968753375	-0.0009521049951404708	9
PARN	5073	-0.00935123870946322	-0.0074114778971563645	98
PARP10	84875	-0.004906031857673855	0.0037473009443659755	21
PARS2	25973	-0.0039803497721487046	-0.007199597090702482	74
PATZ1	23598	-0.00871421296924867	-0.004034560696470065	51
PAX5	5079	-0.00687512832959284	-0.006855551635088074	48
PAXBP1	94104	-0.010795879362456956	0.0033423350886899227	10
PAXIP1	22976	-0.004621398130878932	-0.00016502609042410996	142
PBRM1	55193	-0.010306276006104228	0.0006406148059013772	44
PBXIP1	57326	-0.0032662788143628355	0.004513908288456334	80
PC	5091	-0.005995307349272498	-0.003059985758795494	57
PCARE	388939	-0.00724033211172613	-0.0031120334627392555	87
PCBP1	5093	0.00017169129665492108	0.0010280869426076405	129
PCBP2	5094	-0.009448197800165987	0.01743242484194357	28
PCDHA13	56136	-0.004520140504765577	0.0003268066840295007	142
PCDHA4	56144	-0.006825686649191338	-0.008381684536262106	25
PCED1A	64773	-0.009650093144075798	-0.007808194612581151	149
PCED1B	91523	-0.00690187507145957	0.0011157140839741589	9
PCF11	51585	0.011507967275123938	0.014046074509109236	40
PCGF2	7703	-0.006915986774688437	0.007504839282866768	4
PCGF6	84108	-0.0048900881494265665	0.004467757586747376	92
PCID2	55795	-0.006312477533486026	-0.0034421791819067423	87
PCM1	5108	0.0013164239989872893	-0.008479336343672025	6
PCMTD2	55251	-0.009037484125062244	-0.009471274553954941	25
PCNA	5111	0.021068323852640354	0.05688197921791318	18
PCNP	57092	-0.007010648099681025	0.0015126993678960463	4
PCNT	5116	-0.01185133620977601	-0.0054533015115640565	7
PCNX3	399909	-0.007156277982935763	-0.00030045980447770775	9
PCP2	126006	-0.010362058037608554	-0.004534123888258086	58
PCSK9	255738	-0.0031660490797304833	0.0002613158511671696	17
PCYT1A	5130	0.0017930530748803163	-0.010278157923498458	136
PCYT2	5833	-0.007282989792247518	-0.004790979492892565	68
PDAP1	11333	0.004350648906619097	0.008094890822421328	139
PDCD11	22984	0.036046495398872516	-0.01617377350965087	26
PDCD2	5134	0.01910113289442643	-0.01265085187182661	26
PDCD2L	84306	-0.006043399320498051	-0.006321525152935899	39
PDCD5	9141	-0.01093632927268612	-0.004717544284037546	91
PDCD6	10016	-0.00207166144579318	0.009222350770263127	21
PDCD6IP	10015	-0.00908517335162753	-0.004978930095700868	58
PDCD7	10081	-0.016970819871766317	0.002367585654301569	34
PDCL	5082	0.0012624387248628781	-0.004474085473792718	101
PDCL3	79031	-0.002572505407165017	0.0031722870898366878	20
PDE12	201626	-0.009904106347505048	-0.007871158611514469	94
PDE1B	5153	-0.0036900759703098183	0.009081349589826664	9
PDE4A	5141	-0.011858247250450508	-0.0010638852088550837	7
PDE4C	5143	-0.013226162729919591	-0.0030834489203136525	27
PDE4DIP	9659	0.0043188635828091005	0.017248587050866362	23
PDE7A	5150	-0.008843825695385055	-0.002587273313852597	103
PDGFRA	5156	0.002036132076636203	-0.01217851961689307	122
PDK2	5164	-0.007815005481017994	0.0008494188248668638	13
PDPK1	5170	0.011108784329891302	-0.012307258575036017	6
PDRG1	81572	-0.013222716055209631	-0.002117886371820225	69
PDS5A	23244	-0.00250241860545937	-0.00985980953122294	22
PDSS1	23590	-0.010412524224863752	-0.010831684502088247	65
PDSS2	57107	-0.0074710144987333	-0.007211959785458096	119
PDXK	8566	-0.009412285707339698	-0.006088189251820466	94
PDZK1	5174	-0.003948431654844439	0.001995615321953397	37
PDZK1IP1	10158	-0.0031916889950385115	0.0021526654345357535	17
PEF1	553115	-0.0019735908658357632	0.00399824795756233	17
PELI3	246330	0.002606699226879665	0.005949566672201418	3
PELO	53918	0.004213513822023448	-0.011224263516429646	117
PELP1	27043	-0.0034329663820048596	-0.0004415636435068912	115
PER2	8864	-0.009945955316445336	-0.007987472074072237	12
PES1	23481	0.052708659823214	-0.03513424956067706	46
PET100	100131801	-0.011322756504692295	-0.004640758814639772	7
PET117	100303755	-0.00968390280214961	-0.009436733950715245	65
PEX1	5189	-0.006460872434464995	-0.004732550886221955	17
PEX10	5192	-0.006104992071697973	0.0019040615646440213	21
PEX11B	8799	-0.005601895108039337	-0.004957971780320859	42
PEX12	5193	-0.009224512862791632	-0.0030599493471587876	91
PEX13	5194	-0.006252620394352509	-0.003767064178629349	89
PEX14	5195	-0.005929153220535782	-0.0013706403405576288	55
PEX26	55670	-0.008439666383880294	-0.007182600272810156	48
PEX5	5830	-0.005629066948800733	0.0007958043414586731	21
PEX6	5190	-0.004706375403425741	-0.007045967884273523	74
PF4	5196	-0.007167644853328584	-0.0043387355666423735	81
PFAS	5198	-0.0007410508141758004	-0.005562232692350536	6
PFDN1	5201	0.009773544420404855	-0.01091387370707312	6
PFDN2	5202	0.005132788280480255	-0.010586232861843002	6
PFDN4	5203	-0.011300421540106425	-0.010162560751971103	22
PFDN5	5204	-0.005676081529611566	0.0008114456381063069	9
PFDN6	10471	-0.004781628519270275	-0.005795373840922354	32
PFKFB4	5210	-0.009109256668956052	-0.005311336321542186	11
PFKL	5211	-0.010486085963961769	-0.0062046758887618035	7
PFN1	5216	8.330481621493955e-05	-0.0056188376853557	8
PGAM1	5223	0.005531730838748589	0.019441199829392377	102
PGAP6	58986	-0.006118350556628862	-0.0007392335268179839	8
PGBD2	267002	-0.006259104736041547	0.0006797781887997896	54
PGD	5226	0.003144065373012624	-0.009538241259955421	45
PGGT1B	5229	-0.0026877478221182926	0.004206558429686148	31
PGK1	5230	-0.0038824069332928355	-0.0023113523212919883	139
PGLS	25796	-0.01131322762105852	-0.005199602428413056	7
PGLYRP1	8993	-0.011622396916886907	-0.007479444162477573	38
PGM3	5238	-0.007665950915025102	-0.007099130943341666	128
PGM5	5239	-0.005570617789001104	-0.000589433999930829	57
PGP	283871	-0.009339395080488882	-0.006049906058915917	98
PGPEP1	54858	-0.013055949981294872	-0.0019914387600192093	27
PGS1	9489	-0.007602190548408192	-0.004733266644215422	11
PHAX	51808	-0.015456918301628857	0.001960297825839577	34
PHB	5245	0.03745640002974786	-0.001115315080486371	43
PHB2	11331	0.04621908530850569	0.0008729643898666144	43
PHC1	1911	-0.0024607616821420673	0.009528369085533173	9
PHF1	5252	-0.007810255240122275	-0.006509272551649261	101
PHF12	57649	-0.007010048655970896	-4.710967563468867e-05	116
PHF2	5253	-0.006164614955902301	0.00028806194854846985	84
PHF20	51230	-0.01203158214664642	-0.005957808658542465	56
PHF23	79142	-0.01148690640422153	0.0017342152766700045	27
PHF5A	84844	-0.00995044426616863	0.027837211162451487	107
PHF8	23133	-0.003940200774111471	-0.002511991685280687	115
PHGDH	26227	0.0027609983051745937	0.013538603165100992	23
PHKG1	5260	-0.0009440828317502972	0.0027878186969198518	115
PHLDB1	23187	-0.011037332073947432	-0.00958357847213613	12
PHLDB3	653583	-0.01309995817260582	-0.012158297459897409	108
PI4KA	5297	-0.008332951924411369	-0.005908337117690977	100
PI4KB	5298	0.0013363380396214433	-0.0012179293471060622	59
PIAS1	8554	-0.0025487171512979896	-0.00517270987659742	101
PIAS4	51588	-0.006138283878300201	-0.0016066408340042293	59
PIGB	9488	-0.008472671101798236	-0.005264714550590599	39
PIGH	5283	-0.009964939751601704	-0.004329071477363599	35
PIGO	84720	-0.010283385854703824	-0.005339977695152163	82
PIGQ	9091	-0.0030763008669541284	0.006134913923712882	31
PIGS	94005	-0.008830430770534475	-0.0013808552303883142	91
PIGV	55650	-0.005267363304877727	-0.005919029747798716	19
PIGW	284098	-0.010034201486055508	-0.004357959063260686	91
PIGX	54965	-0.008364923196812894	-0.00659715495393171	15
PIH1D1	55011	-0.010806780546391784	-0.0075075294387734436	38
PIK3C3	5289	-0.009811196674261205	-0.005946876943447482	47
PIK3CA	5290	0.008323371979671654	-0.01084791648131279	45
PIK3CD	5293	-0.008727112197300739	-0.006329251317579335	36
PIK3CG	5294	-0.007315478060239154	-0.0027150913600818742	87
PIK3R2	5296	-0.013576899722222355	-0.0023367021956887265	27
PIK3R4	30849	-0.010400331646689378	-0.006546556142903854	146
PIK3R5	23533	-0.007993408954127035	0.0007328596957391074	16
PILRA	29992	-0.009015514495277677	-0.007902057494690168	25
PIM1	5292	-0.0003348329849002141	-0.007445890690355664	19
PIM2	11040	0.004395875410457931	-0.008619825880327286	6
PIP4K2A	5305	-0.0031876838452362683	-0.0026142866165089628	14
PIP4K2B	8396	-0.008179626421547783	-0.004333714354410061	96
PIP5K1A	8394	-0.0068140230915451445	0.004855426423262372	4
PISD	23761	-0.008094305395117154	-0.004288680517083442	60
PITPNM1	9600	0.003133466870878835	0.005322139956916116	3
PITRM1	10531	-0.0054749983771361045	-0.004166656565505168	66
PKD1	5310	-0.007639925728325662	-0.001206521508911272	72
PKM	5315	-0.006993928641143482	0.0008000726878980687	10
PKMYT1	9088	0.01127387348214544	0.009711592106106984	40
PKN2	5586	-0.003238485880200013	-0.005750341499581074	90
PLA2G10	8399	-0.0010443817762055957	0.009226941177528805	8
PLA2G4D	283748	-0.009120533673135223	-0.00109421556202564	35
PLA2G4E	123745	-0.011991449733605887	-0.003600866054545242	53
PLAC8	51316	-0.005628029573898427	-0.005566753611455073	66
PLAGL2	5326	-0.008145318676675376	-0.0053590637268324404	33
PLCB2	5330	-0.009303496767090835	-0.0008495861651950233	35
PLEC	5339	-0.005988116605713088	0.000840551304064021	54
PLEKHA4	57664	-0.011493991918330334	-0.008401452755096265	38
PLEKHG2	64857	-0.008489510498460515	-0.00307295237283394	96
PLEKHH1	57475	-0.00857929777998377	-0.0067823517019450375	81
PLEKHM1	9842	-0.007497704949514822	0.0008075009661336164	13
PLEKHM2	23207	-0.004618778287860784	0.0022626557559135593	120
PLEKHN1	84069	-0.009677718334431682	-0.007655930005759328	12
PLGLB2&PLGLB1	5342&5343	-0.0011305002244214413	0.0048140181676409426	20
PLIN1	5346	-0.011347680869837177	-0.005051566885638074	58
PLK1	5347	0.001241636577707568	0.010255277889414466	20
PLK4	10733	0.004688979424157782	-0.006686017873959877	6
PLRG1	5356	0.004123466534534786	0.04000252169604583	86
PLXNB3	5365	-0.012251796420542345	-0.01153061923783422	64
PMF1	11243	-0.004341859711997374	0.0011475260297892725	80
PMF1-BGLAP	100527963	-0.002222387021083532	0.002731563143132354	80
PMM2	5373	-0.010400626895813208	-0.00703035044234248	83
PMPCA	23203	-0.003245765552042433	-0.00450604683043487	52
PMPCB	9512	-0.0077286148734918	-0.003711229817571837	33
PMVK	10654	-0.003125928335981602	0.004513576243053702	80
PNISR	25957	-0.009486438474545666	-0.0009337889734818162	16
PNKP	11284	-0.004617084137867885	0.0033244848095838847	133
PNN	5411	-0.009017849453756213	0.001203850345551158	10
PNO1	56902	0.05867381003501882	-0.004243583115707507	143
PNPLA7	375775	-0.006118445731728192	6.864084978283462e-05	84
PNPT1	87178	-0.004388266155931392	0.00010679881773390472	9
PNRC2	55629	-0.0004973277460509927	0.003967790440892786	23
POC1A	25886	-0.006804407307002212	-0.0014224419505601857	78
POGZ	23126	-0.006840925093833374	-0.0023393869839440614	44
POLA1	5422	0.013974759601096207	0.043879938831181194	18
POLA2	23649	0.007168406167094702	0.033200587283240615	86
POLD1	5424	-0.009855852073872257	-0.004407257695691938	16
POLD2	5425	0.002062463661088574	0.013922194731875084	120
POLD3	10714	0.00647595274568438	0.02922880158707223	86
POLE	5426	0.019627667862017903	0.05467042822759159	18
POLE2	5427	0.014405460172647721	0.0447742293037103	18
POLE3	54107	-0.008703408117078208	-0.004423660046139325	133
POLE4	56655	-0.006636757176260629	-0.0029816394226604495	59
POLG	5428	-0.00823903386859936	-0.004720653254634217	85
POLG2	11232	-0.006856377492717299	-0.005804445774874152	61
POLM	27434	-0.005323135237519564	-0.003179819247932273	79
POLQ	10721	-0.009872066157851979	-0.005194480561893301	51
POLR1A	25885	0.052678649373792304	-0.030104642376408048	134
POLR1B	84172	0.05851552707016777	-0.03203768692477635	134
POLR1C	9533	0.03049618041740739	-0.02249313717727951	134
POLR1E	64425	0.023597266217235773	-0.020744323291989566	134
POLR2A	5430	-0.004741104815647883	0.00546475538090003	114
POLR2B	5431	-0.013943098637933828	0.02377166201882125	152
POLR2C	5432	-0.015959734059712696	0.0319078688440307	152
POLR2D	5433	-0.015379660068884499	0.029110918401783925	152
POLR2E	5434	-0.012595112489604269	0.019432445182090145	28
POLR2F	5435	-0.01596715929436275	0.03192864289412673	152
POLR2G	5436	-0.01568065999122692	0.03132991699802899	152
POLR2H	5437	-0.010473154697173512	0.014200605442947722	28
POLR2I	5438	-0.009130114298995635	0.01869500434330621	28
POLR2J	5439	-0.015885067384950595	0.0316989691506047	152
POLR2J2	246721	-0.009372353575991777	-0.0056839399273181995	85
POLR2J3	548644	-0.015985492358958246	0.03197993447214008	152
POLR2K	5440	-0.015120215097893908	0.02964845373778412	152
POLR2L	5441	-0.014612940837007881	0.026535437532394658	152
POLR3A	11128	0.007362924538941291	-0.010959039367970191	45
POLR3B	55703	0.0017144273404844426	-0.010518172947554782	45
POLR3C	10623	-0.004237440575354722	-0.008804998127999484	22
POLR3D	661	-0.005444268184460548	-0.007631358497683642	60
POLR3E	55718	0.007379087323471784	-0.010062690240088377	45
POLR3F	10621	0.0064110246066430635	-0.010947771143129323	45
POLR3H	171568	-0.006183500482925323	-0.003722789894425772	35
POLR3K	51728	-0.008278972880358847	-0.006098540578105874	22
POLRMT	5442	-0.009868620048498445	8.011128852618084e-05	103
POM121C	100101267	-0.0026498910247514528	-0.0032358669472190653	87
POMP	51371	-0.012583196714352535	0.021166027897273593	137
PON1	5444	-0.005795960294434977	-0.004158574722202281	87
POP1	10940	-0.0022189989446971367	-0.0035560259392191573	76
POP4	10775	-0.0066814183320372126	-0.008016625503177643	88
POP5	51367	-0.0067798615230373616	-0.009257576559242718	108
POP7	10248	0.014794285239121047	-0.01220217353997935	76
POT1	25913	-0.0068231025824246295	-0.0020792447880402225	84
POTEC	388468	-0.006077378709300413	0.0009851108956208836	73
POTED	317754	-0.008964053157589018	-0.0028863545264480673	91
POTEE	445582	0.0003239121862425205	0.011704018095900154	20
POTEG	404785	-0.0027941998203779507	0.002145826493914232	113
POTEH	23784	-0.0026583703642034783	0.0028585471006056778	113
POTEI	653269	0.002623579426515705	0.008576630669664492	20
POU2AF1	5450	-0.008115476318991576	-0.0103218956938523	25
POU2F1	5451	-0.00663575845981147	-0.005540417993147647	66
POU2F2	5452	-0.011018527093493215	-0.007793808047344406	38
POU5F1	5460	-0.0013361757782871329	0.009262982909474781	20
POU5F1B	5462	-0.008510836851813395	-0.0006227280171066595	13
PPA1	5464	-0.008484951923404052	-0.005493106870396886	15
PPA2	27068	-0.008640575449886442	-0.005759634113684906	48
PPAN	56342	0.03388002387230903	-0.027705646649558942	46
PPAN-P2RY11	692312	0.020099954397374945	-0.022213681615622958	117
PPARGC1B	133522	-0.00604754053644286	-0.0010307487851494888	55
PPAT	5471	0.00540970738633307	-0.007782013602614265	6
PPCDC	60490	-0.008700263379884287	-0.003972655198002776	35
PPCS	79717	-0.010446234085613659	-0.00897273305937654	12
PPFIA4	8497	-0.00832481589826316	-0.0043816564451568864	54
PPHLN1	51535	-0.005499861355821361	0.0011885767107985108	9
PPIA	5478	0.003999880058295075	0.0068634734646437195	23
PPIAL4A	653505	0.019579425704209296	0.03407317056452932	41
PPIAL4C	653598	0.020565560068254628	0.03577753865770454	41
PPIAL4D	645142	0.007660131010177667	0.025116077382483643	5
PPIAL4G	644591	0.019937704754961046	0.03504187353935172	41
PPIE	10450	-0.00885044151470233	-0.003371977999647136	51
PPIH	10465	-0.004654922663637617	-0.005873242907868822	44
PPIL1	51645	0.00021583996342877245	0.009023049247282122	20
PPIL2	23759	-0.0059787717594081595	0.004580582311192358	4
PPIL4	85313	-0.009952732138495282	-0.006091723303975678	140
PPIP5K2	23262	-0.0019293986200624453	-0.004646274045466833	144
PPM1D	8493	0.01035162645007959	0.03226438868914853	18
PPM1E	22843	-0.004481672143252135	-0.0030232222295098294	37
PPM1F	9647	-0.009818705429299782	-0.005633721243685578	22
PPM1G	5496	-0.007637122370583086	-0.002933973175663453	103
PPM1J	333926	0.0009139643516567059	0.010577504860538564	23
PPME1	51400	0.004303844216229527	0.005974359774906374	1
PPP1CA	5499	-0.00043498945139807874	-0.0025469098537840465	76
PPP1CB	5500	0.03820527697256434	0.02453915814770463	93
PPP1CC	5501	0.0036091998401233697	-0.008894093864756389	6
PPP1R10	5514	-0.003698768633750925	-0.00630598291728347	45
PPP1R11	6992	0.00035854633779887747	-0.003245496007913482	111
PPP1R12A	4659	0.0384479052197888	0.025075773881073675	93
PPP1R13L	10848	-0.011010984220411656	-0.006070385400315373	83
PPP1R14B	26472	0.002415395177030171	0.005612849939952638	3
PPP1R15A	23645	-0.009767107015801744	-0.008695225437118901	25
PPP1R15B	84919	0.029266873986836462	0.0015873806314489333	43
PPP1R16A	84988	-0.0071503935718408625	0.0002543267804604063	116
PPP1R18	170954	-0.005910040157178122	-0.005808487186298693	149
PPP1R2	5504	0.004549025850203612	0.0018103695155730097	14
PPP1R35	221908	-0.007829698779575603	-0.006890625457616612	74
PPP1R37	284352	-0.011285618096333518	-0.00574010285473224	38
PPP1R3E	90673	-0.006625474322872522	-0.004891838240103424	36
PPP1R7	5510	0.005492582267857652	-0.0011069526806652959	14
PPP1R8	5511	-0.006917450660455226	-0.0011941100760446185	63
PPP2CA	5515	-0.003625592196109174	0.004406439044745215	63
PPP2R1A	5518	-0.005526087518505167	0.0022298499797755544	63
PPP2R2A	5520	-0.0015466048772244344	-0.009650679181991195	45
PPP2R3C	55012	0.007048778202768624	-0.006485836561343373	6
PPP2R5B	5526	0.0030142707067030497	0.0072183697516985485	3
PPP4C	5531	0.0006167323182294954	0.015515937909719914	120
PPP4R1	9989	6.741268609741712e-05	-0.009207468589651938	128
PPP4R2	151987	-0.007752118995083261	0.0042636861959262995	49
PPP4R3A	55671	-0.004577297218484773	0.002585079590481924	73
PPP5C	5536	-0.012201157798948929	-0.0070369599893393905	53
PPP6C	5537	-0.015208411549444491	0.003070393832524763	34
PPP6R2	9701	-0.010890109939939016	-0.008322464178965339	30
PPP6R3	55291	-0.01501540884073618	0.00026551815217651457	34
PPRC1	23082	0.032742305020855136	-0.014813917376717086	26
PPWD1	23398	-0.009132498770099626	0.00957836002614976	49
PPY	5539	-0.005517080577162225	0.010065276696313564	4
PQBP1	10084	-0.00815878333715431	-0.005294937153304518	128
PRAC1	84366	-0.007393682441583172	0.004549584483598104	4
PRAM1	84106	-0.009544594652105875	-0.0038930216722714165	91
PRAME	23532	-0.007958711929093249	-0.003329960150473715	11
PRAMEF11	440560	-0.00924870688472716	-0.007320087338545437	127
PRAMEF12	390999	-0.008830124361668624	-0.006032996420545876	81
PRAMEF13	400736	-0.005502112974563613	0.00014601326519322053	78
PRAMEF15	653619	-0.0006340652625103572	0.012387394737053923	5
PRAMEF17	391004	-0.0060878393339214715	0.00036602265815011343	78
PRAMEF18	391003	-0.00729332634177025	-0.0008309854512305925	84
PRAMEF20	645425	-0.009914462433288565	-0.008850349646394343	12
PRAMEF5	343068	-0.006356384536085347	-0.001328750616273048	84
PRAMEF6	440561	-0.001229134976162103	0.011325435789017995	5
PRAMEF9	343070	-0.0038879202236615064	0.005080589521573408	78
PRC1	9055	0.002095129325767557	0.021674879478394138	131
PRCC	5546	-0.004199221265303369	0.0006980236281871538	24
PRDM10	56980	-0.011334240372167613	-0.005159275084411812	60
PRDM4	11108	-0.007326455408192947	-0.004851911175309008	124
PRDX1	5052	-0.007093358800297125	-0.004165043111034333	160
PREB	10113	0.0007510991072931084	-0.00678910895147775	6
PRELID1	27166	0.05129486577189378	0.001993008069824876	43
PRELID3B	51012	0.0563911813851607	0.004604326694118673	43
PREX1	57580	-0.008709276212602996	-0.010877325351296237	25
PRG4	10216	-0.007260689132418356	-0.0034483320276466178	36
PRH1	5554	-0.00830880491874549	-0.004748431341326928	33
PRIM1	5557	0.013712818265616161	0.04456822608787716	18
PRKAA1	5562	-0.006669598155616362	-0.0011420985216273637	110
PRKAB1	5564	-0.00890139131077621	-0.007368426949782742	12
PRKAB2	5565	-0.008429037282063123	-0.004802426116679408	68
PRKAR1A	5573	0.003087861725217907	-0.009521236036677466	6
PRKAR2A	5576	-0.009653957361362276	-0.007234569470351997	22
PRKCSH	5589	-0.01087648498081705	-0.005489406360479263	83
PRKCZ	5590	-0.009926739773867035	-0.0065287913023446345	15
PRKRA	8575	-0.0013863575337884444	-0.0005695682276866338	79
PRKRIP1	79706	-0.006631486616278593	-0.0008997182849273199	84
PRLHR	2834	-0.004566126269627954	-0.004781160964156085	118
PRMT1	3276	-0.006769282634000598	-0.004618456475470641	124
PRMT5	10419	-0.005555380290810556	-0.0052714535716077825	52
PRMT7	54496	-0.007622915488494037	-0.003900335923229834	47
PROCA1	147011	-0.007744220383239434	0.0023168509900730852	13
PRODH	5625	-0.008725484625917278	-0.004792186762302592	51
PRODH2	58510	-0.011105246636666413	-0.009572762142960742	64
PRORP	9692	-0.005125096236364292	-0.0032502922000897474	119
PRPF18	8559	-0.006892173335383566	0.0013435346259902264	95
PRPF19	27339	-0.009442154819311242	0.028782315895666596	107
PRPF3	9129	-0.0005156747612982218	0.017336750607808694	5
PRPF31	26121	-0.004677520002636405	0.02401669129335391	123
PRPF38A	84950	-0.00483991756528516	0.03543168712964509	123
PRPF38B	55119	-0.0014448365968159702	0.00340724356412634	23
PRPF39	55015	-0.008860580962268853	-0.00224039256772028	35
PRPF4	9128	-0.008089370839463938	0.027813717413143903	123
PRPF40A	55660	-0.01820710745857297	0.001819715857855173	34
PRPF40B	25766	-0.0015629454604476072	0.01216501427642472	9
PRPF4B	8899	-0.00397729888502318	-0.008397910071015103	29
PRPF6	24148	-0.0061003557562676735	0.033911787908957804	123
PRPF8	10594	0.0024638824284935468	0.04239505092239473	86
PRR12	57479	-0.010647860220699825	-0.004380171518088351	53
PRR13	54458	0.004431325714673354	0.01898743186711297	5
PRR19	284338	-0.011481600657036971	-0.009493215364421465	38
PRR20D&PRR20C&PRR20B&PRR20E&PRR20A	122183&729233&729240&729246&729250	-0.007766309756661552	0.006208423007484852	4
PRR22	163154	-0.010347646217487898	-0.0043217260842306	7
PRR30	339779	-0.007861497655476987	-0.006469905963146538	100
PRR7	80758	-0.0060984888109000745	-0.00044396903596131184	55
PRRC2A	7916	-0.005057168499227551	-0.00013502344231784106	87
PRRC2C	23215	0.0014445855918406368	0.005825794298916365	3
PRSS50	29122	-0.008492481210653218	-0.004793893268803149	68
PRSS53	339105	-0.005305805972323364	-0.0007309056287356844	8
PRUNE1	58497	-0.002344494709545584	0.0046807510379676814	80
PSAP	5660	-0.0056777968595998615	-0.0031405549506933763	109
PSAT1	29968	-0.004961102343614075	-0.00235680016523972	14
PSD4	23550	-0.00039213560153911144	0.0029011084871480215	113
PSEN2	5664	-0.008413794552477124	-0.005214886506312352	68
PSG8	440533	-0.012274614183225443	-0.010359482052210722	30
PSMA1	5682	-0.015401044270452288	0.04658935023167439	137
PSMA2	5683	-0.014240067009158884	0.0496654695130415	137
PSMA3	5684	-0.015328871717893046	0.03336418084613188	137
PSMA4	5685	-0.012912164543605439	0.052157359404892134	137
PSMA5	5686	-0.013609257674134869	0.050903386080439525	137
PSMA6	5687	-0.012673537035214026	0.05285427335500456	137
PSMA7	5688	-0.01441333337250188	0.04916886038275439	137
PSMB1	5689	-0.016041371640218738	0.04140992536866442	137
PSMB2	5690	-0.014426414811495474	0.04894439161051107	137
PSMB3	5691	-0.016599880352347923	0.043945714985462674	137
PSMB4	5692	-0.014501228597141713	0.04924281978565694	137
PSMB5	5693	-0.003746836494889368	0.002622822445557591	137
PSMB6	5694	-0.008903238224864274	0.01178153007036719	137
PSMB7	5695	-0.012637466442275149	0.052928308191022885	137
PSMC1	5700	0.03854211343881046	0.031604927253774194	93
PSMC2	5701	0.039032352744372466	0.03228942085832099	93
PSMC3	5702	0.038096100414721216	0.03155710700389348	93
PSMC4	5704	0.03869805144013521	0.0319549280091463	93
PSMC5	5705	0.03877936401896012	0.03203346245929276	93
PSMC6	5706	0.0378320039877873	0.03118688453140282	93
PSMD1	5707	0.0375278526022727	0.04318858048014803	154
PSMD10	5716	-0.0007743980246966279	-0.008999334073750169	29
PSMD11	5717	0.03712663199079955	0.042517941665339176	154
PSMD12	5718	0.0374371869970825	0.04307731856768342	154
PSMD13	5719	-0.00711166875283218	0.017150394595801643	123
PSMD14	10213	0.036756474064347774	0.041789484933813105	154
PSMD2	5708	0.03123113721811724	0.02887432070939707	93
PSMD3	5709	0.03644752651846911	0.04239278491561545	154
PSMD4	5710	-0.007247321446098352	0.017923544018716236	123
PSMD6	9861	0.037451365064367206	0.04314249589983389	154
PSMD7	5713	0.03713480380522942	0.0427112672246002	154
PSMD8	5714	0.03734794843837156	0.042962109780290456	154
PSMD9	5715	-0.010568582234041649	-0.008645178924817807	65
PSME1	5720	-0.006306867358626445	-0.004175229048390865	119
PSME2	5721	-0.005602174333751508	-0.004559924858619535	118
PSME3	10197	-0.013698664530536798	0.0014600666569535088	44
PSMF1	9491	-0.009760831776055013	-0.007864967135259037	149
PSMG1	8624	-0.011966738831604082	-0.005753435349228526	82
PSMG2	56984	-0.010991188719963593	-0.008639949574751275	11
PSMG3	84262	-0.0045150243711573	-0.0010561215918261702	77
PSMG4	389362	-0.008014704642876925	-0.006216176325957317	81
PSPC1	55269	-0.00832634530980361	-0.009792849688718987	22
PSRC1	84722	0.0035426822276065748	0.014830253924533281	23
PSTK	118672	-0.005539645003859709	-0.001727532579931346	109
PTAR1	375743	-0.007388467240281119	-0.0036797082048037697	104
PTBP1	5725	0.00018316907226353154	-0.006841046629083862	34
PTCD1	26024	-0.008435536996345997	-0.0047776964895851455	33
PTCD3	55037	-0.001409863934404335	0.0009573367810608225	119
PTCHD4	442213	-0.007715275693671994	-0.007337365389265025	100
PTDSS1	9791	-0.007273186069225084	-0.002009533334447278	54
PTGES3	10728	-0.004706235630709011	-0.0009337785013536895	55
PTK2	5747	0.03730299060805364	0.01846883000982663	70
PTMA	5757	-0.005156647546087082	-0.0023080752589759827	148
PTP4A1	7803	0.0012463002702278545	-0.010232125664695488	45
PTP4A2	8073	-0.007054369612311001	-0.0051370689032708226	81
PTPA	5524	-0.001650121581775575	0.006290627480947514	24
PTPMT1	114971	-0.0002642367130942919	0.000711029791842704	111
PTPN1	5770	0.004869518047322329	0.005333682784950058	1
PTPN11	5781	-0.010159207675467515	-0.0020826997239412693	53
PTPN23	25930	-0.005521893401613384	0.000249578920698645	63
PTPRU	10076	-0.007405488214463331	-0.006644581858409874	42
PTRH1	138428	-0.009279519427086602	-0.007509864464925331	42
PTTG1	9232	-0.0069235933272560725	-0.003749483307784349	81
PUF60	22827	-0.006542772615029314	0.012334760464043186	49
PUM1	9698	-0.01164082486157753	4.9061067889238485e-05	44
PUM3	9933	-0.009369323395137866	-0.010533185928675477	100
PUS1	80324	-0.00893909935917215	-0.006698189756717446	94
PWP1	11137	-0.0007664615750457474	-0.009926186877528905	29
PWP2	5822	0.12205298153547342	-0.02594191858739242	157
PWWP3A	84939	-0.010667476823883271	-0.006460115755744	83
PXN	5829	0.023970934724152675	0.013612680186028991	70
PYCR1	5831	-0.006402053169454843	-0.0007451914314518265	95
PYGB	5834	-0.011801802777659128	-0.011228884131979118	65
PYGM	5837	-0.0001764526633148061	0.0020764344738664975	1
PYM1	84305	-0.004285346537221242	0.006493495537354036	9
PYROXD1	79912	-0.005251760650512419	0.003082473977286284	21
PYURF	100996939	-0.001706724764381351	-0.002520821917312252	14
QARS1	5859	0.03207075436208833	-0.0028673784541574385	43
QRFP	347148	-0.0019983560273146295	0.003428685453201212	24
QRICH1	54870	-0.005541837342476449	-0.0071618437499626625	29
QRSL1	55278	-0.005880158816576194	-0.003939781817242597	111
QTRT1	81890	-0.012425706311984662	-0.0032436516741427015	7
R3HCC1	203069	-0.009895297247282529	-0.007582186634460832	22
RAB10	10890	0.024426763316089586	0.010256925901860486	70
RAB11A	8766	-0.00869313201461302	-0.007076980314463903	39
RAB11FIP4	84440	-0.008597300774159631	-0.0007801014595484532	13
RAB13	5872	-0.004641566009927305	0.0005379789690890111	130
RAB14	51552	-0.005847429505936125	-0.0075852588295371665	42
RAB18	22931	-0.007150723007121828	-0.006941420417188743	66
RAB1B	81876	0.00046111387630223035	0.004106852141054017	1
RAB23	51715	-0.005685577565578687	-0.005212029951246727	32
RAB26	25837	-0.01078779107971612	-0.00873534726790191	22
RAB35	11021	0.0006758083356538018	0.00572014158096847	71
RAB36	9609	-0.011308666935732768	-0.010303578647035308	38
RAB39A	54734	-0.011464563752885557	-0.01163539961756591	108
RAB3A	5864	-0.012747839997200368	-0.006534952422036544	56
RAB43	339122	-0.006606166236582494	9.07737871873963e-05	9
RAB4A	5867	-0.00859948170431489	-0.008492792083989951	118
RAB5C	5878	-0.006361869639069629	0.010147560375386458	49
RAB5IF	55969	-0.011814371736666815	-0.009612727902012215	22
RAB6A	5870	0.005647800279671257	0.005646680653103367	3
RAB6C	84084	7.869027664420313e-05	0.0038511366436885883	113
RAB6D	150786	0.008924752423227586	0.013615132715850901	135
RAB7A	7879	-0.0019432089402821324	-0.0003879214193586038	92
RABGAP1L	9910	-0.01123923261331518	-0.011988829582702813	65
RABGEF1	27342	-0.007422961766065066	-0.003152764136373788	87
RABGGTA	5875	-0.0026466210526789845	-0.003238580528731108	89
RABGGTB	5876	-0.0076775828705741705	-0.006917110789366016	74
RABIF	5877	0.007871010902340249	0.004685151321501688	1
RABL2A	11159	0.001208724893781681	0.011524494028612834	20
RABL2B	11158	-0.009299123243689214	-0.004441257543659775	51
RAC1	5879	0.04197739675845284	0.02114779060139808	70
RAC3	5881	-0.006822768481649618	-0.004097667312033742	67
RACGAP1	29127	0.0018687782747392038	0.02061282416341624	131
RACK1	10399	0.023573321359871828	0.00454370281352291	150
RAD1	5810	-0.0027367749030875756	0.0026116418952847457	24
RAD17	5884	-0.0028540444319541548	0.0038761570348457863	24
RAD21	5885	-0.007553581148860381	0.004803086954595022	159
RAD23B	5887	-0.00806345473271066	-0.0009085375016226	77
RAD50	10111	-0.011071120310091671	-0.009769444696129392	30
RAD51	5888	0.005208836693620681	0.02775869769739747	18
RAD51B	5890	-0.009134384549236377	-0.00588395657395788	85
RAD51C	5889	-0.006512436139569167	-0.0002265723232510958	13
RAD51D	5892	-0.005796189064767554	0.005298444491205374	4
RAD54L	8438	-0.00847682935568309	-0.005152213165710928	68
RAD54L2	23132	-0.011739935739694935	-0.00733908638153854	56
RAD9A	5883	0.007999863388078496	0.006802525748389538	3
RADIL	55698	-0.009761034761024223	-0.007262260540789499	15
RAE1	8480	0.029390902963629728	-0.013091837788713492	26
RAF1	5894	-0.010056615155475759	-0.00787337385276243	98
RAI1	10743	-0.007751384356282667	0.005915172129741518	16
RALGAPB	57148	-0.008858755409931415	-0.007289608515957827	25
RALGPS1	9649	-0.007896234564738067	-0.006355119616709845	42
RAMAC	83640	-0.007689988693235766	-0.005483718949859207	57
RAN	5901	0.02664583838642243	-0.010685840442659003	26
RANBP1	5902	0.008731918814563438	-0.013357181352555477	128
RANBP10	57610	-0.007488225317575707	-0.004385545363174111	110
RANBP2	5903	0.016414471390142217	0.007663997940474869	145
RANBP3	8498	-0.011966215048440892	-0.00475386997773276	58
RANGAP1	5905	0.010557846424887574	0.0014854244862581903	145
RAP2A	5911	-0.01057469779307655	-0.007204035836573506	22
RAPGEF1	2889	0.04153206153422123	0.021049615031156942	70
RARA	5914	-0.010485793188549	-0.002958539788983622	91
RARRES2	5919	-0.008752534262899382	-0.003957261967007105	91
RARS1	5917	0.0015247342784822555	-0.010588231671729488	45
RARS2	57038	-0.007354676039574332	-0.007054452284319202	61
RASA4	10156	-0.001145385171763588	0.0100838383855298	120
RASD2	23551	-0.008296620630692928	-0.0037325246959794634	51
RASGRP1	10125	-0.009742967555027293	0.0015744569773135575	10
RASGRP2	10235	-0.003227637857851615	-0.000587404785550012	1
RASL10A	10633	-0.0073684526510842275	-0.0032303116235510025	51
RAVER1	125950	-0.012703376628533136	-0.002016946974153349	58
RB1CC1	9821	-0.009052999973652828	-0.006272862672929257	106
RBBP4	5928	0.020151222014919746	0.010922543925253278	40
RBBP5	5929	-0.011437836599532718	-0.003430933664300529	53
RBBP6	5930	0.0065499234136104706	-0.006390702708040731	138
RBBP7	5931	0.0036157141903599846	0.0023656714427959277	40
RBBP8	5932	0.018527863967964794	0.03600779963562366	41
RBCK1	10616	-0.008481544681166417	-0.005768346129300401	15
RBFA	79863	-0.011796242285037818	-0.010657222394382089	12
RBIS	401466	0.03308775446992614	-0.014719894189305574	26
RBM10	8241	0.008072059626614033	0.0071396679006373994	40
RBM12	10137	-0.0030615481290530103	-0.007536573496720497	19
RBM14	10432	0.004566079390064205	0.0013418549343951584	14
RBM14-RBM4	100526737	0.00287459341091858	0.0055481385730859235	3
RBM15	64783	-0.007136061392811031	-0.0018562220156406475	160
RBM17	84991	0.007852472018367869	0.014825883146939386	40
RBM18	92400	-0.006608691421445684	-0.0037318681202158036	57
RBM19	9904	0.023676808297408918	-0.016280785156253794	76
RBM22	55696	0.006641173902571751	0.03511847445966698	86
RBM23	55147	-0.0031314157510692726	-0.005327809267554023	52
RBM25	58517	-0.01789845855841233	0.001750002801255796	34
RBM26	64062	-0.0014727966988818811	0.00491569601174031	23
RBM27	54439	-0.007452064122844567	-0.004371064682337	90
RBM28	55131	0.0032790642244844696	-0.008831782642636878	17
RBM33	155435	-0.007305456467188239	-0.0007599737546169639	95
RBM34	23029	-0.008716853643770247	-0.009456619085483942	42
RBM39	9584	-0.005803178471718875	0.028724662450138758	107
RBM4	5936	-0.0003326710396871056	0.0038382938573416825	115
RBM42	79171	-0.0010222534221853814	0.0043581296819546365	114
RBM48	84060	-0.011857975043212282	0.002658881829571047	44
RBM5	10181	-0.005663561089532581	-0.008353370805217048	42
RBM8A	9939	0.015570159497434153	0.015572835121343914	70
RBMX	27316	0.008582361639751417	0.010388561284569383	3
RBMX2	51634	-0.007826024435986297	-0.0049448179135071395	33
RBMXL1	494115	0.0005265425100925643	0.010104697790860581	23
RBP3	5949	-0.0034917489217038615	0.003829264062602375	24
RBPJ	3516	-0.004715370153751716	-0.00047171081948634393	55
RBSN	64145	-0.00862077221501749	-0.00529781396262915	15
RBX1	9978	0.030516550905971097	0.03488342976719213	154
RC3H1	149041	-0.007325435150941753	-0.002184633109083361	116
RCC1	1104	-0.0035518108461582054	0.0005458815784018695	130
RCC1L	81554	-0.0008131341647620435	0.005998179312532415	120
RCE1	9986	-0.005252458754699741	-0.005139060466263695	90
RCL1	10171	0.06264715535352913	-0.007205981466043962	143
RCOR1	23186	-0.007833054501097015	-0.004687185557142974	32
RCOR2	283248	0.0008853083036625668	0.0034181310887191913	1
RDH5	5959	-0.008606748793429188	-0.006774522680415815	127
RDH8	50700	-0.012060425047327579	-0.004505997013351078	58
RDM1	201299	-0.006051000685447945	0.0027112399008221814	4
REC8	9985	-0.007436888958315089	-0.007064178618986497	119
REEP1	65055	-0.005779114636267485	-0.0031560537122163625	57
RELA	5970	-0.0034842677150436117	-0.0017002547178243729	1
RER1	11079	-0.0032432841779672485	0.0004103688423625835	115
REV3L	5980	0.003517253909412038	0.02381711572731168	18
REX1BD	55049	-0.012402191554529866	-0.004531452892190454	53
REXO1	57455	-0.011821473625335548	-0.0014396532616724562	27
REXO2	25996	-0.00558152087509981	-0.006466586491912103	39
RFC1	5981	-0.002827984596743313	0.0069933302562929555	144
RFC2	5982	-0.0016501717493364657	0.008265461661920687	120
RFC3	5983	-0.006090352310654006	0.000682127405177993	84
RFC4	5984	-0.007146534291801546	-0.0021182571338097976	54
RFC5	5985	-0.004237654821704009	0.003398554838061918	55
RFFL	117584	-0.008687700040449029	-0.0033964411116135453	13
RFK	55312	-0.002566848566081599	-0.0056458813421188395	14
RFT1	91869	-0.009331559490465666	-0.006025351263949898	11
RFWD3	55159	-6.0548409466851434e-05	0.015438934025813181	31
RFX5	5993	-0.0023074221146466294	0.006340709373174288	20
RFXANK	8625	-0.011690613554115385	-0.0027005500665122986	7
RGP1	9827	0.0006465473848659393	-0.0014059022732371004	14
RGPD2	729857	0.006009981758393045	0.016183074047828018	20
RGPD4	285190	-0.005305062174866641	-0.001988971951961971	57
RGPD5	84220	0.00040295626396328775	0.011113511134068596	20
RGPD6	729540	0.0002851726966492032	0.009568101616583823	20
RGPD8	727851	0.005085862950851945	0.006934061021697265	20
RGS9BP	388531	-0.005962928767157644	-0.0016281664106380669	133
RHBDF1	64285	-0.006541046456629949	-0.0003677226766195061	8
RHEB	6009	0.007377011087847062	-0.011410014949363606	6
RHOA	387	-0.007953750669577781	-0.0032937571389356434	8
RHOF	54509	-0.0055163647421102155	-0.0037583286022038584	52
RHOG	391	0.0037737989104447613	0.00569624334953918	3
RHOQ	23433	-8.246402529698754e-05	0.010176153363234061	20
RHPN1	114822	-0.006494899791651391	0.001991958803169139	72
RIC1	57589	-0.005494692388697693	-0.005246155105421658	19
RICTOR	253260	0.005114249746803503	-0.009800406118957378	6
RIF1	55183	0.0178136304165161	-0.013981071721956591	76
RILPL1	353116	-0.006146513775352967	-0.005926759281145329	14
RILPL2	196383	-0.008566931259839965	-0.006849821565409964	15
RINT1	60561	-0.009145025101888589	-0.007525069179125097	15
RIOK1	83732	-0.005357793792763565	0.00148150909515465	95
RIOK2	55781	0.04627627549221106	-0.011663717170617344	26
RIOX2	84864	-0.011983314250559964	-0.012144069712813736	65
RIPK3	11035	-0.0019489715031951477	0.002165520486684109	113
RIPOR1	79567	-0.006633122216984846	-0.0015244571345059156	84
RITA1	84934	-0.006343229033609596	-0.004975187203411535	17
RLF	6018	-0.008896137089761417	-0.013744490495073114	25
RMI1	80010	-0.006476206513729749	-0.0026785569424485015	125
RMI2	116028	-0.0039029335107240897	-0.0010493787147794994	99
RMND1	55005	-0.0085798848102649	-0.005775429136352681	94
RMND5A	64795	-0.006821539455390661	-0.003322397494943094	67
RNASEH1	246243	-0.007123238131783532	-0.004847871374793068	110
RNASEH2A	10535	-0.012436174316674152	-0.0028279209569320235	7
RNASEH2B	79621	-0.010309568770747622	-0.009151065550317429	42
RNASEH2C	84153	-0.011133335175973326	-0.009692874142816757	30
RNASEK	440400	-0.009858410107392787	-0.0031430394000938775	59
RND1	27289	-0.003933728518406767	0.006960204776140567	9
RNF103	7844	-0.0021926036237537357	-0.007895651262297604	76
RNF103-CHMP3	100526767	-0.007611445265394796	-0.005189166192923219	149
RNF113A	7737	-0.008290914850112432	-0.0024881494755720148	95
RNF115	27246	-0.0038382279245401506	0.00015188714987495456	37
RNF121	55298	-0.008797637117553887	-0.003975973648579944	48
RNF123	63891	-0.007261886231624933	-0.0034375921435828728	33
RNF126	55658	-0.008320030407200793	0.000331179354841785	78
RNF14	9604	-0.005260209361898474	-0.001881075975462992	67
RNF145	153830	0.001106678672978656	0.003263276378847504	71
RNF157	114804	-0.007465523240076919	-0.005337710446135343	109
RNF168	165918	-0.005230077206273724	0.0008057764960721399	55
RNF181	51255	-0.005748721042539959	-0.00112648847088122	57
RNF20	56254	-0.0009733472758576346	-0.008189261898837837	124
RNF214	257160	-0.006748022643775468	-0.010189382255074665	61
RNF25	64320	0.0082065600765042	-0.01065673560960803	6
RNF31	55072	-0.004363334174050244	-0.004874775670260549	52
RNF4	6047	0.004374690954627565	-0.003330795147504891	14
RNF40	9810	-0.0017267880247952764	-0.004682259078142009	124
RNF41	10193	0.017872748330620452	0.006678839136206909	105
RNF8	9025	-0.006889753734747866	-0.001656061243799824	68
RNGTT	8732	-0.01949872822204253	0.009109408668215295	28
RNH1	6050	-0.009264562568261189	-0.007552781472234814	124
RNMT	8731	-0.0041875928645639235	-0.007185366241543889	128
RNPC3	55599	-0.017749914590136286	0.0020755857410637876	34
RNPS1	10921	-0.009498252631888747	0.003451859817663822	10
ROMO1	140823	0.007079370442859319	-0.011643801323642247	45
ROPN1L	83853	-0.003970798212986252	0.003613727447328066	73
RPA1	6117	0.020583226509419725	0.05658360310976847	18
RPA2	6118	0.013024622072781624	0.04048260959795577	18
RPA3	6119	0.009434150940875541	0.03151835687115386	18
RPAIN	84268	-0.0010185991053935871	0.01218645948963958	86
RPAP1	26015	-0.013548089743869092	0.008672655589230336	28
RPAP2	79871	-0.00778950386071013	0.012740796152807392	28
RPAP3	79657	-0.003845128369404434	0.009214196581817713	9
RPE	6120	-0.002486175497866391	0.001018569133945077	24
RPE65	6121	-0.007144242995860486	-0.002653748644254254	87
RPF1	80135	0.045714689694166914	-0.03317811009320585	46
RPF2	84154	0.06526220304671772	-0.04094793268214737	46
RPIA	22934	-0.007525100854844031	-0.0034531717271260014	51
RPL10	6134	0.09503520767254155	-0.03619292232189616	50
RPL10A	4736	0.06107608616455542	-0.012854027898534182	50
RPL11	6135	0.09312283215973978	-0.03843785531794902	50
RPL12	6136	0.05442329794302918	0.0031485264653081484	43
RPL13	6137	0.059826907065921295	-0.029102786032215822	50
RPL13A	23521	0.1001835652936985	-0.03868824698989952	50
RPL14	9045	0.09895392249947767	-0.03836941166333474	50
RPL15	6138	0.09778904819384165	-0.0383048704167461	50
RPL17	6139	0.09934064511690027	-0.038457530968432865	50
RPL17-C18orf32	100526842	0.07689219318453745	-0.030514817446438372	50
RPL18	6141	0.09861883432634752	-0.03799195232034233	50
RPL18A	6142	0.09520816600801525	-0.03629292962176185	50
RPL19	6143	0.09707050922512517	-0.0375533086956793	50
RPL22	6146	-0.00033834440887024997	0.008390298807450375	20
RPL22L1	200916	-0.009581125276719067	-0.008018551227529829	108
RPL23	9349	0.0873956425725499	-0.03371572264192754	50
RPL23A	6147	0.02084291873766302	0.03539024228724291	41
RPL24	6152	0.06880225524252379	-0.02673819099425343	50
RPL26	6154	0.09829004272735738	-0.03788188632213542	50
RPL26L1	51121	-0.005137226797457585	0.0022369416058255283	73
RPL27	6155	0.0965734250609924	-0.03702974879161347	50
RPL27A	6157	0.09588261596775222	-0.037035567635262834	50
RPL28	6158	0.028928508553728517	-0.028104599923175985	46
RPL29	6159	0.01380270747695402	0.032156025623843586	41
RPL3	6122	0.09216118299826889	-0.03758794714640348	50
RPL30	6156	0.09454913736576653	-0.03803142031005913	50
RPL31	6160	0.09654833658098316	-0.036884830752850865	50
RPL32	6161	0.09340667785125949	-0.03543876246565794	50
RPL34	6164	0.08613268676083612	-0.03203888199260226	50
RPL35	11224	0.05603825266124504	-0.027052146775900242	50
RPL35A	6165	0.09514048007399253	-0.036370308019982055	50
RPL36	25873	0.06589730530490828	-0.039349383099002926	46
RPL36A	6173	-0.006248111454993978	-0.011369316589140857	29
RPL36AL	6166	0.019746575423960848	0.0338241096412264	41
RPL37	6167	0.05834086556691304	-0.028144909229741666	50
RPL37A	6168	0.09320130654543683	-0.03788093461943391	50
RPL38	6169	0.08446663094666323	-0.039007212183112344	50
RPL39	6170	0.05836841135004352	-0.02860570747443434	50
RPL39L	116832	-0.00852098412902072	-0.004694128332739865	47
RPL4	6124	0.09929527600714054	-0.03864198757936701	50
RPL41	6171	0.0034179231783025513	0.016931667746376004	102
RPL5	6125	0.06755544696665124	-0.027177374550106388	50
RPL6	6128	0.05916190561834733	-0.02849917662302318	50
RPL7	6129	0.08950042416482155	-0.0339990904926291	50
RPL7A	6130	0.04000249118952968	-0.022675598096169928	50
RPL7L1	285855	0.055276524342503394	-0.03147265752997213	50
RPL8	6132	0.09627505521483781	-0.03745135353982346	50
RPL9	6133	0.09606992626571537	-0.03649276064583713	50
RPLP0	6175	0.05130845909042843	-0.005536694268620178	50
RPLP1	6176	0.020701839281445488	0.006611918924039581	135
RPLP2	6181	0.0327934907528674	0.003122845541053289	150
RPN1	6184	0.0019745759971982716	-0.001122647799709853	112
RPN2	6185	0.002999472663105742	0.0020255413791481843	112
RPP14	11102	-0.0032349766274139043	-0.005215741175875941	76
RPP21	79897	-0.006753980666804944	-0.000998194743276584	141
RPP25L	138716	-0.0034658187154911336	0.0013668069478921933	55
RPP30	10556	0.006719832674368722	-0.008437293070193318	76
RPP38	10557	-0.008080408391081869	-0.005151849923247032	48
RPP40	10799	-0.007136252764583034	-0.0041104444453698335	67
RPRD1A	55197	-0.009612331942342569	-0.011124676462677084	122
RPRD1B	58490	-0.008373330095338201	-0.006983548254718708	66
RPRD2	23248	-0.0020625246891182785	-0.00023520012130604634	37
RPS10	6204	0.05958605236449649	0.007708012351551767	62
RPS11	6205	0.10791508083484848	0.01679272883326761	62
RPS12	6206	0.07324978391305546	0.01093631279908169	62
RPS13	6207	0.101108127035597	0.01521046244818447	62
RPS14	6208	0.10461107830989949	0.016556438100110902	62
RPS15	6209	0.1013137468618434	0.016574635713091132	62
RPS15A	6210	0.09595709857538272	0.014464211994756863	62
RPS16	6217	0.10510433634487108	0.015920147894319857	62
RPS17	6218	0.10430159075418506	0.016632969888633636	62
RPS18	6222	0.10270575065205909	0.016405333610583005	62
RPS19	6223	0.07961999841121382	0.010704741586342603	62
RPS19BP1	91582	0.0160557730404127	-0.01051047756775692	26
RPS2	6187	0.08161182444754066	0.009871481642174804	62
RPS20	6224	0.08483138747495089	0.012176370638500343	62
RPS21	6227	0.06082237404869989	-0.00338720405872302	143
RPS23	6228	0.10627082055175513	0.016629585038955046	62
RPS24	6229	0.08071363263024751	0.011328557691941436	62
RPS25	6230	0.05062749912276237	-9.738609801328379e-05	143
RPS26	6231	0.05954645167963357	0.007584720068098799	62
RPS27	6232	0.050068952261669714	0.014401571967175206	62
RPS27A	6233	0.06475636101345017	0.009589311338618095	62
RPS27L	51065	-0.008549308299004226	-0.0033887114061264246	35
RPS28	6234	0.0884692913058899	0.01171063037656821	62
RPS29	6235	0.07957571385549056	0.011366423462358546	62
RPS3	6188	0.061822389922113315	-8.458778416546265e-05	143
RPS3A	6189	0.08259751648651838	0.012183719249074415	62
RPS4X	6191	0.10303573609559781	0.016253938462926262	62
RPS5	6193	0.10786760447237474	0.016711432774372526	62
RPS6	6194	0.08629656291537524	0.012269276568792814	62
RPS6KA1	6195	-0.003384246488747802	0.0019466159363204054	17
RPS6KA4	8986	0.002945507618878927	0.007266011322309943	3
RPS6KB1	6198	-0.0066654156663634	-0.005964228232796574	101
RPS7	6201	0.07526419560959823	0.004350594667414971	62
RPS8	6202	0.10105122180301158	0.016573241881942268	62
RPS9	6203	0.10717292567239839	0.01661533245029433	62
RPSA	3921	0.07808513269577225	0.011263211200369596	62
RPTOR	57521	0.009104290103104542	-0.012084610525061944	6
RPUSD2	27079	-0.009860725637939157	0.0010046915387054748	35
RPUSD3	285367	-0.007457935158898445	-0.004590444057099388	67
RPUSD4	84881	-0.008776381977349127	-0.007806466345458786	61
RRAD	6236	-0.00622566956220363	-0.0013732166214664933	141
RRAGA	10670	-0.0001446727621533705	-0.010291384145065042	29
RRAGC	64121	-0.001571757171898368	-0.005779210817418888	6
RREB1	6239	-0.007609541698749668	0.0029787818321171853	92
RRM1	6240	0.021821186233321598	0.0580931193920604	18
RRM2	6241	0.012694315234301248	0.042256514013913934	18
RRN3	54700	0.059106744795889815	-0.02254895351804603	134
RRP1	8568	0.028522335619662966	-0.026515760283491424	46
RRP12	23223	0.03729448282392425	-0.013522004962282782	26
RRP15	51018	0.028666022872075148	-0.026560117731079712	46
RRP36	88745	0.03096987264987511	-0.01458065844327722	26
RRP7A	27341	0.031168504994669572	-0.014508237595186269	26
RRP9	9136	0.04411392403254142	-0.02110952746225024	151
RRS1	23212	0.0395150145502787	-0.031959133384479026	46
RSAD1	55316	-0.0078215472094046	-0.0006767533890912586	95
RSL1D1	26156	0.020409630563953698	-0.02173604831458464	117
RSL24D1	51187	0.0613590796150953	-0.03825366133920884	46
RSPH10B2	728194	-0.006959917871928296	-0.0018153160896713489	103
RSPH4A	345895	-0.007906454427656018	-0.007975006339259233	74
RSRC2	65117	-0.006297412574997563	0.002677039548350902	114
RSU1	6251	0.02806954402086939	0.012673939403707151	70
RTCB	51493	-0.00501108064635377	-0.006292272256135716	101
RTEL1	51750	0.01144411074984673	0.03439425230432677	18
RTF1	23168	-0.0037952135927521854	0.0053491566987847435	105
RTF2	51507	-0.01096630948828636	0.004869020097850505	10
RTKN	6242	-0.0031867370842981386	0.003271851293345612	21
RTL10	79680	-0.007917635050470774	-0.0037418925976564184	51
RTN3	10313	-0.004015405799657375	0.0010808644935155546	132
RTRAF	51637	-0.007075859580408968	-0.005877761871536938	66
RTTN	25914	-0.005401227719438751	-0.010248524066521285	122
RUBCN	9711	-0.0085312890515315	-0.0074977739319524095	98
RUNX1	861	-0.010010793442784431	-0.005015477265732623	106
RUNX2	860	-0.006523507268641403	-0.0041847424221508785	32
RUVBL1	8607	-0.013209990580669087	0.0026999995723362958	44
RUVBL2	10856	-0.01308704174816543	0.0021899978654794845	44
RXRA	6256	0.0001638723429432558	0.005079708094481157	24
RXRB	6257	-0.007274146165949906	-0.008704465239200081	42
RYR3	6263	-0.010597433900044658	-0.0040588914271639034	35
S100A11	6282	0.003183639195337736	0.018133582980400794	5
SAA2	6289	-0.0021723619795398696	0.001892141588305142	1
SAAL1	113174	-0.0040560282620283	-0.0015596715802119712	1
SACM1L	22908	-0.0003992936483862722	0.0030728470763698567	63
SAE1	10055	0.0019430980108122234	-0.003646744533315392	141
SAFB	6294	-0.0038103607421420722	-0.0004925297535627993	109
SAMD4A	23034	-0.00652620898831724	-0.003014531394686882	59
SAMD4B	55095	0.0009792376778695305	-0.0036311411654956745	14
SAMHD1	25939	-0.008069685961350343	-0.008711042563572904	25
SAMM50	25813	-0.006999947417174888	-0.003646830739351842	112
SAP130	79595	-0.010343298104870263	0.0031371756769087403	10
SAP18	10284	-0.006088780419557207	-0.006297244547053263	82
SAP30BP	29115	-0.009635462134287814	0.028720433972784173	107
SARDH	1757	-0.004375693288843466	0.00041172060553460815	31
SARNP	84324	-0.007050516036902107	-0.0052964933781525485	47
SARS1	6301	0.029270908278426176	-0.003593048097004283	43
SARS2	54938	-0.008704463693789173	-0.0056112861356016185	88
SART1	9092	-0.007257568068758209	0.01288472716373282	114
SART3	9733	-0.003650675589065212	0.003788920792256482	55
SASS6	163786	0.0020393666308606267	-0.0079941751869653	6
SATB2	23314	-0.009209226951754199	-0.007343191965639724	85
SBDS	51119	-0.0008946241362906258	-0.005001285740957059	17
SBK1	388228	-0.007601158148357465	-0.002216899203848901	78
SBNO1	55206	0.015286868118413347	-0.0030049800923995355	14
SCAF1	58506	-0.012733623136141589	-0.0038101524962358487	53
SCAF11	9169	-0.0007132953536132627	-0.006153550399212461	6
SCAF4	57466	-0.009378665714971458	-0.005314319702088974	11
SCAF8	22828	-0.0004838507280169401	-0.004542829865102553	118
SCAND1	51282	-0.00948329522785582	-0.007639054753794265	12
SCAP	22937	0.0040381613181502815	-0.008562628867738457	136
SCD	6319	0.0050560847083506565	-0.00893470346969392	138
SCFD1	23256	0.0077990772867344215	-0.005556738691694455	6
SCGB1C1	147199	-0.007249603154061406	0.0034879698966208805	16
SCGB1D1	10648	0.0036991718196547315	0.00922359172590488	3
SCGB2A1	4246	0.004469480907720251	0.00743381511366828	3
SCMH1	22955	-0.005178263724975154	-0.003644691643842733	17
SCN4A	6329	-0.007389523190602822	-0.0005905360762969536	13
SCNM1	79005	-0.005612453673903792	-0.003420751662391848	37
SCO1	6341	-0.009805117046940497	-0.004419237432851133	16
SCO2	9997	-0.009646768844796521	-0.006829965896742723	140
SCPEP1	59342	-0.005327331909359586	-0.0017908474743175932	55
SCRIB	23513	-0.007648940614778116	-0.0006893881077625302	116
SCRN2	90507	-0.007454281808547751	-0.0022945944304017456	51
SCRT1	83482	-0.006285557095955667	0.0018387105142018652	21
SCUBE1	80274	-0.009613137995477167	-0.005273522135283501	58
SCYL1	57410	0.0022785568819905532	0.006484551504646552	3
SDAD1	55153	0.06537364507877579	-0.04104312961735222	46
SDC1	6382	-0.009303249752141467	-0.00545197558158412	11
SDE2	163859	-0.007680182305304912	0.012730655366765656	49
SDF2L1	23753	-0.012951102294493519	-0.011815270212653384	38
SDHA	6389	-0.0026741936818862524	0.005338077658090755	21
SDHAF1	644096	-0.013617636978282884	-0.012920244975131612	64
SDHAF2	54949	0.003973286247869314	0.00844827537876282	3
SDHAF4	135154	-0.009757385480092761	-0.007572057604140878	39
SDHB	6390	-0.008983436498543551	-0.007465124558657457	149
SDHC	6391	-0.0042760108659694335	-0.00750692525703959	126
SDHD	6392	-0.004244602858251864	-0.0030119753693179986	59
SEBOX	645832	-0.008984858322037305	-0.00017056460782737283	13
SEC13	6396	0.01104239087081435	-0.023816574487308482	136
SEC16A	9919	0.0021321154283186184	-0.007169336765889851	136
SEC23B	10483	-0.008552439066481067	-0.008428156650460353	118
SEC23IP	11196	-0.0042572055408589896	-0.00709875227124798	128
SEC24A	10802	-0.002663313834884297	5.6529099156330635e-05	31
SEC61A1	29927	0.03602294204625041	0.016345102200074766	70
SEC61A2	55176	-0.008106627870933442	-0.006039376754177682	12
SEC61B	10952	0.004314506822840286	0.007613518239952671	31
SEC61G	23480	0.0316029881188262	0.014646369771731489	70
SEC62	7095	0.010938638620993821	0.0054126575709772615	112
SEC63	11231	0.003437430618326152	-0.003077674025602478	14
SECISBP2	79048	-0.007913184752421514	-0.005349605256089975	47
SEH1L	81929	0.01568966744188418	-0.016021105370578766	6
SEL1L	6400	-0.013506043267464277	-0.0007128757675349831	106
SELENON	57190	-0.006594315262473031	-0.00662950152818087	19
SELENOW	6415	-0.011872493225735978	-0.010227167158240609	64
SEM1	7979	-0.007454859494233226	-0.00224167225319756	44
SEMA3F	6405	-0.010262823297215872	-0.008246457053394732	22
SEMA6B	10501	-0.011997221522938157	-0.003510658783282772	7
SENP1	29843	-0.003821736837981009	0.004260874634389356	92
SENP6	26054	-0.006899449558439116	0.01425140361027431	28
SEPHS1	22929	-0.007986262806169592	-0.004910181272075847	11
SEPHS2	22928	-0.005416036386746574	-0.0033356217485589	8
SEPSECS	51091	-0.010667594332905043	-0.011874593982069716	122
SEPTIN9	10801	-0.004695852663015847	-0.006353741453662111	90
SERBP1	26135	0.0013124755418062264	0.015791805046850627	5
SERF1B&SERF1A	8293&728492	-0.0061185776505240305	0.0003201790887180888	84
SERF2	10169	-0.0022904748131823884	-0.0015366318918894437	66
SERINC4	619189	-0.009083326638832715	0.0014344434991442256	35
SET	6418	0.0007917711747646534	0.012311351669304698	23
SETD1A	9739	-0.006073088688054012	-0.002843817164153565	8
SETD1B	23067	-0.01146259372892389	0.015084077500631258	28
SETD2	29072	-0.008323501200086434	-0.00017961691246092454	13
SETD5	55209	-0.0020601248599190977	0.001089465846754679	115
SETDB1	9869	-0.0047824135401760915	-0.0009582672717246645	8
SETX	23064	0.006414916215200112	-0.00846523870978065	6
SEZ6L2	26470	-0.0064212607687329035	-0.0004629276362053289	8
SF1	7536	-0.0073119707252514736	0.0026269453827702685	114
SF3A1	10291	0.006545674284301961	0.03311583196958957	86
SF3A2	8175	0.004909958706868207	0.032116408103687884	86
SF3A3	10946	0.00595076406659268	0.034727633700976736	86
SF3B1	23451	0.003922424448352836	0.03255281632956145	86
SF3B2	10992	0.006826965547814378	0.03704028730615531	86
SF3B3	23450	0.008496479967779353	0.04542520671395663	86
SF3B4	10262	-0.009820995341086134	0.02904993445446927	107
SF3B5	83443	0.007637808941604913	0.04366208401406109	86
SF3B6	51639	-0.009373164364449276	0.03081576608949029	107
SFPQ	6421	0.040552565763571184	0.022552566809003638	70
SFR1	119392	-0.007491486411230309	-0.002871875912943799	59
SFSWAP	6433	-0.014270872307921022	-0.00019446283106525433	34
SFTPB	6439	-0.006578591421709974	-0.004762122211008961	67
SGCA	6442	-0.003528602517333722	0.007068084773409347	4
SGCE	8910	-0.005883254246674764	-0.003657534462453535	87
SGF29	112869	0.005134116841131445	-0.010466435180363854	6
SGMS1	259230	-0.004925725789687142	-0.006414967547798281	79
SGO1	151648	-0.00911889858856598	-0.005552326861771153	75
SGPL1	8879	-0.009651609709087862	-0.007608051936198324	94
SGPP1	81537	-0.009040571617436828	-0.007245835728485318	39
SH3BP1	23616	-0.007135493110521428	-0.005764464286823951	101
SH3GL1	6455	-0.011886287353391171	-0.000261396280439125	10
SH3PXD2A	9644	-0.006351318347633104	-0.0013801400210943387	104
SH3RF2	153769	-0.008088920092754429	-0.004989794457292454	33
SHB	6461	-0.008542244275197092	-0.006889477431960789	12
SHC1	6464	-0.004830595985434761	0.004257891946851824	37
SHE	126669	-0.0037931248174570085	-0.001168234266399039	37
SHFL	55337	-0.011878005166768492	-0.005670447007073966	83
SHLD1	149840	-0.01023431898438395	-0.004446714100886658	47
SHMT1	6470	-0.010617615062775554	-0.00624731469270599	56
SHMT2	6472	-0.004994962355164542	-0.001368147184220496	89
SHOC2	8036	-0.011370790697229212	-0.004228700467767643	53
SHOX2	6474	-0.006609446446712276	-0.006590057905660313	52
SHQ1	55164	-0.008203954340481295	-0.005004678231900598	11
SIGLEC1	6614	-0.012958452822734268	-0.012921704434475803	0
SIGLEC14	100049587	-0.007675727878382953	-0.006256615269017463	61
SIGLEC6	946	-0.00956010852444032	-0.007650494849277451	15
SIK1	150094	-0.005028176450902047	0.003112987849575592	132
SIK3	23387	-0.0016875151163128345	0.0034743733817318894	132
SIMC1	375484	-0.009954223099830958	-0.008283032948581437	12
SIN3A	25942	-0.009052731930598697	0.01092345786498161	107
SINHCAF	58516	-0.006797112228151373	-1.54439565532598e-05	78
SIPA1	6494	7.775412096864954e-05	0.002805646930258721	1
SIRPA	140885	-0.008864518585518347	-0.006071598619657661	81
SIRT6	51548	-0.009946632148650774	-0.0068876500584055525	83
SIRT7	51547	-0.004592705963096111	-0.0025436683032770517	55
SIVA1	10572	-0.005941579852767317	0.0005774989735076194	73
SKA1	220134	-0.006801357128968844	0.00790095311952014	97
SKA2	348235	0.0008479328521508789	0.013536987903684334	97
SKA3	221150	-0.0023979002435053796	0.003148560559794342	130
SKAP1	8631	-0.007521136725214221	-0.0002146428000389429	13
SKI	6497	-0.008973063067069333	-0.007078861962839173	15
SKIV2L	6499	-0.005657654016701129	-0.005328814709510805	32
SKP1	6500	-0.009638601781893552	0.003347958472494535	63
SKP2	6502	0.0044025191796024255	0.02679226338643058	18
SLAMF1	6504	-0.003625923625652301	0.0033043670756055764	37
SLAMF9	89886	-0.0016821461798183987	0.008189191813603199	5
SLBP	7884	-0.00036974069222529474	0.014705488214009453	18
SLC16A1	6566	0.004322908774242619	0.01328849440953129	23
SLC16A3	9123	-0.002816939642031823	0.0034091504672062495	73
SLC16A5	9121	-0.007386352716651266	-0.004515595304092831	81
SLC1A5	6510	-0.008777974589760394	-0.006642359837228067	75
SLC20A1	6574	0.009534920659787085	-0.00728066281053559	43
SLC22A12	116085	-0.007604309208374691	-0.005410470165455792	39
SLC22A17	51310	-0.007111635157492002	-0.0025951239137671387	47
SLC22A25	387601	-0.002650565562615505	0.0005331385040358854	1
SLC22A8	9376	-0.0006075850342441256	0.00251916603086759	1
SLC23A3	151295	-0.0033748104668482872	-0.006096666728985707	14
SLC25A1	6576	-0.010839086554567662	-0.0057789293077928254	11
SLC25A10	1468	-0.008275580548941681	-0.0007829623382857926	35
SLC25A18	83733	-0.007961760858467415	-0.004127276830685261	51
SLC25A19	60386	-0.006739085106105788	0.004701223930822893	4
SLC25A22	79751	-0.002722709328451575	-0.002979529763796913	14
SLC25A25	114789	-0.005777516635974696	-0.0023235143171248867	130
SLC25A26	115286	-0.008226436524821527	-0.005440623751182752	11
SLC25A28	81894	-0.0029523510197715735	-0.002666108108783061	14
SLC25A3	5250	-0.006282321448573967	-0.006063635703981307	42
SLC25A42	284439	-0.013269299085688156	-0.007318106242824379	27
SLC25A48	153328	-0.008505075305470284	-0.005832116900462896	36
SLC25A51	92014	-0.003201250996185249	0.0018260960238615587	77
SLC26A10	65012	-0.003424749514058314	0.0013815882887490247	89
SLC26A8	116369	-0.005554821748942956	-0.005276984657932438	32
SLC29A1	2030	-0.004493439476914761	-0.0007934205238239765	80
SLC29A4	222962	0.0020593462358362855	0.00953905744812805	23
SLC2A1	6513	-0.004972610399988255	-0.003892758053399395	89
SLC30A9	10463	-0.006471456297585867	-0.006271856247523529	119
SLC31A1	1317	-0.006059244587838648	-0.0002703377016546694	84
SLC33A1	9197	-0.0026784601080732536	-0.0048096980005603645	112
SLC35A1	10559	-0.004769102827689084	-0.006032056178431935	19
SLC35A2	7355	-0.004407789104370607	-0.0014992670809214812	139
SLC35B1	10237	-0.00437123029542163	-0.0004413493413969943	141
SLC35B2	347734	-0.0055369646812908615	-0.005811102437958204	66
SLC35C1	55343	0.004126904548270948	0.007694077281561341	3
SLC35D1	23169	-0.007923792358580017	-0.00613716133448991	33
SLC35E2A	9906	-0.008397651221841882	-0.004729155804330038	68
SLC35G3	146861	-0.006440028394071155	0.005258844552144089	4
SLC35G6	643664	-0.0035619130843405366	0.012962986834775779	4
SLC38A2	54407	-0.008651478494022542	-0.00042057962243054284	13
SLC38A5	92745	-0.00413861652892122	-0.0010102044719277842	139
SLC38A7	55238	-0.007780231725584546	-0.00312238339863645	59
SLC39A10	57181	-0.0032893224283648556	-0.007606394941615888	128
SLC39A4	55630	-0.003532843895226842	0.0068332247076443265	21
SLC39A5	283375	-0.007361861109797862	-0.004313750720434467	47
SLC39A7	7922	0.003347249937139791	0.006605128637708269	31
SLC3A2	6520	0.0020146254541190765	8.329341859618185e-05	14
SLC41A1	254428	-0.006763540652230557	-0.006433209348955965	42
SLC4A1	6521	-0.007271443811373224	0.0010576611618680369	4
SLC4A1AP	22950	-0.011613283676830007	-0.006258513552253038	22
SLC4A2	6522	-0.007312326009374828	-0.00254512436009453	87
SLC4A5	57835	-0.005240691048600297	-0.002103166799531437	57
SLC4A7	9497	0.004328726417627703	-0.00998477075927132	6
SLC52A2	79581	-0.0058919670517159845	0.0012990390424329756	21
SLC5A1	6523	-0.008610832361453344	-0.004470332758103042	51
SLC5A3	6526	-0.012906047170596995	-0.012269481151314644	2
SLC5A9	200010	-0.007682673120731802	-0.0054440029814888675	110
SLC66A1	54896	-0.006603488723408292	-0.0055393347777153365	19
SLC6A17	388662	0.004834400885099469	0.017896027493112157	102
SLC6A18	348932	-0.003190937587236746	0.0038412867497638393	24
SLC6A6	6533	-0.008940196022743365	-0.006821871680130065	36
SLC6A9	6536	-8.402724593313433e-05	0.005920299704571176	23
SLC7A1	6541	-0.011662025000200664	-0.00970793926196794	22
SLC7A5	8140	-0.007147118885732118	-0.005942408774543164	42
SLC7A6OS	84138	-0.0012507547916674455	0.008097936265715998	28
SLC9A3	6550	-0.004346051427531514	0.0035793040432896685	73
SLC9B1	150159	-0.008395958909936142	-0.006114154555698086	36
SLF2	55719	-0.0026158329217005984	0.003091367893803849	31
SLFNL1	200172	-0.004787314193404712	-0.002932354453890451	17
SLIRP	81892	-0.007934782477389143	-0.007839740184883731	128
SLMAP	7871	0.002325716654430396	0.002214885275748933	114
SLTM	79811	0.0002755894507635054	-0.00847862843848882	45
SLU7	10569	-0.0013202838572849524	0.026299603003455414	107
SLX1A	548593	-0.0031135431528307366	0.005645555018930349	8
SLX4	84464	-0.003051308486211201	0.005899423139841763	31
SMAGP	57228	-0.003484129694201846	0.008333826126014778	9
SMAP2	64744	-0.005580627743118861	-0.004428572444298082	19
SMARCA4	6597	-0.009336063064439888	-0.001142514425702006	159
SMARCA5	8467	-0.0001173719304208552	-0.004295906806482152	140
SMARCAL1	50485	-0.005540002130509023	-0.005306070048092497	79
SMARCB1	6598	-0.01149574581977365	-0.004896738127817906	60
SMARCC1	6599	-0.010135689462810732	-0.007562654763952166	22
SMARCD1	6602	-0.010204673947867069	0.0004271233526859662	44
SMARCD2	6603	-0.0032914673927995734	-0.0036108210742568517	79
SMARCD3	6604	-0.009815802404896736	-0.006993999394202217	15
SMARCE1	6605	-0.010209167283455174	-0.005179045169345192	91
SMC1A	8243	-0.007949345981634414	0.0021757056515128007	159
SMC2	10592	0.0021164869076202497	0.015193714469834255	102
SMC3	9126	-0.008596731353224488	0.003758373273688202	159
SMC4	10051	0.0018006975908524782	0.014979145951517487	102
SMC5	23137	-0.004158981479843745	0.001690359617737159	31
SMC6	79677	-0.007819344451051893	-0.004607234478705164	133
SMCHD1	23347	-0.0108573272267026	-0.007173252637258897	22
SMCR8	140775	-0.007363125310396377	0.005685342376651575	16
SMG1	23049	0.0072846946786217235	0.006207160939502503	99
SMG5	23381	-0.0011029886811740998	-0.0023958087757306825	37
SMG6	23293	-6.290177358482264e-05	0.002144056436535039	99
SMG7	9887	0.00587152929550746	0.005810432519713143	99
SMG8	55181	-0.011658312563724094	-0.004025792526571097	58
SMG9	56006	-0.010747767654397469	-0.0078087504545011205	38
SMIM29	221491	-0.008958405491931045	-0.009209556602665541	74
SMIM7	79086	-0.009056962136811017	-0.000593126390230693	7
SMN1&SMN2	6606&6607	-0.014585747380234193	0.0005745516444634854	34
SMNDC1	10285	-0.0128975863730905	0.0028379919602046174	34
SMR3A	26952	-0.009422670984701748	-0.007456975171302679	127
SMTN	6525	-0.007237715117110054	-0.003627800822029708	76
SMU1	55234	0.006752236414648963	0.04474693405502259	86
SMUG1	23583	-0.00547692823583352	0.0036766420782034107	9
SMURF2	64750	-0.011595154438389477	-0.007509878377109647	7
SNAP23	8773	-0.009466603475214275	-0.0022209039333037387	90
SNAP29	9342	-0.008201102649962702	-0.005463627242758889	81
SNAP91	9892	-0.005292889035044369	-0.006331147016577324	19
SNAPC1	6617	-0.010529289057846824	-0.005496843895063665	30
SNAPC2	6618	-0.013958325158104329	0.0023746521620652814	34
SNAPC3	6619	-0.012739512772487263	-0.0018477143751052722	114
SNAPC4	6621	-0.015135622705979596	0.0008312200382715137	34
SNAPC5	10302	-0.01293676757859685	-0.003983449575010994	53
SNF8	11267	-0.007744890291550207	-0.0022063454104757764	13
SNHG32	50854	-0.008003987586413679	-0.005898778117513707	81
SNIP1	79753	-0.004246033999953705	0.012525527797749174	155
SNRNP200	23020	-0.006724422905210853	0.033622636423841376	123
SNRNP25	79622	-0.01654041951482711	0.0014705721041681338	34
SNRNP27	11017	-0.003893767460521771	0.00406822998817894	114
SNRNP35	11066	-0.016259507878186932	0.0014964321166547393	34
SNRNP40	9410	-0.0031713533015494703	0.0020767455862422423	24
SNRNP48	154007	-0.015327156573932878	0.0010188457374373462	34
SNRNP70	6625	-0.009707984273575146	0.019389473480500317	107
SNRPA	6626	-0.015317792437095185	0.0007805473336984246	34
SNRPA1	6627	0.008038273628083912	0.04329089911286836	86
SNRPB	6628	-0.010498659224928906	0.029377810932195336	107
SNRPB2	6629	-0.01300555858425832	-0.004880573733944783	82
SNRPC	6631	-0.010267134639784545	0.0038196946325347574	44
SNRPD1	6632	-0.010535655549611975	0.0361513564327207	107
SNRPD2	6633	-0.01061875434171875	0.03896633324865331	107
SNRPD3	6634	-0.010587392790263113	0.03914370866367138	107
SNRPE	6635	-0.010108149204852679	0.02916128907167268	107
SNRPF	6636	-0.010606515717303679	0.03887182529291358	107
SNRPG	6637	-0.009523626958460804	0.039600261566230005	107
SNU13	4809	0.0022798091525372027	0.04136267024889116	86
SNUPN	10073	-0.014566053921605598	0.0003817474675562226	34
SNW1	22938	-0.008970632783494466	0.02783971767868229	107
SNX15	29907	-0.005760238778932255	-0.0010044658672658938	55
SNX17	9784	0.00044159653286654727	-0.005186610739670168	76
SNX32	254122	0.00033322447797137355	0.0030238161483981184	1
SNX33	257364	-0.007778915656898769	-0.0031066527937202836	35
SOCS3	9021	0.012307646972434359	0.0020909328136119168	105
SOCS7	30837	-0.009760615024618047	-0.008833160387409772	25
SOD1	6647	-0.009078237031194166	-0.003384802006955686	96
SOD2	6648	-0.010798927174122239	-0.008856179505182133	147
SOGA3	387104	-0.01046638951131995	-0.0085888327453775	108
SON	6651	-0.008734184246661149	0.0009936854390355152	13
SOS1	6654	-0.010279172491958697	-0.0060547670560151525	98
SOX10	6663	-0.007167604376214291	-0.0021808558852421146	35
SOX12	6666	-0.0066876692324605485	-0.005456771815201718	19
SOX15	6665	-0.008175984938532206	0.0011182523968228104	16
SOX4	6659	-0.011368363464840497	-0.011571277656876145	65
SOX9	6662	-0.002063814803759664	-0.003108976280850357	14
SP1	6667	-0.003999486117985564	-0.002246620248483841	138
SP2	6668	-0.00848849581436196	0.00043046120605875533	13
SP3	6670	0.0006673086755113387	-0.004808583072104069	136
SP5	389058	-0.007818057991498286	-0.005809089239892572	109
SP8	221833	-0.0036385313410377752	0.0021017034286005018	24
SPACA7	122258	-0.006371709365701774	-0.0005246617851999768	84
SPAG4	6676	-0.009780025979327981	-0.00788317369744546	98
SPAG5	10615	-0.007643787526516169	0.0011924539309614444	13
SPAG7	9552	-0.005970349523649528	-0.002130966768997988	16
SPAG9	9043	-0.010327500093956565	-0.0006342183260880147	16
SPAST	6683	-0.007140412550839563	-0.007702921557864945	100
SPATA31A3	727830	0.0029993921740977007	0.016596919864845804	20
SPATA31A5	727905	0.0017820366380031658	0.01829794001518501	5
SPATA31A6	389730	-0.010830179480707969	-0.0088890924366579	30
SPATA31A7	26165	0.0035101808282653477	0.020210553872457446	5
SPATA5	166378	0.013487024574754002	-0.01858480551694189	117
SPATA5L1	79029	-0.011248742397814192	-0.0026369959161647383	53
SPATC1	375686	-0.005525038791684138	0.002821293422128368	54
SPATS2	65244	-0.0034535601699201388	0.0040930962906103345	92
SPC24	147841	-0.009592172328526329	-0.0003224546640543701	35
SPC25	57405	-0.002374428442999247	0.00655054372979805	3
SPCS2	9789	0.007030099215640395	0.01997574600720985	102
SPCS3	60559	-0.00819897311092032	-0.007383402060351987	100
SPDL1	54908	-0.004380610150685198	0.00041136932442261206	95
SPDYC	387778	0.0027168108755273902	0.006863595712598543	3
SPDYE1	285955	0.017483597588873797	0.034637344799045656	41
SPDYE2	441273	0.014914008951150382	0.029113609417004922	41
SPDYE2B	100310812	0.01774685665242598	0.03234725113720708	41
SPEN	23013	0.0036290434939580648	0.007850970652023065	99
SPG21	51324	-0.006287639234134769	-0.004150349827117884	81
SPHK2	56848	0.016641316428088554	-0.019917542082059318	117
SPI1	6688	0.0035040494983385483	0.013211747565720732	3
SPICE1	152185	-0.010572207529212903	-0.00730783355569489	146
SPINDOC	144097	-0.006618542225895723	-0.0034201277671448947	88
SPINT1	6692	-0.00900682592880742	-0.0016969791882957865	35
SPNS1	83985	-0.005645722654140139	-0.006193565247908617	8
SPNS2	124976	-0.008779893341334092	-0.002327922159939373	16
SPOCD1	90853	-0.004313739714757712	-0.0019419225135964837	17
SPOUT1	51490	0.03675852750264828	-0.02835101994834249	46
SPPL2C	162540	-0.006682661095043727	0.004166557092547842	4
SPRR2A	6700	0.006492079191312786	0.02323081303484737	5
SPRR2B	6701	0.0026978282843685615	0.012257408133409468	5
SPRR2D	6703	-0.007273926606522599	-0.0014204649764154645	68
SPRR2E	6704	0.002226320193318448	0.01705258426637977	5
SPRR2G	6706	-0.007194394846541494	-0.004836909592665776	68
SPRTN	83932	0.006271871406129584	0.02501892138450218	5
SPRYD4	283377	-0.00344649662671674	-0.0012410807629997082	89
SPTB	6710	-0.002318368293856704	0.002652457030186039	31
SPTBN2	6712	-0.003914959813699183	-0.000948984072196071	1
SPTLC1	10558	-0.007034686372397515	-0.005662825480110393	61
SPTLC2	9517	-0.008366473138219598	-0.0063754191930662325	110
SPTSSA	171546	-0.007019106880496391	-0.007372507675298141	61
SQLE	6713	-0.007966809699633003	-0.004173097489279608	75
SRBD1	55133	0.0005766988442388569	0.013315252253355817	20
SRCAP	10847	0.00968655825321596	0.006694986428789851	40
SRD5A3	79644	-0.009638917571721944	-0.009019998996927674	61
SREBF1	6720	-0.0033506490124108274	-0.005234913020365413	19
SREBF2	6721	-0.009884600770999863	-0.007571645753278231	127
SREK1	140890	-0.011834159249312592	-0.005545735861003386	53
SRF	6722	0.0008032561876388237	-0.0032045361182762443	139
SRFBP1	153443	0.032905027558653946	-0.014328283659789144	26
SRM	6723	-0.009507188389654343	-0.006217997012818167	11
SRP14	6727	-0.004886101126276276	0.0016392819483310843	140
SRP19	6728	0.0058189464968094635	0.004353425416246943	71
SRP54	6729	0.011530494633254484	0.007545452812801382	71
SRP68	6730	-0.003980052382005042	0.0006069546869114035	63
SRP72	6731	-0.001191991574215574	-0.0025200065139587484	71
SRP9	6726	-0.003285809348711485	-0.003132405692647785	140
SRPK3	26576	-0.00945308498568847	-0.009697738152397679	74
SRPRA	6734	0.006320733292113059	0.005433305189259474	71
SRPRB	58477	-0.011333434502601217	-0.011540188140791647	108
SRRD	402055	-0.0015701977848718298	-0.001434937874702448	39
SRRM1	10250	-0.012721946470660718	9.52717559023072e-06	27
SRRM2	23524	-0.004823079406932517	0.003047363103063073	10
SRRT	51593	0.024736821023956874	0.015580169334694308	70
SRSF1	6426	-0.013080016418140057	0.002746475345775618	44
SRSF10	10772	-0.008529518585071321	-0.00771877953968036	74
SRSF11	9295	-0.011863625818390684	0.0003105983830734279	27
SRSF2	6427	-0.009378177099072734	0.026249853717594963	123
SRSF3	6428	0.0019265013071444528	-0.0052295780789036895	34
SRSF4	6429	-0.0043318714004830245	0.00030517278282718213	17
SRSF6	6431	-0.012626203956699132	-0.007624292420339656	82
SRSF7	6432	-0.014260647204761475	0.0006526721215093144	34
SRXN1	140809	-0.009164592395609062	-0.008042879594507894	42
SS18	6760	-0.011195720417030864	-0.008197482816783345	12
SS18L2	51188	-0.005330092293431026	0.009208179796142897	92
SSB	6741	-0.002494662154915329	0.005041185317956998	20
SSBP1	6742	-0.004379892177237638	0.0018306213959835924	55
SSBP3	23648	0.0026608040390777286	-0.0006097035631801367	105
SSBP4	170463	-0.012127022166785323	-0.00024039467555109388	27
SSC4D	136853	-0.0006046345272816639	0.00846300061415681	120
SSH2	85464	-0.005695805209075914	0.002579607131857466	13
SSR2	6746	-0.00514166527099386	0.0035846965280043664	21
SSRP1	6749	-0.01085015563338662	0.015013082612297952	28
SSTR3	6753	-0.009791519442556953	-0.007627208262128025	127
SSU72	29101	-0.010209055683473085	0.00584370279066268	10
SSX2B&SSX2	6757&727837	-0.004137013518383621	0.0005220024214493907	139
SSX4	6759	-0.0078041793120516775	-0.005181356501269452	68
SSX4B	548313	-0.007000217253183596	-0.004690383946052893	68
ST13	6767	-0.01033981900869035	-0.004708621658393516	58
ST20	400410	-0.010134546901023419	-0.0004496997816163744	35
ST6GALNAC4	27090	-0.006812988606596001	-0.0023333425465958497	47
STAB1	23166	-0.010428780139801426	-0.005339897850074885	11
STAC3	246329	-0.00027653059230887706	0.003262927779423143	115
STAG2	10735	-0.009211287915463376	0.002335432984178834	159
STAG3	10734	3.310207229426093e-05	0.009330719122828011	120
STAMBP	10617	-0.005056041121990902	-0.0012407159700134798	57
STARD7	56910	0.003501243999063496	0.0055054812767876245	20
STARD8	9754	-0.005322425055012875	-0.006001754906033811	118
STAT5A	6776	-0.005589918919695325	0.007853454130511861	4
STAT5B	6777	-0.006440088870888611	0.004365005416980225	4
STEAP3	55240	-0.0039805082793955004	-0.0017928775435823	66
STIL	6491	0.0031453043262815853	-0.007150632525419884	6
STIP1	10963	0.0037789904482641557	0.008394890637906065	3
STK11	6794	-0.012266556181081833	-0.009193414952087397	56
STK40	83931	0.019798793759829545	0.007991662932153103	40
STMN1	3925	-0.008206296472588569	0.005387792434114273	49
STN1	79991	-0.0002419490853156046	-0.010952846268413662	25
STRAP	11171	0.005150373162515885	0.00605756688422214	135
STRIP1	85369	-0.0012184715962479304	0.008836385202846358	4
STRN	6801	-0.007985349980172706	-0.005410331350524653	67
STRN3	29966	0.003199955035079063	-0.004476086448152682	14
STRN4	29888	-0.009173625374572449	-0.0065369086762313965	88
STT3A	3703	-0.008900711523282232	-0.006449280976256059	90
STT3B	201595	-0.009168785556107286	-0.009346980916305443	25
STUB1	10273	-0.007239322118436497	-0.0020398139925403348	54
STX10	8677	-0.012961987131085118	-0.004467377019213189	82
STX18	53407	-0.0003847453077688445	-0.00525117525698256	6
STX4	6810	-0.006587903558320567	-0.002754966237636019	8
STX5	6811	-0.00636406367491415	-0.004177421199244177	35
STXBP1	6812	-0.006882452243431011	-0.0036013577295912792	47
STXBP3	6814	0.00101118209788314	0.011512888510091133	23
SUB1	10923	-0.007424314915573106	0.0019827334216501007	72
SUCLG1	8802	-0.007155957247778354	-0.006582437090037512	149
SUCO	51430	0.004893738125906518	0.004359416660170247	3
SUDS3	64426	-0.011780464998212833	-0.004051167881704293	56
SUGP1	57794	-0.01011176876353876	0.0021594748183520343	10
SUGP2	10147	-0.01174421004519646	0.001307600514565957	27
SUGT1	10910	-0.006616714032954022	-0.002059488701430015	44
SULT1A4&SULT1A3	6818&445329	-0.003301319523225538	0.0005938401257891307	8
SULT2B1	6820	-0.008346003365404748	-0.005639044046984742	36
SUMO2	6613	-0.0034614219972909934	-0.0022588479745853183	141
SUN2	25777	-0.005982400173959916	-0.0011897670734532513	57
SUOX	6821	-0.003936573280128474	0.008352011200746658	9
SUPT16H	11198	-0.010890942684325718	0.014160744005176964	28
SUPT20H	55578	0.005429508943578826	-0.009300073520851935	138
SUPT4H1	6827	-0.011476583966358178	0.010901027119968569	28
SUPT5H	6829	-0.00624766855509951	0.009344855875428089	28
SUPT6H	6830	0.0022006398260732197	0.025334389266430165	156
SUPT7L	9913	-0.0026897367484640575	-0.007400044460992046	138
SUPV3L1	6832	-0.0007429853704209726	0.0021537001080037667	1
SURF1	6834	-0.0043998199113152265	-0.0022317719774705177	17
SURF4	6836	-0.013052798302563843	-0.0010723496332430932	7
SURF6	6838	-0.0031929373786212948	-0.003059911219599462	17
SUZ12	23512	-0.012147256924951335	-0.003935057342261914	82
SV2A	9900	-0.0011711801894865542	0.010187101232795497	5
SYF2	25949	-0.006297621639194397	-0.0007200369983464303	13
SYMPK	8189	-0.010825124737021161	0.004131652862497878	10
SYNC	81493	-0.008483916586932618	-0.007856456689454708	42
SYNCRIP	10492	-0.001964750189920999	-0.006833985729176417	17
SYNJ2	8871	-0.008117346329314176	-0.006152996692622952	149
SYNPO2L	79933	-0.005032879491682451	0.002303977032257859	73
SYPL2	284612	-0.0031443342665859043	0.003288435980581077	141
SYS1	90196	-0.007745189832428511	-0.006444766695431808	52
SYT12	91683	0.004109550831102272	0.006882524047484109	3
SYT15	83849	-0.00039657995482964323	0.0125347856375178	86
SYT2	127833	-0.00560310513619977	-0.001155273894176554	55
SYT5	6861	-0.009977238233845801	-0.007576091231632674	15
SYT8	90019	-0.010533512886111783	-0.008441190930225566	75
SYVN1	84447	-0.013187937397976171	-0.0009009930385522153	106
SZRD1	26099	-0.005037831580469472	-0.0008082176873381543	144
TACC3	10460	-0.005209206632735659	0.009586883570737973	97
TADA1	117143	0.006423947224958276	-0.009076574768915647	138
TADA2A	6871	-0.013310103400860734	-0.0004416936687256536	44
TADA2B	93624	0.00635864532695953	-0.009098494736607756	138
TADA3	10474	0.00018660010410986484	-0.01025739155931639	29
TAF1	6872	-0.011375480421553237	-0.0039762691071843145	60
TAF10	6881	-0.011264771210337915	-0.0049193141508075385	60
TAF11	6882	-0.007883345509864546	-0.007898368158083004	22
TAF12	6883	-0.010919281138585772	-0.004639373995613149	60
TAF13	6884	-0.009389657992989967	0.0012669586193264847	92
TAF15	8148	-0.007111365593001925	0.005531035429357061	4
TAF1A	9015	0.019316594865622948	-0.02045209682243879	134
TAF1B	9014	0.01877266008370054	-0.02037555348188215	134
TAF1C	9013	0.021684576369146592	-0.021016535169786812	134
TAF1D	79101	0.0206674348951517	-0.021032755855292084	134
TAF2	6873	-0.011942269545069934	-0.004608806370409126	60
TAF3	83860	-0.012039040478332704	-0.004979475834161762	60
TAF4	6874	-0.011445242506174288	-0.005221180110111926	60
TAF5	6877	-0.011286937725432442	-0.005275225768639657	60
TAF5L	27097	0.005574554956134909	-0.00919158878128201	138
TAF6	6878	-0.012411660454802898	-0.0047108441980283616	60
TAF6L	10629	0.006168961884960507	-0.009457276936540391	138
TAF7	6879	-0.010977512831307962	-0.005373306194130693	60
TAF8	129685	-0.012014593228770751	-0.00467164393401835	60
TAGLN	6876	-0.007307890849737408	-0.007111837884656964	39
TAMM41	132001	-0.0076520947459950235	-0.002892632923817763	144
TANGO6	79613	-0.007567558572578721	-0.002276136953549466	59
TAPT1	202018	-0.0019218566009426678	-0.005919505455730392	14
TARBP2	6895	-0.003945198173503524	0.008264021834586134	9
TARDBP	23435	0.018832913085903947	0.014737947738668756	93
TARS1	6897	-0.006930039004677105	-0.0005280649117016254	96
TARS2	80222	-0.0022730004000475687	0.004141219567547136	37
TAZ	6901	-0.0064271133766407185	-0.007183073337114653	74
TBATA	219793	-0.005680136157653089	-0.0027961971093484242	36
TBC1D16	125058	-0.004488304652382069	-0.00022214483544684036	115
TBC1D17	79735	-0.01160299047654869	-0.0073598997396394136	38
TBC1D22B	55633	-0.006557272554899722	-0.0059128852058748975	32
TBC1D28	254272	-0.007260712455072213	0.0073284828442559445	16
TBC1D3	729873	-0.0023426526534273983	0.022223391562690174	156
TBC1D3B	414059	-0.0026543126581208987	0.02171816970282201	156
TBC1D3C	414060	-0.0026753732968671645	0.022641697093359045	156
TBC1D3F	84218	-0.0028753530760748575	0.021805465067339342	156
TBC1D3G	101060321	-0.002534435375542212	0.022705556139726198	156
TBC1D3H	729877	-0.0016679382960705872	0.019632976120508558	156
TBCA	6902	-0.007588351728397854	-0.004136878209952853	33
TBCB	1155	-0.01254331353253535	-0.010299110443973214	56
TBCC	6903	0.015610433291178408	-0.005176337108616362	6
TBCD	6904	0.008379875926672144	-0.01180133636913527	129
TBCE	6905	0.002029993477829724	-0.010109717733204444	29
TBKBP1	9755	-0.004927534446567649	0.01100999393750482	4
TBL1XR1	79718	-0.006402699527833041	-0.006629605963882201	79
TBL3	10607	0.07130539766620751	-0.03177075480735127	151
TBP	6908	-0.01684690647270038	0.0017222534182790537	34
TBRG4	9238	-0.00602447756095878	-0.00204272755308184	55
TBXA2R	6915	-0.01054347065137927	-0.003682649543780903	59
TCEAL4	79921	-0.010142498959847385	-0.00860213562303709	12
TCEAL9	51186	-0.012613250047206122	-0.011238747140306876	147
TCERG1	10915	-0.00977920226619232	-0.0006555459134578369	16
TCF3	6929	-0.01466179274270734	0.00019050474486339026	34
TCHP	84260	-0.006180070947869367	-0.0036225253746883946	17
TCOF1	6949	-0.0029496743039995462	0.0017496791323675766	104
TCP1	6950	0.058803232205433556	0.027856065820655376	153
TDGF1	6997	-0.000861093278209215	0.010433126433129655	31
TDP2	51567	-0.008466251174747358	-0.006935673855386124	74
TEAD1	7003	-0.009627166256058854	-0.006321320913969023	75
TEAD2	8463	-0.010972150943193447	-0.008017527236516208	38
TEAD3	7005	-0.00436730066788334	-0.0053194628714745736	32
TEAD4	7004	-0.0020644821393732108	0.004642589002771925	31
TECR	9524	-0.012151101439241687	-0.0013245718603405682	7
TEDC1	283643	-0.009118569536186297	-0.00731064809613639	12
TEDC2	80178	-0.007133778202351699	-0.0031816230033311077	33
TEF	7008	-0.008404547223772759	-0.004504620745183688	47
TEFM	79736	-0.007118879605772453	0.004264684790868884	4
TEKT2	27285	-0.005706283481333355	-0.005619195748927011	19
TELO2	9894	-0.00843204874913535	-0.004481421319546649	98
TEN1	100134934	-0.008345171689532305	-0.0051159300247868855	75
TENT4B	64282	-0.006038539845464503	-0.005325252772302908	144
TEPSIN	146705	-0.006877707895125115	-0.000305480166537978	84
TERF1	7013	0.0037018375023960422	0.02238133996293474	5
TERF2	7014	0.015404282360055862	0.034906343116950254	41
TERT	7015	-0.0050223808727758385	0.0023326670559852044	73
TESK1	7016	-0.0028831038049506605	-0.003459367822573383	39
TEX10	54881	0.0075734901212170715	-0.010050593646049282	117
TEX101	83639	-0.011144008747528576	-0.007682083098197954	38
TEX19	400629	-0.006594473661759924	-0.0061517594050694005	79
TEX29	121793	-0.009964395543850616	-0.007698108586977576	15
TFAM	7019	-0.004540081670917732	0.0005080919777522112	73
TFAP2C	7022	-0.009577914422258381	-0.0072969825371513915	94
TFAP4	7023	-0.006127999440122353	-0.00711345793927212	29
TFB1M	51106	-0.011051154306725963	-0.00911192199760717	38
TFB2M	64216	-0.008424871938923073	-0.006670517903259985	42
TFDP1	7027	-0.014362246306363995	0.005549619610207	44
TFG	10342	-0.0065734678309439624	-0.0007875038692659957	112
TFIP11	24144	-0.010161918980234929	0.004642652609321756	10
TFPT	29844	-0.004552658108765916	-0.006501626171027839	39
TFR2	7036	-0.007746488748007969	-0.0037192010352533915	33
TFRC	7037	-0.0042838815867470865	-0.004183013483853817	112
TGFBR1	7046	-0.009659879850005076	-0.009743701153784859	25
TGFBRAP1	9392	-0.0028497411232997227	0.0009776560890762806	113
TGS1	96764	-0.002580129624513784	-0.006109689612188675	76
THAP1	55145	-0.007864704951990152	-0.0025222863169809353	16
THAP11	57215	-0.0003276953866033058	-0.006695760427628063	19
THAP12	5612	0.007726826530890249	0.010558322535640007	135
THAP4	51078	-0.009639671374116828	-0.008343803848851984	15
THAP7	80764	-0.009142778164376208	-0.009439433738046083	48
THG1L	54974	-0.010944662042593567	-0.007634868141559068	83
THOC1	9984	-0.013275793063300918	0.010859340771608519	28
THOC2	57187	-0.01267539871843442	0.010604302122418365	28
THOC3	84321	-0.006285260850837904	0.004074845165323983	132
THOC5	8563	-0.012725074187768689	0.009537092184138653	28
THOC6	79228	-0.006238697477691042	-0.0033707202735656695	47
THOC7	80145	-0.013208851551538763	0.009879512246091167	28
THRA	7067	-0.005664776124401516	0.0006874426234464736	116
THRSP	7069	-0.0023883684947984757	-0.00042286897131538713	104
THUMPD1	55623	-0.0067818083309673285	-0.0031159833313894633	8
TIAL1	7073	-0.0013250545541009795	-0.004836697638994554	118
TICRR	90381	0.01452458397297568	0.04520683294382928	18
TIE1	7075	-0.00900093043252668	-0.0075265806973914915	33
TIGD1	200765	-0.007207110406535258	-0.00679879050638742	19
TIMELESS	8914	0.008575157798435682	0.03356605875529409	18
TIMM10	26519	-0.0028943173906088937	0.0028815963145019555	55
TIMM13	26517	-0.003951342841575463	-0.007086868828736954	8
TIMM17A	10440	-0.0068726776486379	-0.007151661700365003	74
TIMM22	29928	-0.007445160907240131	-0.0005798086126750834	4
TIMM23	100287932	0.019204273276055964	-0.004531013314187227	43
TIMM29	90580	-0.006797650849248182	-0.00018374182767832845	68
TIMM44	10469	0.020469833004335112	-0.005883912034594058	43
TIMM50	92609	-0.006491197148310293	-0.006588248297881927	74
TIMM8A	1678	-0.00955870283466604	-0.01207589537504968	65
TIMM8B	26521	-0.012812008183938966	-0.011714393190794358	30
TIMM9	26520	-0.004000032230770829	-0.005593147151962797	52
TIMMDC1	51300	-0.008565661266182457	-0.005082212189795183	75
TINF2	26277	0.002721610063954703	0.020395355997032412	5
TIPARP	25976	0.008944871663778008	0.00471807703535136	105
TIPIN	54962	0.008856387832959578	0.033758234960374216	18
TIPRL	261726	-0.005146128239688813	-0.00043647191426085676	139
TKT	7086	-0.0050704470084576275	-0.0004092336999271516	141
TLCD1	116238	-0.011922965709730522	-0.01029620789538421	30
TLCD3B	83723	-0.0034182868029264965	0.0055640533207107845	8
TLE3	7090	-0.012724179050379935	-0.004191312822792646	82
TLK2	11011	0.029055226231240898	0.01625593848370406	70
TLN1	7094	0.04636597160202052	0.02020662254945035	70
TM2D1	83941	-0.012127603173225754	-0.006894194189498899	106
TM2D2	83877	-0.012630227340884799	-0.006794728011654446	106
TM2D3	80213	-0.011961030725449188	-0.00592188163411749	106
TM7SF2	7108	0.0012136355336614026	0.004027659312828523	1
TM9SF2	9375	-0.010807481867311574	-0.005014447717640716	22
TM9SF4	9777	-0.003907551884929738	-0.006125635693967613	76
TMA16	55319	0.02195158289295744	-0.023727914910969067	117
TMA7	51372	-0.006892318682173278	-0.001192768811988521	54
TMCO3	55002	-0.008980900989878535	-0.0055504592309640055	15
TMCO6	55374	-0.01019756835155916	-0.010983997969804971	65
TMED10	10972	0.0018141583351472775	0.004402251575574702	3
TMED2	10959	-0.0015128923097484403	-0.00030255735181310714	148
TMED5	50999	-0.004137995378977739	0.002677181916633239	24
TMED9	54732	-0.008741168816237616	-0.006226939987981083	48
TMEM104	54868	-0.0059064888197053024	0.0001736641735590245	4
TMEM127	55654	-0.0029784871452826437	0.0009665823571249163	55
TMEM130	222865	-0.004873198601991659	-0.0001514947890789065	130
TMEM131	23505	-0.006227797816455028	-0.00762561157738188	29
TMEM132A	54972	-0.00020464375849002845	0.002195488028454801	1
TMEM143	55260	-0.01370266444013511	-0.012972185569660653	30
TMEM145	284339	-0.011078928757592369	-0.005232145673103114	58
TMEM147	10430	-0.009271120781325134	-0.006332004945353588	38
TMEM165	55858	-0.0045438126809944	-0.0066224914159846845	39
TMEM167A	153339	-0.006370893719940636	-0.00248786319445582	133
TMEM183A	92703	-0.006546284364028471	-0.0005880087919490943	84
TMEM189	387521	-0.007393911493115845	-0.006949236074040093	22
TMEM189-UBE2V1	387522	-0.007834564320414742	-0.009070302177908062	22
TMEM199	147007	-0.007917749129772538	0.002617526553668379	4
TMEM200B	399474	-0.009333214693684491	-0.0054345358587550244	11
TMEM201	199953	-0.003308933780127276	-0.003622738186090679	19
TMEM208	29100	-0.005985146257170856	-0.0012343251668942901	125
TMEM209	84928	-0.012024928329014127	-0.005095336937056078	58
TMEM230	29058	-0.006461075533428789	-0.002105151107307109	67
TMEM240	339453	-0.010550135232504513	-0.007807285052091769	15
TMEM242	729515	-0.007283862176313232	-0.003913934698126355	59
TMEM258	746	0.0038608102678562117	0.006663402823744792	3
TMEM259	91304	-0.011738264267414901	-0.0026869553595518427	58
TMEM30A	55754	-0.011264392028203538	-0.012080985916218355	108
TMEM41A	90407	-0.007641819276114882	-0.008600660586695497	42
TMEM41B	440026	0.000933493380598344	-0.004874008526403186	6
TMEM44	93109	-0.011996782286632923	-0.005135922227922264	82
TMEM63A	9725	-0.009255675777768264	-0.008070436705366071	128
TMEM63B	55362	-0.004422749452592229	-0.0033813160584962878	121
TMEM64	169200	-0.013946582051816783	-0.01313844500750383	2
TMEM69	51249	-0.00667015926188835	-0.0016669278246512539	67
TMEM82	388595	-0.006029697562122955	-0.002542354577594304	17
TMEM87A	25963	-0.008761914976869152	-0.004183284167192991	53
TMEM97	27346	-0.009090194812472007	-0.0034854003549987284	51
TMOD4	29765	-0.002147095093799055	0.0007165406847526311	37
TMSB10	9168	0.00035822825548332827	0.013456151849248248	5
TMUB2	79089	-0.005828165869586731	0.007425125898397929	4
TMX1	81542	-0.0059915052660794825	-0.00456226434649851	66
TMX2	51075	-0.003809453295676766	-0.0002676202344127611	39
TNFAIP2	7127	-0.007779376178410482	-0.00314580235734551	88
TNFRSF12A	51330	-0.010680637608808816	-0.006902906815400841	83
TNFRSF8	943	-0.005152527928505439	-0.00027455569137884437	142
TNKS	8658	-0.009527770390699448	-0.008044606611364736	15
TNNT1	7138	-0.009724578871872218	-0.0070085630803113355	88
TNNT2	7139	-0.007973519522163809	-0.004391151823025536	68
TNPO1	3842	-0.0016425296262930242	-0.005616498021611075	45
TNPO2	30000	-0.01163719088715786	-0.0029383100671904875	58
TNPO3	23534	-0.007690900365878956	-0.0007203367650211953	63
TNRC6A	27327	-0.011012811731360825	-0.004114436663083667	27
TNS2	23371	-0.00422336465621015	0.007715149323956652	9
TNS3	64759	0.026991892449750476	0.013301990532564938	70
TNXB	7148	-0.006793080485705989	-0.004414225847530789	125
TOB2	10766	-0.009100293860293752	-0.00464884694165852	51
TOE1	114034	-0.009316949281337012	-0.006797576159959172	146
TOMM20	9804	0.0027469850879227892	-0.004557524178803346	139
TOMM22	56993	0.0025974405827468164	-0.0060433922267043765	121
TOMM40	10452	-0.005397116921067961	-0.006845433445732624	126
TOMM70	9868	-0.010741885801739319	-0.006501420701025466	82
TONSL	4796	0.011293522364838911	0.03933365823281756	18
TOP1	7150	0.01912451437049769	-0.020615393220316903	134
TOP1MT	116447	-0.0039420027305612365	0.0071776343333305286	21
TOP2A	7153	0.012801039497898316	0.02963171182062926	131
TOP3A	7156	-0.007414492662740374	0.0021166854310874714	16
TOP3B	8940	-0.006791392393231816	-0.0023218657884809504	95
TOPBP1	11073	0.010437062444042597	0.03589177693935174	18
TOR2A	27433	0.0005035799068178499	0.006862237446027087	24
TOX4	9878	-0.010705700521526426	-0.0028012939402105325	106
TP53BP1	7158	-0.011284359911170992	-0.0010573627616140148	53
TP53I13	90313	-0.008679143111338957	-0.0026892149617218815	91
TP53I3	9540	-0.008231884864245113	-0.007577350767651144	42
TP53RK	112858	-0.010521703286039937	-0.009148304256405271	65
TP53TG3B&TP53TG3	24150&729355	-0.0053933243756063036	-0.00252400698421336	8
TP53TG3C	653550	-0.0033489109724600306	0.005179880648162225	8
TP53TG3D	729264	-0.003101728698594043	0.005687790658609047	8
TP63	8626	-0.00972971095219772	-0.0074295685034719535	98
TPBG	7162	-0.008783142545592015	-0.0073871226407318975	22
TPBGL	100507050	-0.007486241609582761	-0.0036335497918301546	55
TPH2	121278	-0.008186547743154958	-0.0062919294702872795	149
TPI1	7167	-0.006039164685472725	0.00037405352027383975	104
TPM2	7169	-0.00902056459257552	-0.00845633733087433	39
TPM3	7170	-0.0036192936872217643	0.0007892132014324532	37
TPM4	7171	-0.012448180904604604	-0.010398968598082627	140
TPR	7175	-0.008832146107410717	0.0026548466569108996	130
TPRKB	51002	-0.00486602804727946	-0.0014553638118452138	57
TPSG1	25823	-0.008924027416268262	-0.005280974811097582	12
TPT1	7178	-0.0027605751066718002	-0.00825962354462635	128
TPTE2	93492	-0.010014983670391314	-0.005658028182337151	11
TPX2	22974	-0.008555133164544124	0.00035046401785730904	10
TRA2B	6434	-0.012193658201565882	-0.007070115388528812	56
TRAF2	7186	-0.007109752551162278	-0.0044942890254481786	33
TRAF3IP1	26146	-0.00913553764300143	-0.008072467198101788	61
TRAIP	10293	0.013255315317454795	0.04268890381229027	18
TRAPPC1	58485	-0.00433070370050146	-0.006475764165655719	29
TRAPPC11	60684	0.0031771988779876483	-0.010651530064362761	6
TRAPPC2B	10597	-0.011171099070320236	-0.009923849194897617	39
TRAPPC2L	51693	-0.003692935585886717	-0.0011647448090044569	17
TRAPPC3	27095	0.0015864920557068845	-0.009701506132984726	6
TRAPPC4	51399	0.006781125921051531	-0.012612460525557086	76
TRAPPC5	126003	-0.007594596699730029	-0.004374970766762925	32
TRAPPC6A	79090	-0.010241363539533359	-0.007068301370446148	38
TRAPPC8	22878	0.003149895648945214	-0.010601880579399984	6
TREML2	79865	-0.007781191214986531	-0.005882528671412202	126
TRIAP1	51499	-0.007113816258633266	-0.00583680879747878	149
TRIM24	8805	0.0006175571263734732	0.0013083940318899233	40
TRIM28	10155	-0.00904286716839823	0.001516156818208351	10
TRIM33	51592	0.011636342673643482	0.007466259552565227	40
TRIM35	23087	-0.009116932022235033	-0.008330125040597651	25
TRIM37	4591	-0.007942486170468624	0.004517528570232713	63
TRIM41	90933	-0.010945633392162545	-0.010023795151235844	65
TRIM43	129868	0.011823693612071284	0.024724146802718592	41
TRIM44	54765	0.0020268157138757055	0.008216695852894558	3
TRIM46	80128	-0.0035323817497541258	0.003665380235647851	80
TRIM47	91107	-0.010320606807060236	-0.00799479518624702	147
TRIM48	79097	0.004391877618611589	0.010125970996466548	3
TRIM49B	283116	0.00015997181930381876	0.006607041828392608	3
TRIM49C	642612	0.014269077486525894	0.026303844851063424	41
TRIM52	84851	-0.00956253206040644	-0.0067656048794772225	94
TRIM54	57159	-0.007562760216769876	-0.008090840654918403	22
TRIM64B	642446	0.002060088820459947	0.007582435996417549	3
TRIM73	375593	0.00014792091123796907	0.006383089941062244	120
TRIM74	378108	-0.00433828196775782	0.000532235102375359	130
TRIM9	114088	-0.007136026474688853	-0.0017201593329715084	95
TRIP12	9320	-0.004959368176214539	-0.004658315701585318	32
TRIP13	9319	-0.0015608531325199467	0.01020601719731269	21
TRIP6	7205	-0.007567512169556117	-0.005116044121697139	81
TRIR	79002	-8.981855604172124e-05	-0.0033857466990352345	148
TRIT1	54802	-0.008015756299082856	-0.008550430830637421	22
TRMT1	55621	-0.011681388522894444	-0.0025474065637450887	58
TRMT10C	54931	-0.004345276288588961	0.0038595228800449837	9
TRMT112	51504	0.03588737777351367	-0.013938295661030928	26
TRMT2A	27037	-0.008806644724813609	-0.008936909977729836	25
TRMT5	57570	-0.010659556174607693	-0.009268555466102713	108
TRMT6	51605	-0.0074202812326401284	-0.011910658103724521	25
TRMT61A	115708	-0.008357428045910505	-0.006747376807597804	81
TRMU	55687	-0.006600487446129852	-9.216412315983077e-05	54
TRNAU1AP	54952	-0.004046894460588427	0.003605025752045091	78
TRNP1	388610	-0.008977063007211345	-0.006855397830016722	15
TRNT1	51095	-0.011537457073713635	-0.009294948216850795	22
TROAP	10024	-0.004619081343439625	0.006807029585768037	9
TRPM2	7226	-0.0063500459863679685	-0.0005764796406809401	95
TRPM7	54822	-0.011134821896359705	-0.004691229194286951	82
TRPV2	51393	-0.010085449383163138	-0.00264578943227019	16
TRRAP	8295	-0.011203830960482147	0.0030927538531594764	44
TRUB2	26995	0.0006217318827590871	0.006320749583712674	31
TSACC	128229	-0.0016609198285164454	0.0022836386063811048	37
TSC1	7248	0.005427698821568292	0.004830937554800788	63
TSC2	7249	0.0008067873717382317	0.0027653671304039944	63
TSC22D2	9819	-0.0006655687829162913	-0.011680158146051431	45
TSEN15	116461	-0.007854891579491307	-0.004164701669294895	68
TSEN2	80746	-0.010034378868951475	-0.006400050150158885	85
TSEN34	79042	-0.0037600757325425616	-0.005377708334193005	39
TSEN54	283989	-0.008879808095237406	-0.004564219074802933	104
TSFM	10102	-0.005822186456863611	-0.003108402120579009	89
TSG101	7251	-0.007121427516754157	-0.005732424194950164	36
TSPAN31	6302	-0.00639682242639068	-0.0048120942501886695	17
TSPYL1	7259	-0.011361082573835488	-0.005317468227009018	82
TSPYL5	85453	-0.007286767909574078	-0.0004867876726773003	72
TSR1	55720	0.031825106293775204	-0.014137403031853677	26
TSR2	90121	0.011815186543034702	-0.010512771131675038	26
TSSC4	10078	-0.011545987405500122	-0.010091362841594315	65
TSSK2	23617	-0.005277571167841169	-0.0032340748286101293	76
TSSK3	81629	-0.005230997611174612	-0.0056177161408960735	19
TSSK4	283629	-0.0032959017738561905	-0.0027855232117168648	52
TSSK6	83983	-0.01064943552120141	0.00012855365364590032	27
TSTA3	7264	-0.005140085805658685	0.003872695491891955	21
TTC1	7265	-0.00751036390911821	-0.002382082427757171	54
TTC14	151613	-0.0067123227677945065	-0.001649913918902261	59
TTC27	55622	-0.011952405278611978	-0.004215113942913152	82
TTC31	64427	-0.0016341633872561997	0.003526748813090982	24
TTC37	9652	-0.006928757050098981	-0.004534634188316769	101
TTC39A	22996	-0.0066188985467238014	-0.005474405853463928	42
TTC4	7268	-0.008406883214294265	-0.0047017744863781085	68
TTC5	91875	-0.004370980595617363	-0.004708586544064115	52
TTC7A	57217	-0.00841220415544147	-0.006002794978285022	100
TTF1	7270	-0.006224764812526499	-0.002784658359545144	87
TTF2	8458	0.003218903640650148	0.013911405104823606	23
TTI1	9675	-0.0037197826751782606	-0.009586841163423086	29
TTI2	80185	-0.009401562006870427	-0.008273977093822132	98
TTK	7272	0.009937497446029344	0.026913147624106206	131
TTLL11	158135	-0.006559728616475868	-0.0031971237380233916	47
TTYH1	57348	-0.009567474816935819	-0.006737255333996246	38
TUB	7275	-0.008306360266307732	-0.00569800758263434	48
TUBA1A	7846	-0.004742220888208025	0.00535666838491773	9
TUBA1B	10376	0.012856149976591182	0.016857268089700565	41
TUBA1C	84790	0.013972525971550092	0.007259729880307265	41
TUBA3D	113457	0.0018575909495592618	0.014715909412685645	20
TUBA4A	7277	-0.009047937444422527	-0.007269121387511188	127
TUBB	203068	0.03824738765383439	0.012533214696688355	153
TUBB2A	7280	-0.005548737410276131	-0.007203729083845439	74
TUBB3	10381	-0.002179628177696274	0.007124288440326932	24
TUBB4A	10382	-0.009721846922178819	-0.0018999209892764596	103
TUBB4B	10383	0.013666705096193173	-0.006684675531340481	6
TUBB8	347688	0.007356182832391525	0.02178266467536024	102
TUBB8B	260334	0.004046657727971713	0.020700945575362582	5
TUBD1	51174	-0.007696769270250548	-0.007194715318610052	126
TUBE1	51175	-0.0072810212252611885	-0.00789130748699805	74
TUBG1	7283	-0.008932533064763049	0.0015627848190445577	10
TUBGCP2	10844	0.00028945904177024925	-0.006785843251774046	76
TUBGCP3	10426	-0.004196198965632156	-0.002393832155245668	10
TUBGCP4	27229	-0.009922051401263801	0.0031409546904224224	10
TUBGCP5	114791	-0.009716239173298143	-0.0007778976026947514	10
TUBGCP6	85378	-0.009038685763241006	0.002888474573412121	10
TUFM	7284	-0.006948269851019767	-0.0019580548155601323	54
TULP1	7287	-0.005445040442452009	-0.00510547626400598	32
TUSC2	11334	-0.009592249881892582	-0.006857297259890819	12
TUT1	64852	-0.000554546381744102	0.04001177048627554	86
TVP23C	201158	-0.008561514021159905	0.0007512576202994524	16
TWF1	5756	0.00044542903662489464	0.015413639868954646	5
TWISTNB	221830	0.048034760287667254	-0.029511247386127645	134
TWNK	56652	-0.005261051242653035	0.00021775556796840425	109
TXN	7295	-0.005258083922183819	-0.001626325632555417	142
TXN2	25828	-0.009563601909094244	-0.00516064421243152	11
TXNDC17	84817	-0.007787858172403991	-0.002866800788344621	96
TXNL4A	10907	-0.008578717611135616	0.028987562341937605	123
TXNL4B	54957	-0.006538837772867899	-0.008977310673506976	22
TXNRD1	7296	-0.00728467619098693	-0.005249157480701773	90
TXNRD2	10587	-0.008221425686992563	-0.00327751236182063	51
TYK2	7297	-0.012180355748378332	-0.0038084216584584134	53
TYMS	7298	-0.010001412219739526	-0.007770246394584284	85
TYW1B	441250	-0.005781233979378727	-0.0006733311921116445	130
U2AF1L5&U2AF1	7307&102724594	-0.011611399334886965	0.019606622717080777	107
U2AF2	11338	-0.013731769809805202	0.005981398028396119	44
U2SURP	23350	0.004785692434884585	0.009991648473035587	40
UAP1	6675	-0.005373453113825507	0.000893950221990154	80
UBA1	7317	-0.00013361335503364144	0.009038309567253478	132
UBA2	10054	0.0009860986429884458	-0.0033297149728204072	141
UBA3	9039	-0.0008554327733039399	0.010735864977929268	132
UBA5	79876	-0.00892683383301161	-0.006388316983841006	98
UBA52	7311	0.08715178430349306	-0.03281413945192996	50
UBA6	55236	-0.008696595559763048	-0.006594034498502504	124
UBAC2	337867	-0.011848430013971657	-0.009657576195594497	30
UBALD1	124402	-0.007263359312469849	-0.003989762004924542	68
UBAP1	51271	0.0034671261433349043	0.007749918176850844	71
UBAP2L	9898	0.0061223976339006975	-0.0059518678643677965	129
UBASH3A	53347	-0.011011770822343938	-0.005509551727763068	7
UBB	7314	-0.007404231999776441	0.004700738515438575	16
UBC	7316	-0.004021738231602392	-0.008077238815876488	29
UBE2A	7319	-0.0063179732038293945	-0.008913371578548141	124
UBE2C	11065	-0.00038098629331427065	0.0008879749165149794	104
UBE2D3	7323	0.009169410072145261	0.0039175994886614385	40
UBE2G2	7327	-0.011733166319694847	-0.005536691165070124	53
UBE2H	7328	-0.010232935614317679	-0.007128981115908022	106
UBE2I	7329	0.014381000705465824	0.028829668241200583	131
UBE2J2	118424	-0.007362062201044212	-0.0024315096647426183	54
UBE2K	3093	-0.0038638978079718815	-0.005249929625093546	118
UBE2L3	7332	0.0025428692920701425	0.008521757809447467	23
UBE2L5	171222	-0.011861959438195452	-0.007431441419266488	56
UBE2M	9040	0.007271705741090475	0.013740479678242221	93
UBE2N	7334	0.0049664753614216735	0.004877378932455541	71
UBE2O	63893	-0.004381985007604723	-0.0036662284798779756	55
UBE2Q1	55585	-0.009368744438818704	0.004431247453862394	49
UBE2Q2L	100505679	-0.0078585211098065	0.007923114775900747	49
UBE2R2	54926	-0.009138123282337233	0.002367868880868262	137
UBE2S	27338	0.0018052636374059278	0.0012223150827972709	104
UBE2T	29089	-0.010227014968516298	-0.009070187677296665	25
UBE2Z	65264	-0.007956357106987031	0.00145890719286915	35
UBE3D	90025	-0.009345809593349462	-0.007509278907723273	12
UBE4B	10277	-0.011869576060154475	0.00045431190936098354	106
UBFD1	56061	-0.009821261655235352	-0.006169947043676906	98
UBIAD1	29914	-0.004869759783578318	-0.0047191580064168525	39
UBL5	59286	-0.009265804573039157	0.0335948174065386	123
UBQLN1	29979	-0.008517028032021746	-0.005629321633847917	110
UBQLN4	56893	-0.005839870601221981	-0.0025982380284953694	37
UBR4	23352	0.009746655744618008	-0.004037095616281076	6
UBR5	51366	0.0005818813582559083	-0.0015073351297766127	121
UBTF	7343	-0.005288762288863871	0.002566846641380358	114
UBXN1	51035	-0.005893396772658387	-0.0027865874561207675	88
UCHL5	51377	-0.00898705794539636	-0.007313663433797376	98
UCN	7349	-0.007232129587501611	0.00047058438768340607	72
UFC1	51506	-0.0040010294294907725	-0.006083044669301837	19
UFD1	7353	-0.010164545936391342	0.005134907172699383	44
UFL1	23376	-0.007203020043010428	-0.009325082360820016	69
UFM1	51569	-0.007654133584311758	-0.009414685993068843	19
UFSP2	55325	-0.011398611819928177	-0.013082768374034761	0
UGCG	7357	-0.010844159405290352	-0.008116847636237849	22
UGP2	7360	-0.004820502273571466	-0.0019511490803136029	57
UGT2B11	10720	-0.004435140183739168	-0.006273395849882711	79
UIMC1	51720	-0.007605223759012856	-0.0003946021001029529	84
UMPS	7372	-0.005055553173115381	-0.0034564240637781256	87
UNC119	9094	-0.004606139961004653	0.008436665827730623	4
UNC119B	84747	-0.0067314860544302095	-0.003188212874073057	89
UNC13A	23025	-0.012987862389438517	-0.003977552177036575	27
UNC13D	201294	-0.008955234620011755	-0.0040214574230743585	96
UNC45A	55898	-0.004380396150782808	-0.004358347754760358	92
UNC50	25972	-0.0043923620496030095	-0.007303551979021585	29
UNC5B	219699	-0.005596308510720038	-0.002869204633361074	59
UNC79	57578	-0.0071175927366417	-0.0048312702195217145	47
UPF1	5976	-0.0022410876576268246	0.005160692748418381	55
UPF2	26019	0.006042818773320548	0.007483255071265456	99
UPF3A	65110	-0.007363142601983766	0.00010007651125124422	13
UPK3BL1	100134938	-0.00045869207081185195	0.00917640309706402	120
UQCC1	55245	-0.0022475980710554796	-0.0026930648763647063	14
UQCC2	84300	-0.005011919557763571	-0.006346053900782881	32
UQCC3	790955	-0.007077381271865112	-0.006249277560504079	36
UQCR10	29796	-0.005617186395705815	-0.0019168662677255424	142
UQCRB	7381	-0.008519593148890768	-0.00179659731288315	72
UQCRC1	7384	-0.008187749170709704	-0.006099052235260842	81
UQCRC2	7385	-0.009326013513002912	-0.005540084869690385	47
UQCRFS1	7386	-0.009370958938973446	-0.006054241122807056	75
UQCRH	7388	0.0022001033042908383	0.013976445789300585	23
UQCRQ	27089	-0.01000795930619472	-0.007766738862196042	38
URB1	9875	0.03566569884373307	-0.029353592373763893	46
URB2	9816	0.04171265598569641	-0.031180456072531757	46
URI1	8725	-0.011011606255830923	-0.0022487360967060953	114
URM1	81605	0.012571921780902827	-0.005765156642668232	43
UROD	7389	-0.007860988867419903	-0.00569699427885767	11
UROS	7390	-0.006905289613249397	-0.003977824251024392	109
USE1	55850	-0.008898712117580745	-0.006398734703739122	15
USF2	7392	-0.00859294310282755	-0.0063277087796678524	38
USH1G	124590	-0.006729324461037822	0.005468632403277738	4
USHBP1	83878	-0.011956258035513865	-0.004804350150604445	7
USP1	7398	-7.125127242607715e-05	0.0026734500067956916	142
USP10	9100	-0.0019449904399913539	0.010946957092531955	21
USP14	9097	-0.00835240381436311	-0.006687481044995792	124
USP17L12	100287205	-0.001173521439430642	0.01124254541871432	5
USP17L13	100287238	-0.008800725623635663	-0.0051741964283121035	48
USP17L19	100287404	-0.0007912084105207233	0.013615574946203322	5
USP17L2	377630	-0.007179434559035345	-0.0008155609417276217	72
USP17L21	100287478	-0.009370231675714298	-0.004998512540073189	51
USP17L5	728386	0.001120225050280448	0.017005166924693914	5
USP18	11274	-0.008163217858446625	-0.005465422567083037	75
USP19	10869	-0.005398192339682194	-0.0008825570094919515	78
USP32	84669	-0.007046016343331577	-0.0042884845040775214	79
USP35	57558	-0.0012039161049030623	0.0032116647334861407	1
USP36	57602	0.01359896642052685	-0.011752564277322833	26
USP37	57695	-0.007926632815386407	-0.0059028176203350545	79
USP39	10713	0.005706938457547689	0.034292498359626694	86
USP4	7375	-0.009302550413216546	-0.006531055111301325	15
USP48	84196	-0.008269235747537936	-0.008717903759372437	74
USP5	8078	-0.008157873448055096	-0.001499797621686187	116
USP6	9098	-0.009423971955165714	-0.0014737364395058456	16
USP7	7874	-0.011709784635858653	-0.0032352846622705875	106
USP8	9101	0.00045665184646529724	0.004321875934477129	71
USP9X	8239	0.0008840489466210501	0.003813056452987273	113
USPL1	10208	-0.010219636838306867	0.031187136932895522	107
UTP11	51118	0.069270547428267	-0.0056001461352319475	143
UTP14A	10813	0.03953941102973155	-0.014856674382374487	26
UTP15	84135	0.050263331649633786	-0.03009706368716108	134
UTP18	51096	0.06949810950775112	-0.03186706129381167	151
UTP20	27340	0.042391954521696314	-0.014519053246553542	26
UTP23	84294	-0.0049485001763911254	0.00011139205092063515	113
UTP25	27042	0.012774979408795278	-0.013473577990439942	76
UTP3	57050	0.07266281849194443	-0.006184788202026976	143
UTP4	84916	0.06810855871414051	-0.03139736519901641	151
UTP6	55813	0.12366666756671499	-0.02548354691511119	157
UVRAG	7405	-0.0006060642500268689	-0.0007876881858259155	71
UVSSA	57654	-0.010020175376133178	-0.007344717543116986	146
UXS1	80146	-0.005507240508799663	-0.00252671316019336	57
UXT	8409	-0.00552225555222548	-0.004594530594082901	17
VAC14	55697	-0.005253973691421989	-0.00040912745171092633	125
VAPA	9218	0.003304405634918046	-0.008096828205193559	138
VARS1	7407	0.030794430557769703	-0.0027360729737547825	43
VARS2	57176	-0.004910153400545962	-0.002469265675081816	111
VASN	114990	-0.0076353900301450684	-0.0028129935353218274	8
VAT1L	57687	-0.007533786778615706	-0.0023429585276996553	72
VBP1	7411	-0.0011376516257144277	-0.011404631623399032	29
VCL	7414	-0.0015225382243068796	0.0007191389429050071	115
VCP	7415	0.038579162724743314	0.03222722517080414	93
VCPIP1	80124	-0.0036208298276455405	-0.0018854514417315567	31
VCX3A	51481	0.0008555385409302466	0.014606499809137625	5
VDAC1	7416	-0.00437168656829265	0.0032839089753574258	73
VDAC2	7417	-0.005423799854176989	-0.0012498785906515963	57
VEZT	55591	-0.006959476214019755	-0.007151735449674729	127
VHL	7428	-0.007134659706837196	-0.00032876373868770403	9
VIRMA	25962	-0.013035248576898629	-0.007491031416422424	69
VKORC1L1	154807	0.004321077924120905	-0.00711398164188882	136
VMA21	203547	-0.01007250786587109	-0.00861723553606148	12
VMP1	81671	0.0026233155608523517	-0.007901980690048868	6
VOPP1	81552	0.0007443866068450675	0.013889961658556181	5
VPREB1	7441	-0.0055362071000973935	-0.002349209321891807	121
VPS13D	55187	-0.00897645388915797	-0.005216904727907478	11
VPS16	64601	-0.005428286611957914	-0.004783570938152964	32
VPS18	57617	-0.00634196956361651	-0.0024138002872066315	32
VPS25	84313	-0.008006148646427782	0.00027817756620053655	4
VPS26A	9559	-0.007019604234585293	-0.004425056850607295	67
VPS28	51160	0.0040022606020140555	0.005505763389144002	71
VPS29	51699	-0.0004986601208189108	-0.010142433699322271	29
VPS33A	65082	-0.0059069215267329766	-0.004724271685381052	149
VPS35	55737	-0.0064930341683323255	-0.005477099177763322	8
VPS36	51028	-0.01148476028799283	-0.008887444588632169	56
VPS37A	137492	-0.006279376365758445	-0.0031277331511296723	63
VPS37B	79720	-0.00719449959068305	-0.0047332391867789874	33
VPS37C	55048	0.0037794564603930913	0.008513750004800067	3
VPS39	23339	-0.00747503755734253	-0.004108038303467984	32
VPS41	27072	-0.005434556479781216	-0.004974095383426814	32
VPS45	11311	-0.005743060081172818	-0.0033830320172461357	67
VPS4A	27183	0.003587852144013987	0.02156499723054752	131
VPS4B	9525	-0.010854219832481127	-0.009834198214639076	30
VPS51	738	-0.0015531237212355355	0.0040752644899618405	113
VPS52	6293	-0.004289825445334829	-0.004539474597039782	121
VPS53	55275	-0.004921055596810801	-0.007982420744881813	126
VPS54	51542	-0.004466093751948886	-0.002791911813796534	57
VPS72	6944	-0.0025708046399660666	0.0040866134558030145	80
VPS8	23355	-0.009372004723723475	-0.007022441448212665	98
VRK1	7443	-0.0071506770847792524	-0.006752283684373474	100
VRTN	55237	-0.0023299399669015415	0.0019028937045972463	31
VSX2	338917	-0.004332543492206785	-0.0012733534399201128	31
VTI1B	10490	-0.0035020707757403165	0.0009117242205575502	141
VWA1	64856	-0.002780540629414173	0.005465422518939649	120
VWA7	80737	-0.00851242143854241	-0.012305249940004244	25
VWA8	23078	-0.010406076976048322	-0.008929866249800656	12
WAC	51322	-0.0016635653614436603	-0.0072099733159917264	124
WAPL	23063	-0.0066637372206357105	-0.007280292308528391	29
WARS1	7453	-0.007271132832850641	-0.00468667573129615	33
WARS2	10352	-0.00011630691611872189	0.003166421031563427	115
WASHC2C	253725	-0.007446477680486477	-0.005044248568670815	109
WASHC3	51019	-0.009472209430324409	-0.006804402577689455	12
WASHC4	23325	-0.010725521653738641	-0.00895022568085844	140
WASHC5	9897	-0.006672464110445358	-0.0030193076152193687	59
WASL	8976	0.0021786961717494098	0.001670381132054952	71
WBP1	23559	-0.005746832784850512	-0.0021882629369613304	57
WBP11	51729	-0.005840476557097506	0.011709564223564355	155
WBP1L	54838	-0.0008414158155655763	-0.0017769356410556214	118
WBP4	11193	-0.012295873957160607	0.001714425534417445	44
WDHD1	11169	-0.0006755890852136869	0.013747462268251421	99
WDR1	9948	0.003999358671993953	0.009486296347777236	93
WDR12	55759	0.047111696083312754	-0.0341358510977522	46
WDR18	57418	-0.006058187585503654	-0.0030012286459810446	32
WDR24	84219	0.007521438211647029	-0.010827588896258794	6
WDR25	79446	-0.014716308574918993	-0.0008194392862992228	34
WDR26	80232	-0.01124009210486803	-0.008743000840149515	106
WDR3	10885	0.06955906028638673	-0.03195465772315929	151
WDR33	55339	-0.0008731571219531631	-8.73743946843315e-05	10
WDR36	134430	0.06955906028638673	-0.03195465772315929	151
WDR4	10785	-0.008703168694507029	-0.00549883861020541	88
WDR43	23160	0.11709735451934139	-0.02276251173442351	157
WDR44	54521	0.0011949660651298195	0.00041721585534047436	148
WDR46	9277	0.046338291298856034	-0.02293332232441178	151
WDR48	57599	-0.0042091452903757435	-0.0031318422106011963	36
WDR5	11091	-0.0010378014364798998	-0.005466838378852569	124
WDR54	84058	-0.0057568173406274716	-0.0038974351152506826	47
WDR55	54853	0.007758807250513763	-0.013375576263362221	117
WDR59	79726	0.0010285869416834694	-0.00960266959331812	29
WDR61	80349	-0.008078587924722753	0.0003649101768754552	63
WDR62	284403	-0.008548239541519086	0.0012104727759056158	63
WDR66	144406	-0.007108512104059643	-0.002535669003044879	87
WDR7	23335	-0.008055157433995467	-0.00549367770652661	110
WDR70	55100	-0.006133272955215237	0.008982752942958699	49
WDR73	84942	-0.008539781850608708	-0.0012610749417057833	103
WDR74	54663	0.054430954715588634	-0.036188353764954925	46
WDR75	84128	0.05035145532951732	-0.030551298149342838	134
WDR77	79084	-0.007521285296513593	-0.004263155316198699	11
WDR82	80335	-0.014270659659706532	0.007153931470765578	44
WDR83	84292	-0.012331516581723812	-0.0023890447614913165	27
WDR83OS	51398	-0.012519266474431434	-0.00488747531119648	58
WDR86	349136	-0.008933518300580808	-0.007178342571038382	126
WDR88	126248	-0.010711049064197786	-0.006804718296831263	88
WDR92	116143	-0.008738456929056837	-0.003796936044219509	75
WDTC1	23038	-0.006563889759458338	-0.003022699964270147	125
WEE1	7465	0.001147346950682839	0.004325182189503541	1
WHAMM	123720	-0.007396610018824353	0.005023568918326321	49
WIPF1	7456	-0.0030052983530633464	-0.002177176768650458	79
WIPF2	147179	-0.007826250457429646	-0.0015552896411390685	13
WIPF3	644150	-0.0039030911889881316	0.0028176084734030616	24
WNK1	65125	-0.00030142241603141096	-0.011789112304819608	45
WNK4	65266	-0.004475465216787641	0.012868426066631876	4
WRAP53	55135	-0.00853786383512393	-0.00015277400883196017	16
WRAP73	49856	-0.006588678264217917	0.0014777845611302941	63
WSB2	55884	-0.009012590233541567	-0.005450127013445	81
WTAP	9589	-0.012805060082987457	-0.006912181172327161	69
WWTR1	25937	-0.009065183499199872	-0.004510339970387443	53
XAB2	56949	0.006928563311804801	0.03841980878866682	86
XPA	7507	-0.009676564946397844	-0.008401161719087656	15
XPO1	7514	0.03151382593749867	0.017408783863215753	70
XPO5	57510	0.0024287995564867943	-0.008472669857949915	17
XPOT	11260	-0.007847793137516523	-0.005686676867756456	100
XPR1	9213	-0.007131316115338752	-0.004849315406366877	33
XRCC1	7515	-0.008926928279930118	-0.004133900342046643	96
XRCC2	7516	-0.005738710854879491	-2.804906854985422e-05	84
XRCC3	7517	-0.006358333555085739	-0.0013158488053087558	67
XRCC4	7518	-0.009783934715842033	-0.0075424733153712335	88
XRCC5	7520	-0.0007203981050238793	0.00455131462411586	40
XRCC6	2547	-0.007109468062742299	0.0011793646596011402	13
XRN1	54464	-0.006792776578740171	-0.00044573710612925684	54
XRN2	22803	0.001428463368528844	-0.009699575530794586	122
XXYLT1	152002	-0.010861222804058376	-0.00956387401228951	15
XYLT2	64132	-0.00863102415344378	0.0007635140480923451	10
YAE1	57002	-0.011173702564672159	-0.005410358353696772	11
YAF2	10138	-0.012357233294609615	-0.011336863396010234	2
YAP1	10413	-0.0023824367440119535	0.0023593109540927045	95
YARS1	8565	0.021823931086780848	-0.005636980588876372	43
YARS2	51067	-0.002220935990720516	0.00884004871227154	21
YBEY	54059	-0.011233174263800475	-0.006120138866379581	7
YBX1	4904	-0.000463946683198927	0.007162404424374692	105
YBX2	51087	-0.008927976371515786	0.0024838948060541513	49
YBX3	8531	-0.008167330997670462	-0.0011062552346430654	72
YEATS2	55689	-0.013846129300486856	0.0014500114127619658	44
YEATS4	8089	0.006705442922624677	0.0001826801314777875	14
YIPF3	25844	-0.005066136836391295	-0.005163794075221316	32
YIPF5	81555	-0.0077934471162144185	-0.0076143182298333036	128
YIPF6	286451	-0.0065619666934494175	-0.007058962146209673	118
YJEFN3	374887	-0.010930270734592924	-0.0006717080343426858	27
YJU2	55702	-0.008501865551976283	0.0236095818906219	107
YKT6	10652	0.005149514280080022	-0.0075927466755023034	6
YLPM1	56252	-0.010243500812867215	-0.0057578643700967195	11
YME1L1	10730	0.0030254533195747803	-0.0036490646251899684	148
YPEL1	29799	-0.007811457319916162	-0.0032489727072037952	35
YPEL3	83719	-0.0049257399657750755	-0.0019343758607971774	8
YPEL5	51646	-0.010583865767670739	-0.007490259036939932	106
YRDC	79693	0.003102863788225119	-0.010315308438524878	45
YTHDC1	91746	-0.013514634436047227	-0.004188683940511601	69
YTHDF2	51441	-0.005111398352635359	0.0008016703359869455	160
YWHAZ	7534	0.002817782738491644	0.019584823947257742	5
YY1	7528	0.007633439680641823	-0.0073359490790794605	26
ZACN	353174	-0.005358818544814506	-0.00388569624806979	55
ZBED1	9189	-0.008024978388718731	-0.0027914074251643947	72
ZBED2	79413	-0.01156149297015599	-0.005415356317986455	82
ZBTB10	65986	-0.005724593627565439	-0.0009306549419142773	141
ZBTB11	27107	-0.011117179193851726	-0.0031146373546741828	13
ZBTB12	221527	-0.006843218187772252	-0.0037466910634382736	67
ZBTB17	7709	-0.0023015510387764337	-0.007273331313832048	45
ZBTB2	57621	-0.010680501181735098	-0.006559074443263174	60
ZBTB39	9880	0.0068798504161589735	0.005093918622249134	40
ZBTB4	57659	-0.010328653166472702	-0.0030160499766555995	16
ZBTB45	84878	-0.0045385721243465516	0.0027916550699223	73
ZBTB47	92999	-0.008990843610352822	-0.0055973635541324614	11
ZBTB7A	51341	-0.007375040090547748	0.00356622182094468	92
ZBTB7B	51043	0.004278400089025177	0.008863447097668235	135
ZBTB8OS	339487	0.0006334253651703608	-0.0079156361409247	121
ZBTB9	221504	-0.004313425407940205	-0.0031229424037020836	121
ZC3H10	84872	-0.004839511991792005	-0.002446894186886807	47
ZC3H11A	9877	-0.005489710057987249	0.0034607776046446936	92
ZC3H13	23091	-0.01261947532039189	-0.008125395292823625	69
ZC3H18	124245	-0.012573714044086996	0.0002460320134645623	27
ZC3H3	23144	-0.008537109532021846	-0.0036912488396918233	60
ZC3H4	23211	0.007908987882269269	0.010664286963738187	40
ZC3H7B	23264	-0.008135416810190588	-0.0033812541763741347	57
ZC3H8	84524	-0.00706336858762768	-0.0038863535550918192	47
ZC3HC1	51530	-0.011220119708227288	-0.004265318348850549	60
ZCCHC14	23174	-0.007867087275314249	-0.004593525588876625	90
ZCCHC3	85364	-0.0100390774696934	-0.008834530794212416	12
ZCCHC7	84186	-0.008715492392964501	-0.008633099755250544	42
ZCCHC9	84240	0.03911346559968728	-0.013693941036359557	26
ZCRB1	85437	0.0011502362292041522	0.0072889197419038305	105
ZDHHC16	84287	-0.005092962788092537	-0.0011735279368780417	125
ZDHHC19	131540	-0.010168819153423445	-0.008354095891976285	15
ZDHHC22	283576	-0.0025579942833939924	0.0013316015624906504	31
ZDHHC24	254359	0.00034335450958172456	0.0020171864963725874	1
ZDHHC7	55625	-0.008299460277336537	-0.005354594431613154	110
ZDHHC8	29801	-0.006612909955934211	-0.007545110164371664	60
ZEB1	6935	0.0037186220572695194	0.0027969947135875	1
ZEB2	9839	-0.0028493501684390523	-0.0011637237160387994	66
ZFAND5	7763	-0.007123970705137086	-0.0030007958859910797	54
ZFC3H1	196441	0.005939699454004357	-0.009994617628717197	129
ZFHX2	85446	-0.004214250442823311	-0.0025168847707410734	52
ZFP36	7538	-0.006207397971628522	-0.003485843347669642	63
ZFP36L1	677	-0.008094877767409987	-0.006508775414011315	44
ZFP36L2	678	-0.007809178511783967	-0.004984049255790522	44
ZFP57	346171	-0.0064055409254147105	-0.003584537050878128	79
ZFP64	55734	-0.007139060854563308	-0.00735503490517666	76
ZFP69B	65243	-0.007102101593954997	-0.0062678005370807545	42
ZFP91	80829	-0.006870994734244155	0.0005168732148024401	95
ZFR	51663	0.004609921021448433	0.013078507877358366	102
ZFX	7543	-0.004636268252206056	-0.004908098233259077	37
ZFYVE21	79038	-0.009681278729548812	-0.006211737851526704	94
ZGLP1	100125288	-0.011907777948354143	-0.002563462440792657	7
ZGPAT	84619	-0.009873597301560524	-0.007694637892564782	12
ZGRF1	55345	-0.007252099053830846	-0.006574876478642449	61
ZKSCAN1	7586	-0.006919338570833043	-0.0024625129753031165	33
ZKSCAN5	23660	-0.008218653195614897	-0.004702094257366102	33
ZMAT2	153527	-0.008972442821219541	0.02687048023602149	107
ZMAT5	55954	-0.01503580869878474	0.0003870765525217152	34
ZMIZ1	57178	-0.01082673754354068	-0.005527603905907428	11
ZMYM3	9203	-0.010264733810432358	-0.013803146775059035	25
ZMYND8	23613	-0.007044750677374484	-0.0010399234498207203	13
ZNF100	163227	-0.011184594866704452	-0.005901983278628875	7
ZNF131	7690	-0.003236477242140928	0.001648371339574997	142
ZNF133	7692	-0.009608241979091395	-0.007442905275679155	12
ZNF138	7697	-0.004157209028454507	-0.0017288482363505499	79
ZNF143	7702	-0.006835296699615695	-0.004919208241322906	75
ZNF155	7711	-0.0091550908138903	-0.004370216209714593	96
ZNF169	169841	-0.01008081811947741	-0.005674625270664825	11
ZNF174	7727	-0.007459579432135554	-0.003379774437298357	78
ZNF185	7739	-0.009712358172488368	-0.008692203826659486	12
ZNF205	7755	-0.00815315149166334	-0.00589620867035332	100
ZNF207	7756	-0.016355450377890025	0.0015157011942277046	34
ZNF217	7764	-0.006235168239585362	-0.004935281813621678	66
ZNF219	51222	-0.0047711218396769145	-0.005670214102495892	52
ZNF22	7570	-0.006643606461847087	-0.004928076868728	79
ZNF236	7776	0.025835374885218025	0.008314830057636717	150
ZNF24	7572	-0.008503398157222486	-0.0061433726858091025	61
ZNF253	56242	-0.012099339815815503	-0.006864803119496133	58
ZNF283	284349	-0.008989239864758514	-0.003486482342731456	96
ZNF284	342909	-0.011077643690730665	-0.006480991148692689	83
ZNF286B	729288	-0.008617410755935686	-0.00395401266278129	36
ZNF317	57693	-0.010363988582109657	-0.006502754675550144	83
ZNF322	79692	-0.002766556344693103	0.004814461656126344	24
ZNF333	84449	-0.012565721638218556	-0.002324952600965194	7
ZNF335	63925	0.007610507000014855	-0.012606662339867533	6
ZNF33B	7582	-0.004093042923938934	-1.5167455311698784e-05	142
ZNF367	195828	-0.006287635287182241	-0.004325780515952124	17
ZNF383	163087	-0.00962837290875734	-0.005442502257927599	96
ZNF395	55893	-0.009479437185974597	-0.007462523788993341	12
ZNF407	55628	-0.009373451026292164	-0.00032542938995513683	44
ZNF431	170959	-0.012512372096110448	-0.004870175901037823	27
ZNF445	353274	-0.006789414524120296	-0.0020622740223798382	54
ZNF468	90333	-0.01049472631735993	-0.009459511474220764	15
ZNF469	84627	-0.005217169599206472	-0.0007322475258573525	125
ZNF486	90649	-0.011291023463303749	-0.009530137085772751	22
ZNF492	57615	-0.010723011610229318	5.060978233564225e-05	27
ZNF506	440515	-0.00829198348829694	-0.0021741048883620064	8
ZNF511	118472	-0.007665257654361275	-0.0036413222470394464	87
ZNF513	130557	-0.01170446584197269	-0.00669989040041022	22
ZNF525	170958	-0.010213826363183026	-0.008692216927077603	12
ZNF526	116115	-0.009923120313829865	-0.007205952320429879	38
ZNF541	84215	-0.011791485583128472	-0.008980933935728784	38
ZNF559	84527	-0.011054073210985732	-0.005965281121544043	83
ZNF574	64763	0.020385367167058487	-0.02089482538794092	117
ZNF580	51157	-0.011877843335320708	-0.009447653849590839	38
ZNF593	51042	-0.0013996782608923022	-0.008725393437711646	19
ZNF622	90441	-0.005132038291380172	-0.0008138816814878292	33
ZNF629	23361	-0.002936453260490364	0.006282497943300488	8
ZNF638	27332	0.006356556953899078	-0.010500013529281142	45
ZNF658	26149	-0.00669419803175947	-0.00347718918879877	133
ZNF674	641339	-0.0029336935803237416	0.004640011593677238	24
ZNF675	171392	-0.009479469426799838	-0.006955772209198241	94
ZNF676	163223	-0.006153794680999281	-0.0025952840952212235	133
ZNF687	57592	-0.00048454817190370916	-0.0016980202672750057	37
ZNF688	146542	-0.006101687126878567	-0.0025580256370349628	8
ZNF69	7620	-0.010920552859911467	-0.0052996407605134695	83
ZNF691	51058	-0.005442198756116108	-0.003990235765530898	17
ZNF696	79943	-0.0039034729414275503	0.007754057574474912	21
ZNF705A	440077	-0.004971141167345672	0.003554211003027296	92
ZNF714	148206	-0.012538508118517554	-0.004604090176785192	58
ZNF718	255403	-0.009622342669167134	-0.007750432785828191	12
ZNF720	124411	-0.004285708362165621	0.0020454819438806386	8
ZNF728	388523	-0.011357662884046063	-0.009649300500220165	140
ZNF738	148203	-0.011950895243067092	-0.004079908867146465	7
ZNF74	7625	-0.009426359217464113	-0.004843347019346771	51
ZNF763	284390	-0.00933128019868537	-0.0060132692221388315	88
ZNF771	51333	-0.009060464700073117	-0.005938232576836889	85
ZNF781	163115	-0.009237921729096751	-0.004892995606656313	83
ZNF830	91603	-0.00187718831594662	0.00023055684764279415	129
ZNF85	7639	-0.01148639608821243	-0.005253759409933943	7
ZNF91	7644	-0.011437742578742752	-0.005725359826858189	7
ZNHIT1	10467	0.002615347297087222	0.015486244177664085	5
ZNHIT2	741	-0.004792274147644513	0.007218522063907431	114
ZNHIT3	9326	-0.006411049319617144	-0.0032702748620551956	76
ZNHIT6	54680	0.020847145490442115	-0.01586191299697324	76
ZNRD1	30834	0.04776456221802238	-0.03122088668778667	134
ZNRD2	10534	0.002554292273928666	0.00519956022570956	1
ZP1	22917	-0.00024857892201948176	0.002891574915145696	1
ZPBP2	124626	-0.005897419015774424	-0.001316989251382294	36
ZPR1	8882	0.014268153199475891	-0.0061722495997485706	43
ZRANB2	9406	-0.001648568138131531	0.0031390976700427123	31
ZRSR2	8233	-0.017564723310713255	0.0017962988245359488	34
ZSCAN5B	342933	-0.010252719104561622	-0.006875249774004341	88
ZSWIM7	125150	-0.00856937790694991	-0.002247439177666294	16
ZSWIM8	23053	-0.00799509942080519	-0.001556728781717089	69
ZW10	9183	-0.008531917921520847	-0.009299652490450974	128
ZWILCH	55055	-0.011896623440531757	-0.006593086596801929	53
ZWINT	11130	-0.0030423556986866967	0.002495274753996951	31
ZYX	7791	-0.005244836906903866	-0.003353081690082211	104
ZZZ3	26009	-0.014596923695031221	0.000990558746215081	44
nontargeting_0_0	-1	-0.008389304801900725	-0.007534800870727805	39
nontargeting_0_1	-1	-0.011168670603494966	-0.009702957942221492	39
nontargeting_0_2	-1	-0.015243120385473829	-0.016440353509666217	0
nontargeting_0_3	-1	-0.015074295675233242	-0.015054241090426863	64
nontargeting_10_0	-1	-0.014946248399399497	-0.015317092784089648	0
nontargeting_10_1	-1	-0.014765909072105728	-0.013484370855820459	2
nontargeting_10_2	-1	-0.01423597110085019	-0.014218470283175135	2
nontargeting_10_3	-1	-0.01216443479192654	-0.009041866904799587	2
nontargeting_11_0	-1	-0.011142383048131543	-0.010171154049301025	12
nontargeting_11_1	-1	-0.015000097687554656	-0.015068936463145825	64
nontargeting_11_2	-1	-0.016845315170340807	-0.01667406933657417	0
nontargeting_11_3	-1	-0.016521814394834477	-0.01737963174338805	0
nontargeting_12_0	-1	-0.016528574961777558	-0.017446829544166754	2
nontargeting_12_1	-1	-0.015283709871826532	-0.015147523340445685	2
nontargeting_12_2	-1	-0.01477381312113576	-0.014634522152826816	30
nontargeting_12_3	-1	-0.015850414813502835	-0.016739935599114544	0
nontargeting_13_0	-1	-0.016107802594049873	-0.016568040261488774	2
nontargeting_13_1	-1	-0.015271049270590862	-0.014700963969563784	2
nontargeting_13_2	-1	-0.01711654699790727	-0.017862073224730858	0
nontargeting_13_3	-1	-0.015540383368761573	-0.015450887302856256	0
nontargeting_14_0	-1	-0.014958701007818723	-0.015880212073149564	0
nontargeting_14_1	-1	-0.016162819671114215	-0.0169456574687415	2
nontargeting_14_2	-1	-0.01522881117764598	-0.014991174508100514	2
nontargeting_14_3	-1	-0.015246451138061423	-0.015177002667776975	2
nontargeting_15_0	-1	-0.013776363469680832	-0.01662785259706241	0
nontargeting_15_1	-1	-0.01543674059114206	-0.01590912571046882	2
nontargeting_15_2	-1	-0.013768440153264552	-0.013819691623588426	0
nontargeting_15_3	-1	-0.015342225612909141	-0.015520340387494391	147
nontargeting_16_0	-1	-0.017037093576557902	-0.017807732676180167	0
nontargeting_16_1	-1	-0.014754270128231469	-0.016269999186683756	0
nontargeting_16_2	-1	-0.01140194915274777	-0.015188696677254167	25
nontargeting_16_3	-1	-0.015917890589306264	-0.01794743253889363	0
nontargeting_17_0	-1	-0.013716141284517081	-0.014408506464265619	2
nontargeting_17_1	-1	-0.012056611157005754	-0.010505883937856633	12
nontargeting_17_2	-1	-0.015259804601222147	-0.015256075646411784	2
nontargeting_17_3	-1	-0.01542047084552581	-0.016741933885922114	0
nontargeting_18_0	-1	-0.015650661976721946	-0.015477343445851914	2
nontargeting_18_1	-1	-0.009391033964639346	-0.010984284916588132	127
nontargeting_18_2	-1	-0.013751493161194025	-0.010916439745210327	56
nontargeting_18_3	-1	-0.004494903092703915	-0.0047231654291631925	119
nontargeting_19_0	-1	-0.014056751491741914	-0.01656608851721252	0
nontargeting_19_1	-1	-0.01468016905307545	-0.01567057550888263	0
nontargeting_19_2	-1	-0.012358574494936677	-0.012074831317700261	30
nontargeting_19_3	-1	-0.017191660237338088	-0.018039085614238833	0
nontargeting_1_0	-1	-0.015669996039806518	-0.01522100660081679	2
nontargeting_1_1	-1	-0.007791328126071077	-0.00609384656101548	119
nontargeting_1_2	-1	-0.007871283311840338	-0.006101654602225151	90
nontargeting_1_3	-1	-0.016315388815907224	-0.017413906591067903	0
nontargeting_20_0	-1	-0.01001347881662739	-0.006647399091381504	127
nontargeting_20_1	-1	-0.01681452322808952	-0.01798862892085227	0
nontargeting_20_2	-1	-0.015917780526347795	-0.016756968020505563	0
nontargeting_20_3	-1	-0.010959710999957817	-0.010444934817146683	108
nontargeting_21_0	-1	-0.015251972195489773	-0.01540148509425192	2
nontargeting_21_1	-1	-0.01384622622687664	-0.014899115764821452	2
nontargeting_21_2	-1	-0.012857040290927622	-0.011768345606413799	2
nontargeting_21_3	-1	-0.011661431770063537	-0.010823184963195454	64
nontargeting_22_0	-1	-0.013409257727649657	-0.014396615584866155	0
nontargeting_22_1	-1	-0.016123944087598038	-0.017266748470027578	0
nontargeting_22_2	-1	-0.016056818163088175	-0.016600112808658116	2
nontargeting_22_3	-1	-0.01581152026175323	-0.016832305890503038	0
nontargeting_23_0	-1	-0.01527794494852267	-0.017367132614042623	0
nontargeting_23_1	-1	-0.016106816349918496	-0.016800205550310796	2
nontargeting_23_2	-1	-0.009117982905876837	-0.007298516837229779	94
nontargeting_23_3	-1	-0.015618738161796762	-0.016287555033344836	0
nontargeting_24_0	-1	-0.016148356960042295	-0.017370257643388516	0
nontargeting_24_1	-1	-0.015255583689863335	-0.015520550290346428	2
nontargeting_24_2	-1	-0.013335625152224329	-0.013192252091178155	64
nontargeting_24_3	-1	-0.01615184568905479	-0.016988694271083144	2
nontargeting_25_0	-1	-0.011444779710623057	-0.010733272064413941	12
nontargeting_25_1	-1	-0.010606667112908424	-0.010127582533092623	127
nontargeting_25_2	-1	-0.013297969576680004	-0.014164206900060086	2
nontargeting_25_3	-1	-0.012285608651126042	-0.011719916316598878	64
nontargeting_26_0	-1	-0.012980839091890453	-0.014691762058772463	2
nontargeting_26_1	-1	-0.015581983217867952	-0.015929830375985034	0
nontargeting_26_2	-1	-0.01429239835122149	-0.013847291246050853	2
nontargeting_26_3	-1	-0.014270458964242722	-0.014215858889533322	64
nontargeting_27_0	-1	-0.013337180698708522	-0.012585617647789963	127
nontargeting_27_1	-1	-0.015069358469754573	-0.015189347244330392	2
nontargeting_27_2	-1	-0.015000196171606042	-0.015126918122037127	2
nontargeting_27_3	-1	-0.015815668112156563	-0.015314491181007488	2
nontargeting_28_0	-1	-0.014240580942153578	-0.014311606713167883	0
nontargeting_28_1	-1	-0.009897577855850085	-0.0074689341559299426	12
nontargeting_28_2	-1	-0.014267620392651427	-0.013913516448320572	0
nontargeting_28_3	-1	-0.012961045370780628	-0.009946565080542655	56
nontargeting_29_0	-1	-0.013332556556624943	-0.01468571712512109	0
nontargeting_29_1	-1	-0.01634603118758488	-0.017257598239212985	2
nontargeting_29_2	-1	-0.01724825835597489	-0.0185665028826257	0
nontargeting_29_3	-1	-0.008776109823268265	-0.012041427396314846	56
nontargeting_2_0	-1	-0.015819409992497212	-0.016499391822255582	2
nontargeting_2_1	-1	-0.005345117834501201	0.004540355013935025	9
nontargeting_2_2	-1	-0.012949465947096542	-0.012551945936836202	2
nontargeting_2_3	-1	-0.01750919641619331	-0.018685594983114118	0
nontargeting_30_0	-1	-0.015915994832375345	-0.017323572210300106	0
nontargeting_30_1	-1	-0.01407074849121864	-0.013691419733977628	2
nontargeting_30_2	-1	-0.015389229251131892	-0.015899423166480933	2
nontargeting_30_3	-1	-0.004957057868243799	-0.007312264267950492	61
nontargeting_31_0	-1	-0.013501106822503444	-0.01274513171325253	30
nontargeting_31_1	-1	-0.013708107655146304	-0.015696232459480715	0
nontargeting_31_2	-1	-0.01624074315919916	-0.01718958644471327	0
nontargeting_31_3	-1	-0.016790952332978656	-0.01777284247072371	0
nontargeting_32_0	-1	-0.015317038986221693	-0.01541234313812894	2
nontargeting_32_1	-1	-0.015736732340840918	-0.01631486549299678	0
nontargeting_32_2	-1	-0.0151406681901029	-0.01454631545220045	0
nontargeting_32_3	-1	-0.009709312245537423	-0.008849754141842433	42
nontargeting_33_0	-1	-0.014807841546398175	-0.015483050630513232	0
nontargeting_33_1	-1	-0.016578195730437967	-0.0173395301824919	0
nontargeting_33_2	-1	-0.01695916341585302	-0.01791507053431612	0
nontargeting_33_3	-1	-0.010275106540982137	-0.013035132005414047	108
nontargeting_34_0	-1	-0.016009834143898064	-0.01677095607237462	0
nontargeting_34_1	-1	-0.013654975918222513	-0.0133294697198278	64
nontargeting_34_2	-1	-0.007542579223819861	-0.005397945104726687	109
nontargeting_34_3	-1	-0.013310487955540738	-0.012583505410969935	2
nontargeting_35_0	-1	-0.009695731896957353	-0.007935508255588862	12
nontargeting_35_1	-1	-0.017218912892767096	-0.01820981886271187	0
nontargeting_35_2	-1	-0.01497889748985291	-0.014346190226646561	2
nontargeting_35_3	-1	-0.014019226379320026	-0.014197913509204	147
nontargeting_36_0	-1	-0.0156320981036461	-0.016696009327795195	0
nontargeting_36_1	-1	-0.013901615132360285	-0.012649854081355955	2
nontargeting_36_2	-1	-0.014059470327252063	-0.012668007873026348	0
nontargeting_36_3	-1	-0.014211162188821048	-0.013601490162275583	30
nontargeting_37_0	-1	-0.01688134444791913	-0.01782219771431217	0
nontargeting_37_1	-1	-0.013841466344463694	-0.014763588976219722	2
nontargeting_37_2	-1	-0.012200570754079657	-0.011930705652944027	127
nontargeting_37_3	-1	-0.014094409894794805	-0.014133181032681703	64
nontargeting_38_0	-1	-0.014817850236995332	-0.01563605085464603	2
nontargeting_38_1	-1	-0.014351637690102271	-0.014385171416950386	64
nontargeting_38_2	-1	-0.008993812928886335	-0.008362871692272327	39
nontargeting_38_3	-1	-0.016261883213775422	-0.017460394712273297	0
nontargeting_39_0	-1	-0.017272705398123818	-0.017650314155439807	0
nontargeting_39_1	-1	-0.011625527872171203	-0.010735612090936127	74
nontargeting_39_2	-1	-0.01566592665509414	-0.01602330548234479	2
nontargeting_39_3	-1	-0.015048973782558641	-0.01544625641876023	64
nontargeting_3_0	-1	-0.013499607472331986	-0.012842791010164846	64
nontargeting_3_1	-1	-0.017228586159074195	-0.018829941203498644	0
nontargeting_3_2	-1	-0.014880708886205197	-0.015201608684207517	2
nontargeting_3_3	-1	-0.016714997268089248	-0.017616201663902608	2
nontargeting_40_0	-1	-0.011441547762243627	-0.011004339250442065	64
nontargeting_40_1	-1	-0.004474974631888755	-0.003548596693676924	39
nontargeting_40_2	-1	-0.01598397679589832	-0.017334438505527874	0
nontargeting_40_3	-1	-0.0171919345658177	-0.017953622957777107	0
nontargeting_41_0	-1	-0.015569064750749227	-0.016367161630344344	2
nontargeting_41_1	-1	-0.013408315894106989	-0.012624191293076802	30
nontargeting_41_2	-1	-0.013502846934006399	-0.012878411689778777	64
nontargeting_41_3	-1	-0.009081210308350211	-0.004235880060267403	132
nontargeting_42_0	-1	-0.014192351751436157	-0.01382280673231212	30
nontargeting_42_1	-1	-0.016387115724652762	-0.01617666115008759	0
nontargeting_42_2	-1	-0.01599328473279304	-0.016555733882119023	0
nontargeting_42_3	-1	-0.017144999349227526	-0.017471007452314016	0
nontargeting_43_0	-1	-0.010539949928428886	-0.009655546093385394	90
nontargeting_43_1	-1	-0.015269903452352511	-0.01650019491882947	0
nontargeting_43_2	-1	-0.009440759774368573	-0.011156478214930595	61
nontargeting_43_3	-1	-0.009833646081384618	-0.010168888036913007	108
nontargeting_44_0	-1	-0.014317120093994745	-0.015599371336036992	0
nontargeting_44_1	-1	-0.014104618774127105	-0.01572777397650989	0
nontargeting_44_2	-1	-0.011940108800263824	-0.011220320986844556	98
nontargeting_44_3	-1	-0.009410552955753685	-0.009790857524446143	147
nontargeting_45_0	-1	-0.015067033242964538	-0.0156642331013817	2
nontargeting_45_1	-1	-0.007576567932538729	-0.01348645690315075	25
nontargeting_45_2	-1	-0.009161961565136361	-0.008013884322313234	64
nontargeting_45_3	-1	-0.016284168012653033	-0.01737674095993547	0
nontargeting_46_0	-1	-0.013767212213835324	-0.013037299395143594	147
nontargeting_46_1	-1	-0.013695153267519387	-0.01458313721674614	64
nontargeting_46_2	-1	-0.015341818517718642	-0.01494114855391487	2
nontargeting_46_3	-1	-0.01647153435217442	-0.01751199131024676	2
nontargeting_47_0	-1	-0.01544985747629829	-0.016303418874614926	0
nontargeting_47_1	-1	-0.01621752567548348	-0.017895676951457783	0
nontargeting_47_2	-1	-0.013639635618752172	-0.012827236820384504	30
nontargeting_47_3	-1	-0.014421612095962951	-0.015918199738091384	0
nontargeting_48_0	-1	-0.016557721259192904	-0.01831038489199918	0
nontargeting_48_1	-1	-0.014261354653340816	-0.013947040249536108	2
nontargeting_48_2	-1	-0.01721440481948067	-0.018080446429295616	0
nontargeting_48_3	-1	-0.00924928656392561	-0.009014961544337646	74
nontargeting_49_0	-1	-0.012453983818273322	-0.011355287900811145	147
nontargeting_49_1	-1	-0.011652895763148425	-0.0111911096987928	64
nontargeting_49_2	-1	-0.015201361885052443	-0.01568998327593983	0
nontargeting_49_3	-1	-0.013679362359264261	-0.013833478398081411	64
nontargeting_4_0	-1	-0.0166597179817163	-0.018220531029315642	0
nontargeting_4_1	-1	-0.014086426643033789	-0.014451626514595885	64
nontargeting_4_2	-1	-0.014525479795813465	-0.014313487408388111	0
nontargeting_4_3	-1	-0.013578331812935175	-0.01342494491755611	30
nontargeting_50_0	-1	-0.017501908056511736	-0.01889259233910774	0
nontargeting_50_1	-1	-0.014870754204265597	-0.015595210653497775	2
nontargeting_50_2	-1	-0.010292772555546599	-0.009529277396407122	25
nontargeting_50_3	-1	-0.01686380355704872	-0.01739465269740303	0
nontargeting_51_0	-1	-0.010873975869856967	-0.009475660729569749	12
nontargeting_51_1	-1	-0.014928073139606842	-0.016174122925668128	0
nontargeting_51_2	-1	-0.014345963849639778	-0.014453037129433315	64
nontargeting_51_3	-1	-0.015094788551240334	-0.015501780359323059	2
nontargeting_52_0	-1	-0.016244770451228137	-0.017430585588877726	0
nontargeting_52_1	-1	-0.014590960251749895	-0.014278559702776014	147
nontargeting_52_2	-1	-0.01719234984580018	-0.01796104480792585	0
nontargeting_52_3	-1	-0.006569883645882596	-0.008195913571265553	61
nontargeting_53_0	-1	-0.014820739564239231	-0.015157067900498984	2
nontargeting_53_1	-1	-0.015479211227474561	-0.01674535849298312	0
nontargeting_53_2	-1	-0.013117754057709183	-0.013186013332128325	2
nontargeting_53_3	-1	-0.014946029163621338	-0.014655563649184428	2
nontargeting_54_0	-1	-0.015793072842464003	-0.016341717815807143	64
nontargeting_54_1	-1	-0.012716774606709249	-0.013970659476142493	2
nontargeting_54_2	-1	-0.01419180162288242	-0.014865367549947425	2
nontargeting_54_3	-1	-0.001932650238601315	-0.007980693803501264	90
nontargeting_55_0	-1	-0.014934986966320056	-0.014432259302065825	2
nontargeting_55_1	-1	-0.009861507781372665	-0.00848416655969269	127
nontargeting_55_2	-1	-0.011063046563570659	-0.011080914678075402	108
nontargeting_55_3	-1	-0.01660439361266184	-0.018069405382322722	0
nontargeting_56_0	-1	-0.013770322091207987	-0.013026781541093472	0
nontargeting_56_1	-1	-0.010721078056439858	-0.008946917345309457	64
nontargeting_56_2	-1	-0.011357773265302656	-0.013542572957514602	25
nontargeting_56_3	-1	-0.0036530496871640394	-0.005008682740490231	14
nontargeting_57_0	-1	-0.017714605758191337	-0.019004503693549096	0
nontargeting_57_1	-1	-0.008834853926805063	-0.0094067035268974	118
nontargeting_57_2	-1	-0.016070295793458596	-0.016834049707552517	0
nontargeting_57_3	-1	-0.012696827918149554	-0.012391067062086158	65
nontargeting_58_0	-1	-0.008183205794095268	-0.007432639865456332	100
nontargeting_58_1	-1	-0.016126242099458	-0.016922087902420384	0
nontargeting_58_2	-1	-0.016081692401118047	-0.017044298558308756	0
nontargeting_58_3	-1	-0.014273219151340664	-0.014285217900813855	64
nontargeting_59_0	-1	-0.00948049412929054	-0.007924702970624536	64
nontargeting_59_1	-1	-0.013498113741206286	-0.012382360129919974	22
nontargeting_59_2	-1	-0.015436568473293387	-0.015545515891941496	0
nontargeting_59_3	-1	-0.01639086198034207	-0.017143928797242403	2
nontargeting_5_0	-1	-0.013634321724815626	-0.014556683136167004	0
nontargeting_5_1	-1	-0.01669586101680754	-0.01827440879654212	0
nontargeting_5_2	-1	-0.01499167946979702	-0.015425091093368627	0
nontargeting_5_3	-1	-0.011558838750128558	-0.010919274884519044	64
nontargeting_60_0	-1	-0.01320586639180835	-0.013782659784700108	108
nontargeting_60_1	-1	-0.014826512813531057	-0.015137120745003788	64
nontargeting_60_2	-1	-0.01374633366875437	-0.013048356223397948	0
nontargeting_60_3	-1	-0.016479477370565983	-0.017110343669618576	2
nontargeting_61_0	-1	-0.011564722848011943	-0.010716968568131958	0
nontargeting_61_1	-1	-0.015486507440698244	-0.014723193947532864	2
nontargeting_61_2	-1	-0.014944380499843635	-0.014232275487366212	2
nontargeting_61_3	-1	-0.007828274205116503	-0.007248285695964751	64
nontargeting_62_0	-1	-0.014292623729694757	-0.011274542578797979	0
nontargeting_62_1	-1	-0.015010108283182083	-0.01478470811536226	2
nontargeting_6_0	-1	-0.01634212273360136	-0.017259480152522225	0
nontargeting_6_1	-1	-0.015593864083811429	-0.016558546133561638	0
nontargeting_6_2	-1	-0.013961394069764774	-0.01331602791432422	30
nontargeting_6_3	-1	-0.016543281050654713	-0.017969456735300864	0
nontargeting_7_0	-1	-0.011186448807683753	-0.010141622951620795	90
nontargeting_7_1	-1	-0.013629243250983825	-0.013431134387550364	2
nontargeting_7_2	-1	-0.014645159667424612	-0.015828089284345162	0
nontargeting_7_3	-1	-0.0074548208216199926	-0.006170182970638019	119
nontargeting_8_0	-1	-0.015372787976778898	-0.01641023560837917	2
nontargeting_8_1	-1	-0.016555564901916165	-0.017337717030591362	0
nontargeting_8_2	-1	-0.01627257658191689	-0.01740433752614792	0
nontargeting_8_3	-1	-0.015228836161131333	-0.014908552007392214	2
nontargeting_9_0	-1	-0.014677525012689072	-0.01559377984682954	0
nontargeting_9_1	-1	-0.01610357128240352	-0.016807186428895532	2
nontargeting_9_2	-1	-0.01617339144399986	-0.016215751943169675	0
nontargeting_9_3	-1	-0.01611466141226059	-0.016544866498656604	2
