gene_symbol	gene_id	PHATE_0	PHATE_1	cluster
AAAS	8086	-0.003945254466959303	0.009456062829788125	0
AAGAB	79719	-0.012828050959135317	-0.0013361891770812943	49
AAK1	22848	0.00047686253462993347	0.0019500490175574333	96
AAMP	14	0.05215287498006895	-0.02649987104969104	263
AARS1	16	0.0015134040670794309	-0.00603726748786764	151
AARS2	57505	-0.0038726618671022207	-0.004179674027232117	57
AASDHPPT	60496	-0.006524493712413086	-0.005997228018519664	101
AATF	26574	0.028777205230767287	-0.01416196561544578	5
ABCA3	21	-0.00745661119361855	-0.004207055443210039	142
ABCB10	23456	-0.007915877757116016	-0.0048807930213768	114
ABCB7	22	-0.003520599926160691	-0.008215416624977047	213
ABCE1	6059	-0.002466146809211385	0.004333676603420789	132
ABCF1	23	0.019153207691868946	-0.019913862168488523	68
ABCG1	9619	-0.010845659521130759	-0.005701505064512665	150
ABHD11	83451	-0.0016335776690465298	0.0037667085219993427	303
ABHD13	84945	-0.009593683378560806	-0.006535965254762819	37
ABHD16A	7920	-0.0017433362665633832	0.007220379992642129	38
ABHD17A	81926	0.011342828109241178	0.029459417806937647	52
ABI3	51225	-0.00692224971798693	9.14079791518457e-05	36
ABL1	25	-0.0038249346065431043	0.0012860316151198231	163
ABT1	29777	0.03361362076336299	-0.014561749555051101	5
ACACA	31	-0.0015131882817458861	-7.83031198894567e-05	244
ACAD8	27034	-0.010300058048820887	-0.008267024880301501	159
ACAD9	28976	-0.011306656090109512	-0.005787608520305533	58
ACBD3	64746	-0.007752418591371157	-0.0069193301232305165	199
ACBD4	79777	-0.006445962915800358	0.008906442866003674	1
ACD	65057	-0.006336018305724705	-0.0010288359880062223	82
ACHE	43	-0.005512570411109942	-0.0006000998968659931	224
ACIN1	22985	-0.004589355229100445	-0.0032352616733339126	255
ACLY	47	-0.004706506059059328	0.004435163566784066	0
ACO2	50	-0.004496416114518044	0.00020980373440082154	166
ACOT12	134526	-0.0037699817981240876	0.0028263929026910496	9
ACP5	54	-0.011640230654017456	-0.0064502466480689654	110
ACRBP	84519	-0.007744458627712538	0.0006284903401893817	106
ACSF2	80221	-0.008037074695233985	-0.0009024135270411673	36
ACSL3	2181	-0.004234219475386955	-0.00575820429731275	199
ACSL4	2182	-0.00825227204805361	-0.007989585949363397	284
ACTA1	58	-0.006683467343028788	-0.003437610917709857	51
ACTB	60	-0.00063527908026447	0.011374746985817556	109
ACTG1	71	-0.011603532354116056	-0.004041910175376472	47
ACTG2	72	-0.0072953172486135386	-0.004335212780294228	245
ACTL6A	86	-0.003998875941559222	-0.005214517056789406	296
ACTL7A	10881	-0.00413114152899306	-0.0036147499463976204	67
ACTR10	55860	-2.083329844274035e-05	-0.006966502978026355	301
ACTR1A	10121	-0.010771030551685242	-0.0030330102942280855	46
ACTR1B	10120	-0.0004689329226047302	0.005963822506049828	54
ACTR2	10097	0.0393215086034067	0.018937671473495135	204
ACTR3	10096	0.03636027158954737	0.01764374138920961	204
ACTR5	79913	-0.01046115682350374	-0.0017361760722054095	20
ACTR6	64431	-0.002444175294429139	-0.0036404056637339916	155
ACTR8	93973	0.005223659107055818	-0.0074347085125508455	252
ADAM11	4185	-0.004721998090128225	0.0100009489339917	1
ADAM33	80332	-0.009669619101820699	-0.0051366305674657095	110
ADAMTS7	11173	-0.008438129372311205	-0.0031343960931112373	256
ADAMTSL4	54507	-0.0011978991526913657	0.010348239289121701	14
ADAMTSL5	339366	-0.010675059233613329	-0.0022928460377578666	226
ADAR	103	-0.006718865080838821	-0.00371030568498969	219
ADAT2	134637	-0.01065975227987493	-0.011903561755490668	56
ADAT3	113179	-0.011776122436740926	-0.002589496587629584	146
ADCY3	109	-0.0075788326933791846	-0.0035675257475807813	259
ADGRB2	576	-0.004765198418541436	-0.005273206747593522	16
ADGRG1	9289	-0.009294824016869674	-0.0055499820803759725	119
ADNP	23394	-0.0074361330534076925	-0.0017558164505164188	127
ADO	84890	-0.0034574443712021372	-0.0019141276193577331	99
ADPRHL2	54936	-0.005074631471153089	-0.004867130762277497	16
ADRM1	11047	-0.011117544972231743	-0.004013692973531235	58
ADSL	158	-0.010316104574676672	-0.0048705587886395075	29
ADSS2	159	-0.010138005645435709	-0.005895913539783294	108
AEBP1	165	-0.0047682980127198675	-0.001359573288381322	276
AFDN	4301	-0.008727389890758894	-0.007707929605751335	137
AFF1	4299	-0.007676191352548319	-0.006820181519712549	57
AFF2	2334	-0.00864965147998133	-0.008023679646502895	174
AFG3L2	10939	0.005705854141911497	-0.010871970866817788	19
AGAP2	116986	-0.0048650965153325225	-0.001630969160554546	169
AGAP4	119016	0.009574912120372897	0.03234743560893812	34
AGAP5	729092	0.008690356521429955	0.03120396048054713	34
AGAP6	414189	-0.0062198740300274755	0.000693609673128152	36
AGAP7P	653268	-0.008167284686572858	-0.004555211511276671	87
AGAP9	642517	0.008742349826018984	0.030473898230761978	34
AGBL4	84871	-0.007277507917074272	-0.004103489665886432	168
AGBL5	60509	-0.005549447691607151	-0.004781016436909136	40
AGO1	26523	-0.003060155548295383	0.002107154022359843	38
AGO2	27161	-0.00906026370019274	0.0038907493826777903	81
AGPAT1	10554	-0.0037308119141188367	-0.003952631658126225	198
AGPAT5	55326	-0.009466855008710225	-0.005814858631722222	172
AGPS	8540	-0.00369640820653101	-0.003300965123925731	190
AGT	183	-0.006267029657901526	-0.0005085994346994692	86
AGXT	189	-0.010445908542092328	-0.00874157301587537	130
AHCTF1	25909	0.01103294469680309	-0.02305905528053712	128
AHCY	191	-0.006764840785016728	-0.003959548914986988	73
AHCYL1	10768	0.005542646189294814	-0.007934906694328113	64
AHNAK2	113146	-0.009201647217319111	-0.00694723630100348	74
AIFM1	9131	-0.008326925818238042	-0.007218117851194564	116
AIFM3	150209	-0.009165872448445127	-0.007861508430102186	6
AIP	9049	0.0024202933267800752	0.00543048638631604	8
AJM1	389813	-0.0072373857438046705	-0.004188538914851024	51
AK2	204	-0.00260907387270354	0.003441792742740392	118
AK4	205	-0.004014310521295115	-0.0016998870037828336	118
AK6	102157402	-0.00370771895676113	0.002898381292934399	112
AKAP1	8165	-0.00491322669731976	0.0007703266387681785	244
AKAP17A	8227	-0.002800512221595271	0.004093525814133964	9
AKAP8L	26993	-0.01330407895014663	-0.0021270804057950997	50
AKIRIN1	79647	-0.0003077999881383955	-0.0010913130183375606	181
AKIRIN2	55122	0.006429414436608923	0.011208915587217348	165
AKNAD1	254268	0.0005004284402594443	0.007988291427355935	3
AKR1A1	10327	-0.0031406160037832126	-0.002819932404248279	118
AKR7A3	22977	-0.007228542678983138	-0.005201774702437898	87
AKT1S1	84335	-0.011951128724138012	-0.004870820139862695	210
AKT2	208	-0.007011049324467312	-0.006064848901171546	268
ALAD	210	-0.0015225320438709683	0.002319326045445551	188
ALAS1	211	-0.007659885357984354	-0.004898853364569479	41
ALDH18A1	5832	0.0021904257779977654	-0.004700537035854024	158
ALDOA	226	0.0027280912284491934	-0.008246329200416997	19
ALDOC	230	-0.006845126047322646	0.007041778960518966	1
ALG1	56052	-0.007009274058009234	-0.002582925752994796	259
ALG11	440138	0.03239198106175903	0.0032574452004562353	175
ALG12	79087	-0.008745556737146951	-0.003674160757180029	137
ALG13	79868	-0.009598292040188824	-0.007678119621803323	230
ALG14	199857	-0.0035459558163561796	0.002337658044062566	9
ALG1L	200810	0.003529367979262385	0.01920076525826918	52
ALG2	85365	0.0054080351192779316	-0.0028406850219840525	175
ALG5	29880	-0.010009546205941584	-0.006908023281930397	251
ALG6	29929	-0.007768518956851949	-0.008030253257743208	24
ALG8	79053	-0.0071573214175416	-0.004711602077709643	218
ALMS1	7840	-0.0058066455941638475	-0.0012572748786488664	31
ALS2CL	259173	-0.006571147732664974	-0.002707680936394681	143
ALX3	257	0.0019112949428378848	0.013912978521794777	275
ALYREF	10189	-0.012450702367923745	0.00912180840961649	141
AMBRA1	55626	-0.0025825085277671276	-1.2743352238008692e-05	96
AMD1	262	0.004862756275823172	-0.0068595168323902994	128
AMDHD2	51005	-0.00700420245928976	-0.0015496307663274355	60
AMER2	219287	-0.010290838562230694	-0.010112221275567213	200
AMFR	267	-0.005501397060547506	-0.0024916526620723	67
AMHR2	269	-0.004652782522529758	0.0046369411624490675	80
AMY1A	276	0.006897778895910494	0.020704724101598487	33
AMY1B&AMY1C	277&278	0.002932028409265131	0.014186737252246307	3
AMY2A	279	-0.003197083469494123	0.001922489022919973	38
ANAPC1	64682	0.00523078448012797	0.009982360493996426	25
ANAPC10	10393	0.025422487213833948	0.0076371997221886855	126
ANAPC11	51529	0.019050714168299003	0.011847156578606308	126
ANAPC13	25847	-0.0024766129417856707	0.0003558827608484818	175
ANAPC15	25906	-0.0023431805069795814	-0.0004253287645241006	293
ANAPC2	29882	0.02158929854877775	0.0107743057293352	126
ANAPC4	29945	0.006591870828355171	0.008877259524604178	25
ANAPC5	51433	0.005240708320558178	0.007987983554390721	25
ANAPC7	51434	-0.005323212100023989	-0.005084906185142905	16
ANKHD1	54882	-0.00552974838524518	-0.007054939375127074	44
ANKHD1-EIF4EBP3	404734	-0.004435456992103465	-0.007735277532471181	44
ANKLE1	126549	-0.011687621258038216	-0.003140206531634344	207
ANKLE2	23141	-0.00703736529686642	0.0038845947353946986	80
ANKRD11	29123	0.008745709356122941	0.007945838512663186	149
ANKRD13C	81573	-0.010889915586528597	-0.010055225667524805	56
ANKRD17	26057	-0.007989592665188136	0.004750012254474181	179
ANKRD20A1	84210	0.020056634316470173	0.03559451063719643	18
ANKRD20A2	441430	0.007742327015912741	0.025802746226208803	52
ANKRD20A3	441425	0.010255118684721445	0.025165196310770056	33
ANKRD20A4	728747	0.002143726071730608	0.01472467182860586	54
ANKRD31	256006	-0.009174210490926314	-0.0070644410862272505	272
ANKRD35	148741	-0.0038315921544060188	0.0029317750230432307	38
ANKRD36B	57730	-0.009096078680800573	-0.007079997799315975	170
ANKRD49	54851	-0.00331682103339	-0.0024427351212267107	197
ANKRD52	283373	-0.011526824612216876	0.00547531223069775	70
ANKRD54	129138	-0.00923231239476037	-0.008032506167615553	153
ANKS1A	23294	-0.00025795157858500567	-0.004705613044530201	67
ANKS6	203286	-0.004002125444671677	-8.771843011183294e-05	188
ANLN	54443	-0.006980798379630764	-0.0004181515771676503	102
ANO2	57101	-0.006787305268622695	0.00031899176677927394	177
ANP32B	10541	-0.003901103039442812	0.0009150971964232349	163
ANP32E	81611	-0.001561950323935298	0.005889349899875418	38
ANTXRL	195977	-0.004395910268950941	0.0032934472157270865	166
ANXA9	8416	-0.0020343575016559157	0.005837123703276447	10
AP1G1	164	-0.007402231948845816	-0.0025721318605060224	298
AP1G2	8906	-0.006564130611466494	-0.00586426323537581	154
AP1M1	8907	-0.012548816022224393	-0.0036578455519233393	50
AP2M1	1173	-0.017650572058525868	0.001511411420849442	15
AP2S1	1175	-0.015785731264788213	0.0009150613717261347	49
AP3B1	8546	-0.00848741721631603	-0.002712130009225529	215
AP3D1	8943	-0.008739136241699905	-0.0017065869951713598	215
APC	324	0.00046130145829070704	-0.0008663865207011119	96
APC2	10297	-0.01192192547104425	-0.006216833719296302	250
APEX2	27301	-0.007599226076881576	-0.0043594718347431186	180
API5	8539	-0.009636816485865129	-0.0015365087422972432	141
APOBR	55911	-0.007100527998886454	-0.002194650844264849	53
APOC1	341	-0.011112164720579541	-0.006504975817847278	6
APOLD1	81575	-0.000824625631400605	0.009722590500228896	80
APRT	353	-0.005456486157486086	-0.0021436163665854826	67
AQP7	364	-0.0006105489149114882	0.007698481208138211	241
AQR	9716	0.010746997754950116	0.03282714935007933	17
ARCN1	372	0.026920449037564954	0.003925774806157145	264
AREL1	9870	0.002334152998048326	0.007768369713109192	90
ARF1	375	0.0002421228194080587	0.002238586797972196	136
ARF3	377	-0.005234757960383563	0.0014723613466856922	0
ARF4	378	0.030566803817519535	0.013589725202111439	144
ARF6	382	-0.003914157111853176	0.0016251869899584577	80
ARFRP1	10139	-0.006887320274335262	-0.0059899412248678435	203
ARGFX	503582	-0.0066519727452950235	-0.004602426312617077	285
ARGLU1	55082	-0.014576686020145923	-0.0003122817765481347	15
ARHGAP11A	9824	-0.009722409756116983	0.003458312690423816	70
ARHGAP11B	89839	-0.008776137133002829	0.004025779675848598	80
ARHGAP23	57636	-0.007649848092221342	-0.0015712247997902507	36
ARHGAP33	115703	-0.008807578478811515	-0.005890871270802322	6
ARHGAP45	23526	-0.011891483799153613	-0.002554350364834478	66
ARHGAP9	64333	-0.004467204795917121	-0.00039459277762134403	169
ARHGEF15	22899	-0.010900680581921056	-0.00440764193153472	121
ARHGEF28	64283	-0.009016563625271624	-0.005128503112688645	41
ARHGEF35	445328	-0.007363338462843634	-0.0008773035647264655	120
ARHGEF4	50649	-0.00100134496450561	0.0017562679038407598	136
ARHGEF5	7984	-0.008581970364386965	-0.0050524208214584535	119
ARHGEF7	8874	0.004166864360104015	-0.003549170226213291	151
ARID1A	8289	-0.00916508330860181	-0.0035011847869518145	121
ARID2	196528	-0.010006379258997593	0.0006958562714870622	179
ARID3A	1820	-0.013286263598494883	-0.0029181221926741756	50
ARID3B	10620	-0.005721092644248886	0.0017839773644705795	240
ARID3C	138715	-0.007206978673350544	-0.003038247784804431	215
ARID4B	51742	-0.014694437816114521	0.001426978314340059	15
ARID5A	10865	-0.0035728617522687634	-0.0029548276219433624	196
ARIH1	25820	0.021355398294532837	0.016168742236810103	76
ARL1	400	-0.008513348565505733	-0.009526553242874727	77
ARL17A	51326	-0.004222509783532981	0.012842109708245758	1
ARL17B	100506084	-0.006407681856282055	0.0017980142538776681	215
ARL2	402	0.00018013883104391916	0.0036683263070892654	241
ARL4D	379	-0.006802081049291536	0.00469505676544244	1
ARL8B	55207	-0.008217547998621236	-0.006942396991330418	24
ARMC5	79798	-0.006847744164759419	-0.0058537287826625935	53
ARMC6	93436	-0.011788385583605088	-0.00030184949659873417	30
ARMC7	79637	-0.017505966602746763	0.0015725796818686414	15
ARMC9	80210	-0.005188159822802859	-0.01136189008384432	187
ARMH1	339541	-0.006391292517227038	-0.0030403686997031707	51
ARMH3	79591	-0.006667935764311093	-0.0070216041487387425	107
ARNTL2	56938	-0.006786447402682487	-0.0017095897766334672	51
ARPC2	10109	0.038882892925426016	0.01883813239837127	204
ARPC3	10094	0.0376913847846778	0.018288819439495438	204
ARPC4	10093	0.03920686103943791	0.019120687174741094	204
ARPC4-TTLL3	100526693	-0.009735535349498664	-0.007541815475805644	74
ARPP19	10776	-0.0018792251470659115	0.0022002303593582823	276
ARSA	410	-0.011199452104918713	-0.006984339389849984	43
ARSB	411	-0.005881100158703793	-0.00205034686691932	160
ART5	116969	-0.005169420916952315	-0.00060763187191655	193
ARVCF	421	-0.009408547437991164	-0.00440089408052352	78
ASB6	140459	0.0017185928058048752	0.00754217526503143	90
ASCC3	10973	-0.006231966173211206	-0.005746505123242071	104
ASCL5	647219	-0.009386134718215143	-0.006142828512127885	172
ASF1A	25842	-0.0025432992429307534	-0.0010197203194890563	188
ASF1B	55723	-0.013058236205492213	-0.0020274042396709953	50
ASH1L	55870	-0.004971869546937325	0.0013759573839064233	112
ASH2L	9070	-0.01221715835736005	-0.004782555236519766	210
ASL	435	-0.0012480414528793838	0.0038105723548588037	109
ASNS	440	0.0013212971106315008	-0.0036174676013824444	231
ASPM	259266	-0.01001898345730396	-0.0072336895435585104	43
ASPSCR1	79058	-0.007248723651099546	-0.0012526743733764158	176
ASS1	445	-0.002993101700828359	0.006578651784223769	65
ASTN1	460	-0.005538731120877192	-0.003474207676101868	53
ATAD5	79915	0.00019643119868165246	0.018477154614011865	157
ATF1	466	-0.008106221694420136	0.004192276856336077	70
ATF4	468	0.0010405382677175121	0.004933077248229333	13
ATF5	22809	-0.011721481529159809	-0.003583709833248813	210
ATF7IP	55729	-0.006645389561183111	-0.0010169325343651107	274
ATG2A	23130	-0.006962650460240709	-0.003940506506209094	51
ATG4B	23192	-0.006870245081979324	-0.005737522170650243	236
ATG4D	84971	-0.011224862943680934	-0.002831128391562749	29
ATG9A	79065	-0.00585466222659745	-0.007224958061830283	140
ATIC	471	-0.004613156059555161	-0.0064784352737052514	40
ATL2	64225	-0.0009508883956410844	-0.009233993140610424	192
ATMIN	23300	0.011251297502270517	-0.007667574276824203	72
ATP13A1	57130	-0.012859789536985728	-0.006016480275279673	97
ATP1A1	476	-0.003451802957946552	0.0006645691688062249	107
ATP1A2	477	-0.003685898529780147	0.0043368282765615185	38
ATP1B3	483	-0.006593667016774617	-0.0019543161987356887	227
ATP23	91419	-0.010512212684637754	-0.007131745944686104	232
ATP2A2	488	0.007384480900363415	0.0013108173112319013	181
ATP2B1	490	-0.010828177435624487	-0.0028157651786833745	121
ATP2B4	493	-0.01062983783118868	-0.009242752932438321	111
ATP2C1	27032	0.00976381827692913	0.0016984367141620496	181
ATP5F1A	498	0.0016745150267224846	0.0068682660519984095	8
ATP5F1B	506	-0.0018973162676179814	0.003354008226899732	248
ATP5F1C	509	-0.005520684658158029	0.0002450562055545636	248
ATP5F1D	513	-0.011023389080465202	-0.0009590068832760496	29
ATP5F1E	514	-0.00948385498918791	-0.003095581302426197	121
ATP5MC1	516	-0.004069445238063789	0.013228332087038119	75
ATP5ME	521	-0.008360478895159599	-0.004777223731515247	183
ATP5MF	9551	0.007612680377712837	0.02250085896046365	33
ATP5MF-PTCD1	100526740	-0.006405400382962732	-0.002649262786565185	86
ATP5MG	10632	-0.00858352140708604	-0.005366122036771819	145
ATP5MGL	267020	-0.0054282156083093796	-0.0012826126382011352	143
ATP5PB	515	-0.0017604174945087603	0.005028643317272022	129
ATP5PD	10476	-0.0025370683032368982	0.003104470656022569	193
ATP5PF	522	-0.009793942820433586	-0.004831730784921365	134
ATP5PO	539	-0.005824644967341724	0.0016216157504894148	157
ATP6AP1	537	-0.008417959281465716	0.00013628964921694132	167
ATP6AP2	10159	-0.004272171367149376	0.002802021122327746	217
ATP6V0A1	535	-0.007130561086946003	0.0060244766595262565	1
ATP6V0A2	23545	-0.00986548685791893	-0.009406931682732343	116
ATP6V0B	533	-0.007901847960722717	0.0017515900416846526	167
ATP6V0C	527	0.005094704428653175	0.007061638834918623	237
ATP6V0D1	9114	-0.008275989943705772	0.0014694002847802736	167
ATP6V0E1	8992	-0.006153072523633955	-0.0005697207599546574	161
ATP6V1A	523	-0.009590229721031915	-0.0012323698050430403	208
ATP6V1B2	526	-0.00745101894189255	0.0018728711026811417	167
ATP6V1C1	528	-0.007851469208003732	0.0013082400656303777	167
ATP6V1D	51382	-0.006207494261508488	-0.00354296606015673	209
ATP6V1E1	529	-0.007800254885606113	-0.003342996044319416	168
ATP6V1F	9296	-0.007776925951305548	-0.0031724426996456497	168
ATP6V1G1	9550	-0.005890882830325126	0.0011632816601834343	167
ATP6V1H	51606	-0.011798884380807045	-0.0027187106721453676	29
ATP8B3	148229	-0.011255787005255155	-0.0032468437668124288	226
ATPAF2	91647	-0.00969756568924465	-0.0019596474940417868	2
ATR	545	-0.012514605936495013	-0.00721780522551745	42
ATRIP	84126	-0.010684180431735281	-0.007129705574083607	108
ATRX	546	0.006139030974326748	0.0035039132054470613	149
ATXN1	6310	-0.006852868349656424	-0.0008958820027951506	120
ATXN10	25814	-0.008190900994918876	-0.008035009887568965	116
ATXN2	6311	-0.010381855276689056	-0.008683552159828677	124
ATXN2L	11273	-0.0033353572987868643	0.00020728228440791945	166
ATXN7L1	222255	-0.007292117834737207	-0.0032382787148443454	214
ATXN7L3	56970	0.020520094297187038	0.007410174956545305	126
AUP1	550	-0.00530250031458599	2.8591921213779038e-05	193
AURKA	6790	-0.010361194133936658	-0.007799649961918794	6
AURKAIP1	54998	-0.0033866840117489565	0.0032450362173456117	9
AURKB	9212	0.004925127874000509	0.02441768666393687	102
AXIN1	8312	-0.00718309095739541	0.0018672111939324674	80
AZIN1	51582	-0.007317235034332326	-0.0022905045687522043	229
B3GAT3	26229	0.0011717970390223984	0.00454914271707927	26
B3GNT2	10678	-0.009320321265415262	-0.013450664020693674	77
B3GNT3	10331	-0.010992873959805912	-0.0003015930399065601	29
B3GNT4	79369	-0.004120490136440967	-0.006051287332096622	214
B4GALT3	8703	-0.0024847626287002674	0.0062444846372646	10
B4GALT5	9334	-0.012755872410851375	-0.011306453229864967	79
BAG2	9532	-0.00624911574419347	-0.004790032445461179	48
BAG6	7917	-0.0023959239632558404	-0.0020671408935054804	198
BAK1	578	-0.004544638714808356	-0.0005422051719254303	198
BANF1	8815	-0.00013587263951009748	0.011033807228615248	241
BANP	54971	0.021250555907401512	-0.014977211824942546	162
BAP1	8314	0.006055259989327783	0.007308515716181795	138
BARD1	580	0.009569869612023843	0.03164731414404384	34
BASP1	10409	0.006886631586380258	0.004678604336639763	149
BATF2	116071	-0.001230162844600308	0.0019706346012135106	26
BAZ1B	9031	-0.003087230661072046	0.0041329961638412885	65
BAZ2A	11176	-0.010081737861762741	-0.008515096207739293	55
BBS1	582	-0.00032585693000934316	-0.00017900353547558998	99
BBS9	27241	-0.004418243782842547	-0.003068999885477867	137
BCAM	4059	-0.009952473889778577	-0.003670689737912778	121
BCAN	63827	-0.0031102990659586907	0.0025157777703698338	279
BCAP31	10134	-0.007868388974401817	-0.006785162718168648	117
BCAR1	9564	0.03885483604394195	0.020148766599341728	144
BCAS2	10286	-0.005293228756277134	0.007498949269572393	69
BCAS3	54828	-0.008273249325146982	-0.0030222140645462135	191
BCCIP	56647	-0.00828051574778689	-0.007567750702856257	24
BCDIN3D	144233	-0.007347899312779716	-0.0046888393856155345	283
BCL2	596	-0.011616526278917596	-0.010094378896541405	159
BCL2L1	598	-0.0099391107263385	-0.007085397491556455	172
BCL2L2	599	-0.006538998085721198	-0.006323613800788996	40
BCL9L	283149	-0.012029842563461825	-0.007503374054568557	232
BCLAF1	9774	-0.005204033094144464	-0.0057535642317846514	123
BCR	613	-0.01010951156573024	-0.0059795273639013605	41
BCS1L	617	-0.0048243457154849585	-0.0073107841553488855	285
BDP1	55814	0.014264173870915864	-0.01289887256970177	139
BECN1	8678	-0.0039649999470882	0.012225329414286206	75
BEND3	57673	-0.004883085321778572	0.0010828594894167535	240
BET1	10282	-0.0029682240171456362	-4.882692090845706e-05	45
BHLHA15	168620	-0.005474442788534423	-0.001063157090707603	224
BHLHE22	27319	-0.011357885952435403	-0.003347401117866843	226
BICDL1	92558	-0.009718647619155581	-0.007360668571831185	134
BICDL2	146439	-0.0019195640612724692	0.010469988247761613	92
BICRA	29998	-0.009297687677130946	-0.006081026114640231	55
BIRC2	329	-0.01087044562521591	-0.008994487227019888	103
BIRC5	332	0.004546170889186937	0.024273586736365448	102
BIRC6	57448	-0.007554449401753886	-0.005405405034159925	182
BLM	641	-0.00956500978551432	-0.0014483526173528264	11
BLOC1S3	388552	-0.01056542961179335	-0.007158169250617533	201
BMS1	9790	0.03753195759614058	-0.015597713299404016	5
BNIP1	662	0.001037055152533563	-0.007126434121959086	64
BOD1L1	259282	-0.007943776893352184	-0.007563721451214378	140
BOLA2&BOLA2B	552900&654483	-0.009071726380179107	-0.0065533014149701104	271
BOP1	23246	0.01878004733855045	-0.02137907875814466	68
BORA	79866	-0.008307964520134823	-0.0017085103436488655	250
BORCS5	118426	-0.006815435302033327	-0.002403216903946953	143
BORCS7	119032	-0.007405020192093503	-0.00423259693593809	168
BORCS8	729991	-0.010057848224368848	-0.001594517017359613	222
BORCS8-MEF2B	4207	-0.01242294260324873	0.000548831223349845	30
BPNT1	10380	-0.0065235103697760186	9.156222373585596e-06	120
BPTF	2186	-0.0007369573231293659	-0.00851022370390796	19
BRAF	673	-0.010182066487049923	-0.007335823179239673	228
BRAP	8315	-0.006015706836462464	-0.0016636648340206497	147
BRAT1	221927	-0.006359496946869721	-0.0031264625741573935	219
BRCA1	672	0.004377774125874899	0.02509999469830702	34
BRCA2	675	-0.006730777277904184	-0.001375298546118152	161
BRD1	23774	-0.004288729278988168	-0.0016660119285346407	133
BRD2	6046	-0.0014691364065042597	-0.003298161299365082	284
BRD4	23476	-0.008724761067229404	0.004906073333676231	70
BRD7	29117	-0.0073826439530796035	-0.0043376434306679435	268
BRD8	10902	0.0015448085806367166	0.006327094750734808	96
BRD9	65980	-0.006330074361417804	0.0018020484471404023	92
BRF1	2972	0.010209202516725342	-0.01012885366596923	19
BRF2	55290	-0.008500043690643501	0.012444383340666429	85
BRIP1	83990	-0.008029742896375428	-0.003353442645106346	191
BRIX1	55299	0.017985890840376342	-0.02138319606130667	68
BRK1	55845	0.0227382570659673	0.011140316738595096	204
BRMS1	25855	0.0018468399557732052	0.005177217784035206	241
BRPF1	7862	-0.013842098480676286	-0.001731921923463448	42
BSCL2	26580	-0.0008135482776677029	0.0034393506385709213	26
BSG	682	-0.007956656998859174	-0.0023193679928294134	222
BTAF1	9044	0.01755911725327964	0.008870951912427644	126
BTBD17	388419	-0.007207347817649883	-0.002498223949148353	229
BTBD9	114781	0.02199563734415229	0.013807593149598396	76
BTF3	689	0.02475761204646193	0.01968576612196469	76
BTF3L4	91408	0.0060440330346341374	0.019914270089867382	33
BUB1	699	0.002767635649386613	0.01169771412938334	54
BUB1B	701	0.009865926500419005	0.02685858862013716	102
BUB3	9184	-0.008385005482424459	-0.00626149090796754	88
BUD13	84811	-0.005295733025201789	0.007300218548846671	235
BUD23	114049	0.07029770085322914	-0.005528650366406484	184
BUD31	8896	0.0054156612513455655	0.038297218921489885	17
BYSL	705	0.034590877144870594	-0.013596658222319305	5
C11orf68	83638	0.00042527652622313076	0.002100730956590839	26
C12orf10	60314	-0.005615000367264473	0.00011960003076013005	73
C12orf45	121053	0.02614376712542645	-0.020409374947786142	162
C12orf49	79794	-0.006323509663949604	-0.0045943666105047794	27
C12orf56	115749	-0.005274903815969804	-0.0015219887341510773	63
C12orf65	91574	-0.005890740837729855	-0.004064761116256454	27
C14orf93	60686	-0.00444909962537535	-0.004905229897580643	40
C15orf41	84529	-0.006449653134694586	-0.0021675760031223076	234
C16orf71	146562	-0.008182148645383592	-0.004354824484901186	37
C16orf72	29035	-0.006432425947879328	-0.005994355199577653	100
C16orf86	388284	-0.008610882325153989	-0.004196643897780086	37
C16orf92	146378	-0.005852656403157661	-0.0017764852715325653	53
C17orf49	124944	-0.012067657390796458	-0.0064816722116330765	210
C17orf50	146853	-0.010791059550528432	-0.006381621137420046	148
C17orf58	284018	-0.008211058674972288	-0.00038098007481507075	36
C17orf97	400566	-0.009269243617097269	-0.005370477530227574	46
C18orf21	83608	-0.00793079053355962	-0.006514496122395065	46
C18orf32	497661	-0.007906145793579537	-0.007548773218551128	182
C19orf25	148223	-0.008268679166999636	-0.006522139882933484	236
C19orf38	255809	-0.011444825567267591	0.00122153497937314	30
C19orf53	28974	-0.00387094638007123	-0.008032194498754077	44
C19orf54	284325	-0.010049288200681343	-0.006987844569649218	201
C19orf67	646457	-0.011881577252938702	-0.003451173009100383	29
C19orf84	147646	-0.008777822340614418	-0.00471541023832925	172
C1D	10438	-0.0036130381505246403	0.00018728319027586497	45
C1QBP	708	-0.009900542872946646	-0.004087883278924339	134
C1QTNF1	114897	-0.007209042144851604	-0.00258055794045183	229
C1QTNF4	114900	0.003594583505748765	0.008725092621011735	171
C1orf100	200159	-0.008684786620981422	-0.006527757642312765	57
C1orf109	54955	-0.007837180438445819	-0.006205064123297939	88
C1orf127	148345	-0.008200487073058989	-0.0053757424357566575	272
C1orf131	128061	0.04510588271175259	-0.013128631712885846	5
C1orf74	148304	-0.006227686654693576	-0.00035833257437754514	120
C2orf27A	29798	0.004106822228364992	0.01658674868668876	54
C2orf27B	408029	0.02188491069009923	0.03377622274790892	18
C2orf50	130813	-0.00852958177075717	-0.006373882994567093	268
C2orf68	388969	-0.008766917368549681	-0.006013663551964522	57
C3orf36	80111	-0.005128525726747013	0.002766777855162409	156
C3orf38	285237	-0.009652626519540892	-0.009585644798778516	24
C4A	720	-0.006665433600086425	-0.0073387386050662185	94
C4orf19	55286	-0.00876220546564341	-0.005520018274384614	183
C4orf46	201725	-0.007485145962076065	-0.005743623060780574	37
C5orf30	90355	-0.009079341926330276	-0.0073394466325610915	272
C6orf132	647024	-0.006276313539701157	-0.006203081238087583	104
C6orf15	29113	-0.005374520199092644	-0.005046637581433768	123
C7orf26	79034	-0.002054242622023148	-0.008067864813225682	35
C7orf50	84310	-0.00699848805900405	-0.004013648355267791	51
C8orf33	65265	-0.0027519471253156552	0.008305124620279792	65
C9orf129	445577	-0.004822878825968382	-0.004104959868203799	27
C9orf16	79095	0.0022305065350768523	0.008344074675198493	90
C9orf163	158055	-0.008809049528478136	-0.0070603551722753745	203
C9orf78	51759	-0.003533426655640684	0.0042211063413914425	9
CA5A	763	-0.0021596082592572	0.008005370813629531	113
CA7	766	-0.002537252739501326	0.006524045906920684	91
CAB39	51719	-0.01008234029811668	-0.004607432971305122	121
CABIN1	23523	0.003642996439905736	0.0011664042936992325	96
CABP4	57010	0.0038129054446942017	0.007289596276285767	13
CACNA1A	773	-0.012460887738767346	-0.0009708985549835512	30
CACNA1G	8913	-0.007333053847592578	-0.002684982106529716	142
CACNA1S	779	-0.005339384860231295	0.0011598259805496846	246
CACNB3	784	-0.003979859371648143	0.006431402427899421	0
CACTIN	58509	-0.007163088044093205	0.00812460545564016	69
CACUL1	143384	-0.007580537351202989	-0.010251431396723654	225
CAD	790	-0.0014965086021884928	0.0060140116032167505	109
CADM4	199731	-0.0070507448939923075	-0.0036661142469499716	147
CALCB	797	-0.007467039637761033	-0.003593636926994675	270
CALCOCO1	57658	-0.004527027095599915	0.007302320514738641	0
CALD1	800	-0.01035957197273811	-0.008904360821182908	245
CALM3	808	-0.009790545320468936	-0.007771052856921539	230
CAMKK2	10645	-0.006611146467449729	-0.0015620346346595314	164
CAMLG	819	-0.003961271005425679	-0.007427757638272362	44
CAND1	55832	0.006415232744711645	0.011654570137424094	76
CAP1	10487	0.0013223967092439095	0.00920204917116133	287
CAPN9	10753	-0.008850216128827214	-0.005679777986294042	272
CAPRIN1	4076	0.0021681330419664325	0.008460925339278261	96
CAPS	828	-0.007258010568321144	-0.0017015961871007675	59
CAPZB	832	0.031512964794865816	0.02599465579681695	76
CARD10	29775	-0.006482342861985065	-0.005770032554817405	273
CARM1	10498	-0.0053390128960314085	-0.003609972829673307	114
CARNMT1	138199	-0.00752638351330193	-0.0046710310421370456	168
CARNS1	57571	0.0023420263667605894	0.004984510960356487	13
CARS1	833	-0.005185743510508141	-0.0013012646620491728	224
CARS2	79587	-0.007569484209210484	-0.004410778789360939	142
CASC3	22794	-0.0017963559392382875	-0.0015904852685042885	243
CAST	831	-0.007914241985820272	-0.005400164173992684	259
CASTOR2	729438	0.0011470370428805473	0.008284245695363643	90
CASTOR3	352954	-0.007274028547106082	-0.005305918229456733	88
CASZ1	54897	-0.006589749804868652	-0.0023532691760799157	86
CBFA2T3	863	-0.005734024941338088	-0.001024310805743228	51
CBFB	865	-0.00953055733811902	-0.005950947382388773	37
CBLB	868	-0.007629111848407995	-0.005080953471609867	203
CBLL1	79872	0.00457005711631879	-0.01046873585290425	19
CBLN1	869	-0.0073565700969190516	-0.0037096971021526124	168
CBWD1	55871	0.01069988585013861	0.022959942819653023	33
CBWD2	150472	0.009006232178071784	0.0202908978064981	33
CBWD3	445571	0.012707455461287364	0.02574720253144387	33
CBWD5	220869	-0.0009073291622071873	0.003028796299030535	293
CBWD6	644019	0.0030549690281743347	0.005656629222654655	8
CBX1	10951	-0.004038243586903065	0.0012144376877287384	244
CCAR1	55749	-0.008098794323699072	-0.0018578234884797068	11
CCAR2	57805	-0.007994043327440113	-0.004021116506681941	211
CCDC106	29903	-0.009484467453673023	-0.007061070680146381	182
CCDC107	203260	0.003362491171956784	0.00263167079991861	158
CCDC114	93233	-0.010570973522642727	-0.007087647901591195	201
CCDC115	84317	-0.0037416674016540153	-3.8383535011895024e-05	196
CCDC116	164592	-0.009789215271888255	-0.005078274503946809	43
CCDC12	151903	-0.005559263203005249	-0.00010435219495125412	60
CCDC130	81576	-0.012416352055673888	0.0005797583349904941	30
CCDC137	339230	-0.008191732244210211	-0.001701675739999279	177
CCDC144A	9720	-0.007788397045177763	0.005484147788224372	277
CCDC144NL	339184	-0.006815588343474222	0.007747245194566537	277
CCDC157	550631	-0.008083407954722975	-0.0037809375081454513	78
CCDC174	51244	-0.011062338294693058	0.0014247420116091883	49
CCDC180	100499483	-0.006514142107527966	-0.002994578234578661	147
CCDC184	387856	-0.0020762567610543583	0.011611547868110158	0
CCDC22	28952	-0.008785611612848269	-0.009086703438448885	111
CCDC27	148870	-0.007397776726744587	-0.005593696484819879	236
CCDC30	728621	-0.009386074989421461	-0.007600071765089812	24
CCDC36	339834	-0.0048502058518455635	-0.0007988544569951653	206
CCDC43	124808	-0.00722583882222738	-0.0007963544328969145	36
CCDC47	57003	-0.008426177677726252	-0.004253833311624155	221
CCDC51	79714	0.010818314410687271	-0.0039538894177579475	98
CCDC58	131076	-0.006423713846851581	0.00020344923690547573	156
CCDC59	29080	0.006020762809279433	-0.0061414325975694805	139
CCDC6	8030	-0.006420297078355399	-0.0031796889801561667	59
CCDC61	729440	-0.011175320079329787	-0.010449590522635225	115
CCDC71L	168455	-0.012735452795010984	-0.012406430797729726	79
CCDC74B	91409	0.0013620241511736674	0.010056638466756317	54
CCDC78	124093	-0.0018465339497146529	0.0005321010039512244	194
CCDC84	338657	-0.0051790617951371146	-0.008452925250571714	286
CCDC85B	11007	-0.0064550206407910996	-0.002842394350103798	147
CCDC86	79080	-6.012769856042206e-06	0.00263621182608154	26
CCDC96	257236	-0.01073399154977544	-0.010059824363583596	159
CCER1	196477	-0.006226999829105276	-0.0010880573477067225	125
CCER2	643669	-0.009565120605416477	-0.00733404093532601	201
CCNA2	890	0.0168844626875939	0.023794850756642408	126
CCNB1	891	-0.0038864896300578166	-0.0013472941033075834	31
CCNC	892	-0.006224388672577103	-0.008780202933926513	105
CCND1	595	-0.006713532559347614	-0.003665871783962391	147
CCND2	894	-0.007343120902090408	-0.004267692968194115	73
CCND3	896	-0.005826308424102049	-0.004643661456079763	48
CCNF	899	0.0075683110940857916	0.006216444696308773	149
CCNH	902	-0.013646143012747344	-0.003074297924686043	42
CCNK	8812	-0.011884435741567674	-0.0018526754409820725	15
CCNL1	57018	-0.010821098176085571	0.006046716873282186	49
CCNL2	81669	-0.0051194091555752585	0.002823817685242649	157
CCNT1	904	-0.00472236645864435	0.00927623903122242	0
CCP110	9738	-0.006472234786490052	-0.007376491279434056	140
CCR10	2826	-0.005887837026768158	-0.0022296753573466774	143
CCS	9973	0.002672979705570163	0.0044452325457555435	8
CCT2	10576	0.05924659146245997	0.029124211344850496	281
CCT3	7203	0.058170780154947865	0.027991949929075763	281
CCT4	10575	0.05767133406075184	0.0274662968356673	281
CCT5	22948	0.05924659146245997	0.029124211344850496	281
CCT6A	908	0.05857045162767469	0.028412593014340383	281
CCT7	10574	0.05892094154459331	0.028781473882922043	281
CCT8	10694	0.05924659146245997	0.029124211344850496	281
CD101	9398	0.002182365188466286	0.013144073874656161	3
CD164	8763	-0.010300503893738187	-0.010155980082226079	116
CD19	930	-0.007282555792088281	-0.003265855901367238	53
CD1D	912	-0.00203363139182565	-0.0002300303511454375	10
CD22	933	-0.007894146089778837	-0.004354823598495914	147
CD27	939	-0.0055764372315794215	-0.0002418776890280268	234
CD276	80381	-0.010893583216060779	-0.0022938261356780804	11
CD2BP2	10421	-0.00810215288449796	-0.0056217743387867265	268
CD3EAP	10849	0.020146636331572883	-0.020013223841665876	162
CD5	921	0.0012571054347819506	0.00666866577826111	8
CD81	975	-0.0076769982305076225	-0.004310631362402569	257
CD8A	925	-0.001769760027202412	0.003149057048119367	31
CD8B	926	0.00973610512922802	0.02382082016286051	33
CDAN1	146059	-0.002942946482053654	-0.001361949401787872	195
CDC123	8872	-0.003537622175630391	-0.0006009095750141143	135
CDC16	8881	0.005927228339903496	0.007784208489168476	25
CDC20	991	-0.00840656895824381	-0.007618485507178337	225
CDC23	8697	0.004501494393360787	0.00751820517980547	25
CDC25A	993	-0.008011620099045588	-0.004749637089679462	41
CDC25B	994	-0.008422591117882948	-0.004692720634876035	180
CDC25C	995	-0.007130104879828424	-0.0019879510772425613	176
CDC26	246184	-0.0012765324864023619	0.004971408100328344	25
CDC27	996	0.020605527143217423	0.0343569865659479	18
CDC34	997	-0.009791332283795667	-0.00481442910173327	249
CDC37	11140	-0.007225029059785895	-0.0043495770415890814	47
CDC40	51362	0.005073590279450667	0.03569115933213788	17
CDC42	998	0.028330896329969952	0.006382684216745658	84
CDC42EP2	10435	0.004112670017199749	0.00713256066042865	13
CDC42EP4	23580	0.0029193222539970554	0.002050235078627045	99
CDC42SE1	56882	-0.0036665385809475106	0.0019343118030196887	38
CDC45	8318	0.017961166190353633	0.05161902954937185	32
CDC5L	988	-0.007187877795136988	0.026530389439908646	61
CDC6	990	0.012231130315715648	0.04092074258368978	32
CDC7	8317	0.015490151584469522	0.0473541218796958	32
CDC73	79577	-0.0021363592971853362	0.00756363064404753	135
CDCA3	83461	-0.0012230274658506818	-0.006835464403580133	16
CDCA4	55038	-0.010842307660514422	-0.00869217636783902	159
CDCA5	113130	-0.002122976180612339	0.0025047770049625427	157
CDCA8	55143	0.004909900801509354	0.02446653549390733	102
CDH15	1013	-0.0024389336193890903	0.0029219774034941978	67
CDH24	64403	-0.0046237894978679445	-0.006135967115902141	100
CDH5	1003	-0.007074285228857523	-0.005495017101145545	203
CDIPT	10423	-0.0062037283089314025	-0.0040493435077706965	53
CDK1	983	0.002661198269099727	0.008312457451689332	90
CDK10	8558	-0.0023212629785003746	0.006988104901008242	91
CDK11A	728642	-0.007908220583713684	-0.0005840302928400024	176
CDK12	51755	-0.0007254809373862959	-0.002652297617185211	198
CDK13	8621	-0.0014902410132549139	-0.007868447105707584	44
CDK2	1017	-0.011148377154676854	0.0035536349099673454	70
CDK2AP2	10263	-0.0022790449568784233	-0.0005531501966849139	299
CDK4	1019	-0.004990650056577968	-0.0018782682891960902	292
CDK5RAP2	55755	-0.0017926166400474715	-0.0020648509026063673	195
CDK6	1021	-0.007375706406886507	-0.00369359138713868	214
CDK7	1022	-0.01468830168782457	-0.0008275403569221887	15
CDK8	1024	-0.0048537347755671315	-0.00977888802876288	105
CDK9	1025	-0.006147561550817768	0.008760726717342252	141
CDKL2	8999	-0.003475839266677742	-0.007786772565428815	101
CDKN2AIP	55602	3.0859766910433e-05	-0.0010470632860005969	67
CDKN2AIPNL	91368	-0.0083160641439788	-0.003402596739369356	217
CDR2L	30850	-0.004789028567375266	0.003160889214432196	38
CDS2	8760	-0.007996243790028808	-0.0031472060452969555	112
CDT1	81620	-0.0017071890708556814	0.009374462044895606	129
CDV3	55573	-0.004524617000635253	-0.009034289834243498	200
CDYL	9425	-0.003433266393855151	-0.0017103986268563506	188
CEACAM5	1048	-0.01072743776595919	-0.008943474038953472	294
CEACAM6	4680	-0.009954285939097038	-0.006400977596162601	201
CEBPA	1050	-0.01011364691046785	-0.0060560558988941296	155
CEBPB	1051	-0.003983193973343034	0.005580328085379603	25
CEBPD	1052	-0.009558706343565163	-0.009097483202101667	111
CEBPE	1053	-0.008447062288463954	-0.005438054269411158	152
CEBPZ	10153	0.06181922683191329	-0.03961911330580033	233
CELF1	10658	-0.0114242583999025	-0.0006318410104755641	22
CELF6	60677	-0.008593187687242798	-0.0017926184646086623	11
CENPA	1058	-0.0002693752854256256	0.010337477045041817	241
CENPC	1060	-0.0006132076845356981	0.01039154479635035	25
CENPE	1062	0.006334128489079455	-0.011665556231512785	262
CENPF	1063	-0.00856417342486073	-0.0071510524890762575	268
CENPH	64946	-0.0035038595983673524	0.008717389748107334	25
CENPI	2491	-0.004853539334185651	-0.0005862489224967607	196
CENPJ	55835	-0.004637500528544709	-0.010911546941710674	105
CENPK	64105	-0.002715517129755231	0.009895268666595434	25
CENPL	91687	-0.0029728923231297777	0.007011976441258433	25
CENPM	79019	-0.003395207060998731	0.007660029145598659	25
CENPN	55839	-0.004496026239692403	0.009715981044357433	25
CENPO	79172	-0.00776385536024614	-0.006400203798673166	242
CENPP	401541	-0.006783172154906023	-0.00746215622437881	220
CENPT	80152	-0.007705331469672692	-0.0028055980962016576	221
CENPV	201161	-0.010702860585421513	-0.0027635325253931153	2
CENPW	387103	0.00258907522983005	0.00803603801563265	25
CENPX	201254	-0.006671760282838046	0.0006446358946858073	176
CEP131	22994	-0.0047936935143593215	0.0021114604110211805	166
CEP135	9662	0.0018794968696491294	-0.009541650039597699	187
CEP152	22995	-0.010079906416214843	-0.00035483583825506466	11
CEP164	22897	-0.004826953535964237	-0.0036304715104357108	185
CEP192	55125	-0.008478955959079503	-0.0012655952746705769	11
CEP295	85459	-0.000567643899556502	-0.0018767112738825858	195
CEP350	9857	0.00338054516487999	-0.007960326140331013	35
CEP55	55165	-0.0026051305434367953	0.008026355850347706	102
CEP57	9702	-0.004605514086418279	-0.0022412338975990936	293
CEP63	80254	-0.008184982740054742	-0.0017124137129085582	11
CEP68	23177	-0.004973521722755666	-0.0006661090769910919	31
CEP85	64793	-0.002682370610125995	0.006701435631340457	241
CEP97	79598	-0.004155154764302235	0.0016585758201004763	156
CEPT1	10390	-0.006095557086266276	0.0021940121133399893	92
CERCAM	51148	-0.004155738726969522	0.001489727418562008	166
CERS2	29956	-0.007046707154305033	-0.0029778727110920467	161
CERT1	10087	-0.009899862917574663	-0.006286718117046726	41
CES2	8824	-0.006892154606803864	-0.004379577696613181	82
CFAP20	29105	-0.0066681153456390925	-0.005893807781821255	117
CFAP298	56683	-0.012144987624859938	-0.006332691136393485	232
CFAP410	755	-0.010318219768148026	-0.007214506459674099	242
CFAP97D1	284067	-0.007105626091992215	0.001561815196531892	215
CFB	629	-0.00591949859660071	-0.0046934495476414475	48
CFC1	55997	0.0003831308088127871	0.006384488815177622	54
CFC1B	653275	-0.00430255777810313	0.0015427161188535628	196
CFDP1	10428	-0.005917542521892056	-0.0004421401958829721	143
CFL1	1072	0.007436476786613335	0.012548334284111756	287
CFLAR	8837	-0.005419090134589807	-0.006482914652851635	100
CGB2	114336	-0.008774750069426185	-0.007674691710363135	201
CGB3	1082	-0.008533114032049118	-0.008217860066565625	201
CGB5&CGB8	93659&94115	-0.010698585556570443	-0.006006216555023029	43
CHAF1A	10036	0.010938547134249589	0.03641986696158592	32
CHAF1B	8208	0.005959278332868148	0.029102764192232167	32
CHAMP1	283489	-0.010812540564689296	-0.006489744427700435	150
CHCHD1	118487	-0.0006272426995381742	0.0016804709386553276	133
CHCHD2	51142	-0.0026535275232936217	0.00332918032390206	38
CHCHD3	54927	-0.005573813275220145	0.001593537917092035	161
CHCHD4	131474	-0.007614354749655638	-0.004036303163626431	73
CHCHD5	84269	-0.003206532454061706	-0.0006886869247417352	136
CHD1	1105	0.003885841889165479	-0.0006548465611762065	181
CHD2	1106	-0.01099697668670799	-0.00348893518209348	83
CHD4	1108	0.008786032369041975	0.013888373356505236	33
CHD8	57680	0.025402185159584267	0.008183750638399614	258
CHEK1	1111	0.01905252821904542	0.02554736196633125	18
CHERP	10523	-0.0018760137300806124	0.009280917923569602	138
CHGA	1113	-0.005569559662559693	-0.0021959799188702527	82
CHGB	1114	-0.009992665451016612	-0.00487720606241221	43
CHKA	1119	-0.0021351446515881383	0.0009831816947097473	299
CHM	1121	-0.0065758491369781085	-0.007038268405847193	174
CHMP1A	5119	-0.0005176217039854711	0.0098688148899939	91
CHMP2A	27243	-0.007985155694556755	0.008468514543096998	69
CHMP3	51652	-0.0055927752568916975	-0.005607462687791485	123
CHMP4B	128866	-0.008870495945556866	-0.0036967788727181785	43
CHMP4C	92421	-0.008746511267318392	-0.006724523301064784	74
CHMP5	51510	-0.00954181964079426	0.0009231840254247969	132
CHMP6	79643	0.0035606162430931584	0.004962410662882735	237
CHMP7	91782	-0.010669518847889772	-0.0032807400575929064	269
CHORDC1	26973	0.0018645963272779429	0.004627357236352254	45
CHP1	11261	-0.0038780476578772864	-0.002434919099893596	57
CHRD	8646	-0.009803445870586382	-0.009721650985444304	116
CHRDL2	25884	0.0021157149905839203	0.0047652557910569755	8
CHRNA10	57053	-0.000965039647267298	-0.0017625897626767425	195
CHRND	1144	-0.008289265679005706	-0.007311286334076079	270
CHRNG	1146	-0.007966193429220194	-0.007322701382333969	94
CHST4	10164	-0.001777255152038414	0.006286082775755699	9
CHST8	64377	-0.011216701274452097	-0.00616951484014614	66
CHTF18	63922	-0.004636526216738206	0.00178603979618711	217
CHTF8	54921	-0.0041435935016102396	0.00043364490632136443	129
CHTOP	26097	0.000610170041731985	-0.00888956033055682	19
CIAO1	9391	-0.004128413221283868	-0.0015731672042983656	196
CIAO2A	84191	-0.00940745352414288	-0.0008400521421411387	11
CIAO2B	51647	-0.0019899374469072623	0.005129086593242853	138
CIAO3	64428	-0.001156191515672951	0.00920616308247386	138
CIAPIN1	57019	-0.005762808959888407	0.0016911355705582598	92
CIB2	10518	-0.008813640463865628	-0.0021128297447019747	11
CINP	51550	-0.006027600268869278	-0.005773195723167375	104
CIP2A	57650	0.004566393306625835	0.018681839608782277	52
CIR1	9541	-0.0035667261306642976	-0.0016795966544355134	195
CIT	11113	-0.007492701112366345	0.002692455183187009	102
CITED2	10370	-0.010435428208876685	-0.00912749787779822	103
CIZ1	25792	-0.0029459227060676272	0.002184029828649051	163
CKAP2	26586	-0.011663264821050663	-0.005773432614464246	58
CKAP2L	150468	0.002602566569160669	-0.004205386382173396	128
CKAP5	9793	0.0009090211010505344	0.001147481188378234	96
CKS1B	1163	-0.008530055425487076	0.006127035499975675	22
CLASRP	11129	-0.007334373024937809	-0.005557200171173313	145
CLCC1	23155	0.002183281152352688	0.013458817476276249	3
CLDN19	149461	-0.004770303909054697	-0.002667981031215311	27
CLDN6	9074	-0.002322242358644054	0.008312185629835886	91
CLEC11A	6320	-0.012081735564849882	-0.007406733167457914	210
CLEC18C	283971	-0.005722462519822976	-0.0012089463860031895	304
CLEC3B	7123	-0.004832869294625353	-0.0005902809509938832	206
CLK2	1196	0.003628756443400349	0.018525939751442958	14
CLK3	1198	-0.007380470261332551	-0.003888204707010369	73
CLNS1A	1207	-0.011615407186547204	0.0019501294960870092	70
CLP1	10978	0.006688400395603356	0.01088269701827736	138
CLPB	81570	-0.006936263423766045	-0.004238182313419608	293
CLPP	8192	-0.011175248995185676	-0.010857670023746192	116
CLPS	1208	-0.0054121229626963386	-0.003171068812293806	48
CLPTM1	1209	-0.011534064663819201	-0.008109480967753798	6
CLPX	10845	-0.006965432159528084	-0.0017766512069586344	186
CLSPN	63967	0.009135228928459471	0.03335018655085261	34
CLTB	1212	-0.00820213906961942	-0.005295662155858539	170
CLTC	1213	-0.008004300684658109	0.008624570600663893	25
CLUH	23277	-0.006800932549299596	0.003041940528534378	132
CMIP	80790	-0.0033316875831554504	-0.00040779008399343617	67
CMPK1	51727	-0.00595844353491566	-0.007275078693657285	24
CMPK2	129607	-0.007178783218632811	-0.0017950691712286062	60
CMTR1	23070	-0.006425132961718808	-0.0014628268918575056	112
CMTR2	55783	-0.01115984967680379	-0.010140396226110227	124
CMYA5	202333	-0.008674352872151321	-0.007455205474364131	223
CNEP1R1	255919	-0.009650723921351915	0.002676581892996038	265
CNIH4	29097	-0.006977150836375974	-0.007833395384596311	24
CNN2	1265	-0.009684925297013569	-0.002436618700320967	106
CNNM3	26505	-0.00581611264664836	-0.004844917590884628	185
CNNM4	26504	-0.001462432680791136	0.002197367315777962	136
CNOT1	23019	0.003085625196959606	0.011683024266953383	235
CNOT10	25904	0.0010186559123725027	0.011586424995009392	235
CNOT11	55571	0.0011206370337679336	0.011606864372671647	235
CNOT2	4848	0.005094180354017412	0.01167483457097556	287
CNOT3	4849	0.010797982820503777	0.01298009317480415	287
CNOT4	4850	-0.0008543850966718538	0.004380620559042297	107
CNOT9	9125	0.007909506694922411	-0.0059769796481113	98
CNP	1267	-0.004542423073728637	0.009620438746985975	1
CNPY2	10330	-0.00519587594692843	-0.0023332315959395445	195
CNTNAP1	8506	-0.00559539778385544	0.010356513987430148	1
CNTROB	116840	-0.006846603310930418	0.00246811695231858	2
COA3	28958	-0.00851370827142293	-0.002023987831486074	148
COA4	51287	0.0039705718071644264	0.004055365854788646	158
COA5	493753	-0.00045898312140542553	0.002324091585329106	136
COA6	388753	-0.009715857115260998	-0.004225036496355034	146
COA7	65260	-0.004858283150577682	-0.0027162592173020673	118
COASY	80347	-0.011754682399759204	-0.007497356848554527	220
COG1	9382	-0.0009108943553921412	-0.00798739931409034	19
COG2	22796	0.0013514018150210553	-0.009516292460454278	72
COG3	83548	0.003238435989741847	-0.00888340239185121	72
COG4	25839	0.0025172927656689457	-0.009636655342203414	72
COG5	10466	-0.001363085881989972	-0.009030943547011578	44
COG6	57511	-0.003678296569277763	-0.008139165963080874	44
COG7	91949	7.490218815507492e-05	-0.009086072037832875	44
COG8	84342	0.005715675346966439	-0.007230211833862574	64
COIL	8161	-0.0028881363127766565	0.0029940780191729686	138
COL11A2	1302	-0.006060730226411824	-0.00331678230707907	82
COL17A1	1308	-0.008244818571157695	-0.005956619773967167	114
COL2A1	1280	-0.006739075363745076	-0.00042931331476577206	0
COL5A3	50509	-0.010560823937521781	-0.001050822214520333	106
COL7A1	1294	-0.009778755821881018	-0.005512735591739162	41
COMMD4	54939	-0.009976962213199932	0.0015048471902930362	70
COMMD5	28991	-0.0044887815128615395	0.00618396848803479	65
COMMD8	54951	-0.008021643180314933	-0.007047592535477416	170
COMT	1312	-0.007073792980543596	-0.004358125326465261	117
COP1	64326	0.02971557386947595	0.013884879434835996	84
COPA	1314	0.028490619240038668	0.005157774347547782	264
COPB1	1315	0.02706626636704244	0.004292679973216409	264
COPB2	9276	0.027616780302055107	0.004594723673158939	264
COPE	11316	-0.011233359609859045	-0.004625095185416074	66
COPG1	22820	0.025020994388768536	0.003537151942781087	264
COPS2	9318	0.02582415477884169	0.01104265449427228	278
COPS3	8533	0.02532826229506491	0.011208486011151285	278
COPS4	51138	0.025860526986889155	0.010565921870102774	278
COPS5	10987	0.02539548841147572	0.011510599598030285	278
COPS6	10980	0.024969296073491222	0.010720973647423304	278
COPS8	10920	0.021484357145260365	0.00906896171400878	278
COPS9	150678	-0.008740538518363572	-0.0069173316250646395	170
COPZ1	22818	0.026497193428797024	0.004338172092605197	264
COQ2	27235	-0.008988330667864298	-0.010256500843561734	56
COQ3	51805	-0.007998301324396504	-0.007958153542766681	94
COQ4	51117	0.001321075586329665	0.0042150078579393626	8
COQ5	84274	-0.006818934720025465	-0.005374583667553047	290
COQ6	51004	-0.007403675341142424	-0.0035880082774095703	73
COQ7	10229	-0.006257986319779795	-0.001127977115586786	60
CORO6	84940	-0.009085585974002785	-0.0026154760994009157	256
COX10	1352	-0.009873623515975895	-0.004507063652051441	134
COX11	1353	-0.004124804780863437	-0.000889789617684024	197
COX14	84987	-0.002654624159198861	0.010847899533516524	0
COX15	1355	-0.006076957097575904	-0.002687830261485303	59
COX16	51241	-0.00597319417398431	-0.005294564724235685	100
COX17	10063	-0.008411645168406671	-0.004008633427885287	220
COX18	285521	-0.007312483618452569	-0.0064522372875518135	154
COX19	90639	-0.00792610469487214	-0.005430472250565996	170
COX20	116228	-0.007654389298193966	-0.0033600475861466604	51
COX4I1	1327	-0.008090259212243558	-0.005213267737060698	114
COX4I2	84701	-0.008980294822281906	-0.007333589637469219	153
COX5A	9377	-0.01102818578477652	-0.004547807038372061	11
COX5B	1329	-0.003963805497145625	0.0005689536429828526	193
COX6A1	1337	-0.009537804386809156	-0.004943514492972018	134
COX6B1	1340	-0.007288939411828366	-0.0034548468774552882	110
COX6C	1345	-0.010334445460517164	-0.007800226555956724	119
COX7B	1349	0.0025520738798629995	0.013848023336375246	267
COX7C	1350	-0.0031942985045620605	0.004223465959871919	9
CPAMD8	27151	-0.012125046942863992	-0.0007357396886885564	30
CPD	1362	-0.008452393111846571	-0.00575999567001964	148
CPEB1	64506	-0.009629858296967015	-0.003136989744769358	11
CPEB2	132864	-0.00926725938734507	-0.00944171273498452	56
CPEB3	22849	-0.005279781076101668	-0.0029398503037622726	59
CPNE7	27132	-0.0035300204571302365	0.0030198093533365723	91
CPOX	1371	-0.00919141385095405	-0.010752813527029474	178
CPSF1	29894	-0.005935750908377033	0.005645932061273181	265
CPSF2	53981	-0.009893578527436185	0.0043135821759355325	265
CPSF3	51692	-0.01011954298196918	0.0035988748971964397	265
CPSF4	10898	0.004707324802706602	-0.009433040638385187	262
CPSF6	11052	-0.01111521657808915	0.005938465579752201	70
CPSF7	79869	-3.75120723616867e-05	0.008636425028712065	1
CPT1A	1374	-0.0048045763374371135	-0.0016970109891684944	299
CR1L	1379	-0.009419740734663465	-0.007243755549416604	114
CRACD	57482	-0.0014083856182603139	-0.0071596509407620265	101
CRAMP1	57585	-0.0054860392860870515	0.004408517546065855	289
CRCP	27297	-0.004126330056894241	-0.004357444124936663	214
CREB3L4	148327	-0.003507935205440056	-0.0008516815127307409	10
CREB5	9586	-0.006726662737955621	-0.0050016907037329335	236
CREBBP	1387	-0.005287425886810695	-0.002326830620690976	274
CRELD1	78987	-0.008955906169044198	-0.005620209341980778	37
CRIPT	9419	-0.007185141269872212	-0.0012404854266594239	239
CRK	1398	0.002714089928834257	0.004486765509365399	96
CRKL	1399	0.04068547501593802	0.02124088927707142	144
CRLF1	9244	-0.013125668629411832	-0.0016415084041897273	50
CRLS1	54675	-0.0074895788141473825	-0.005017159008814732	203
CRNKL1	51340	0.004893341701628624	0.04213596854273178	17
CROCC	9696	-0.007159045227231919	-0.0052680595408203775	182
CRTC1	23373	-0.01264162402448535	-0.0016328326960182878	29
CRX	1406	-0.011362996733264219	-0.00992263374796654	228
CRYBB3	1417	-0.007566486478441401	-0.005884036048441161	117
CRYGB	1419	-0.005894136407881845	-0.00510529679389902	285
CRYGC	1420	-0.0016786491199955208	-0.001696401754011745	99
CS	1431	0.0031433499874809665	0.01132187553661034	287
CSDE1	7812	0.010376461090307425	0.0010075350723006676	190
CSE1L	1434	0.04029242348728086	0.021693218364429574	144
CSF2RB	1439	-0.011263816346263923	-0.009004402160446597	55
CSH2	1443	-0.005282327603765338	-0.003317088629902992	10
CSMD2	114784	-0.0054130358798386785	-0.003543202978428847	27
CSNK1A1	1452	0.015252145943578627	-0.004425742865550329	96
CSNK1D	1453	-0.0020874179251735617	-0.002012228359771434	197
CSNK2A1	1457	0.0063304511201082506	-0.007071138032631718	151
CSNK2A3	283106	0.003646037307294438	0.004228883984971228	3
CSNK2B	1460	0.008764448123464396	-0.011659803121948838	151
CSPG4	1464	-0.00813595515272455	-0.0033457483513932287	43
CSPG5	10675	-0.007545847021270446	-0.005019290035079894	160
CSRNP1	64651	-0.01210544198726301	-0.005052757904225404	58
CST6	1474	0.0029654724668098337	0.008362740407283223	171
CSTF1	1477	0.0034051105824921685	-0.009760350670092531	19
CSTF2	1478	-0.00625231477604104	-0.005113920340024537	107
CSTF3	1479	0.004647730013449302	-0.009439456584268329	19
CT45A7	101060211	-0.00792764581614245	-0.007437285835518359	199
CTAGE1	64693	-0.010855445444527288	-0.009316416005259488	55
CTAGE4	100128553	-0.006250376858038048	-0.00017846147084041316	60
CTAGE9	643854	-0.005677601621301463	0.0009232942084033865	164
CTBP2	1488	0.0022174187951458525	0.005807127814274313	8
CTC1	80169	-0.009206090359694531	-0.0024229167156671174	2
CTCF	10664	0.003809952415350898	0.0003406700903918161	113
CTDNEP1	23399	-0.006524387395718082	0.007161531942622593	235
CTDP1	9150	-0.015688611161388127	0.011029666882396996	122
CTDSP1	58190	-0.0021765872224896064	-0.005957324645357294	100
CTDSP2	10106	-0.0031006019405928516	0.003103736303972735	9
CTDSPL2	51496	0.005468352138481714	-0.005027910628059371	155
CTNNB1	1499	-0.01002527044310509	-0.008020138591328347	159
CTNNBL1	56259	-0.002859590532105568	0.011209119980503855	235
CTPS1	1503	-0.00392918419714791	0.0037127161649478622	129
CTR9	9646	-0.004236093279657333	0.008966358232439537	135
CTSF	8722	-8.711025531741651e-05	0.005139469994728739	241
CTTN	2017	0.0013631481184754263	0.003317081403463321	26
CTU1	90353	0.012777044919474387	-0.0054343069732057546	98
CTU2	348180	0.005043537836667395	-0.005668271727719971	98
CTXN1	404217	-0.011137543929640593	-0.005818408464581461	250
CUL1	8454	-0.012213474904194263	-0.001257369467171728	207
CUL2	8453	-0.01336834590502212	0.0036516565844512197	22
CUL3	8452	0.02617672198419416	0.021678368477240393	76
CUL7	9820	-0.005237258052152962	-0.0034320370998030983	219
CUL9	23113	-0.005557130837973023	-0.00488533435922922	123
CUX1	1523	-0.00823433116979976	-0.0040769751918827285	119
CUX2	23316	-0.006924509260857322	-0.007209697217540851	24
CWC22	57703	0.004670766874702356	0.033608964266728325	17
CWC25	54883	-0.008856821049114847	-0.0015991515558667865	2
CWF19L1	55280	-0.00639103753597851	-0.005053942081026371	101
CWF19L2	143884	-0.004181836886667977	-0.003175851635713207	197
CXCL1	2919	-0.0019456843056216671	-0.0003701082413792313	45
CXXC1	30827	-0.016058350643917464	0.009026809123398148	122
CXorf56	63932	-0.007948050276024453	-0.007748815588398936	199
CYB561A3	220002	0.004416622141154692	0.009647644595468559	171
CYB5B	80777	-0.0005479110980165171	-0.007553845490362782	284
CYB5R4	51167	-0.012123026605730839	-0.010469774529218025	55
CYC1	1537	-0.007738510270716098	-0.0038746362393992017	183
CYCS	54205	-0.0009307495124233974	0.006614378983537312	193
CYFIP1	23191	0.029596731751887338	0.014136093015748103	204
CYHR1	50626	-0.006390033490446493	0.001119660181555884	112
CYP26A1	1592	-0.007917305152286062	-0.005926583437854141	199
CYP27B1	1594	-0.007183472780442555	-0.0037937163415713094	246
CYP2A13	1553	-0.011287393700459312	-0.007203851014592481	6
CYP4F11	57834	-0.01071988114410109	-0.00454869731721352	66
CYP4F2	8529	-0.010321390578401176	-0.005710680122386244	249
CYP4F22	126410	-0.011008000956339109	-0.0029282435026920673	207
CYS1	192668	-0.008163651100841817	-0.0039738387861417614	177
DACT3	147906	-0.0089627666733123	-0.006401480109533914	145
DAD1	1603	0.014757938227616601	0.001396785685273824	175
DAP3	7818	-0.0022820107236844788	0.006234144439784598	10
DAPK3	1613	-0.008364097472110811	-0.0011402210834247435	92
DARS1	1615	0.009262324925991137	-0.010533639263723806	19
DARS2	55157	-0.008265027924457663	-0.006848113335942339	94
DAXX	1616	0.005783023847316673	0.003250129629871372	149
DAZAP1	26528	-0.008234546068316312	0.0010953368286334337	106
DBF4	10926	-4.051527344642291e-05	0.0017073014178121736	129
DBNL	28988	-0.006599300477688561	-0.0027443013532367833	191
DBP	1628	-0.011322220044751266	-0.012636031647285354	103
DBR1	51163	-0.005265469255570931	-0.008712788793762988	101
DCAF13	25879	0.07169766067976902	-0.03146259084288978	253
DCAF15	90379	-0.011633909125713398	-0.005450337145930381	37
DCAF4	26094	-0.003865249203707552	-0.002496285145561412	188
DCAF6	55827	-0.007373212264828686	-0.005082395373664616	123
DCLRE1B	64858	0.010006850153930399	0.03163517672773351	34
DCPS	28960	-0.008213064824486204	-0.005717591402591782	183
DCTN1	1639	-0.005925629142742738	-0.0028980033457760724	133
DCTN2	10540	-0.005894266519703658	-0.0033602992830514635	133
DCTN3	11258	-0.005838442268576971	0.0015954918607099025	157
DCTN4	51164	-0.009721462604186982	-0.004697408297900882	46
DCTN5	84516	-0.010116949106311411	-0.0032686236580595908	46
DCTN6	10671	-0.010640665587879846	-0.002126737252063128	46
DDA1	79016	-0.008641506736189764	0.0008253389603867433	83
DDB1	1642	0.01653689874373528	0.04934507904988683	32
DDI2	84301	-0.011515888019948852	-0.0024079371387176977	97
DDIT3	1649	-0.005835724457300155	-0.002208464497440097	169
DDN	23109	-0.002122237576282694	0.011680070648650372	0
DDOST	1650	-0.007061179318269679	-0.003428910293201401	78
DDRGK1	65992	-0.008806542846772363	-0.006681248195539554	74
DDT	1652	-0.007289546969571345	-0.004077028764169249	78
DDTL	100037417	-0.0044433983735866715	-0.004893875379475313	117
DDX1	1653	-0.003972287578959785	-0.006424147559602687	208
DDX10	1662	0.06950401560093371	-0.005465368883210888	184
DDX11	1663	0.0045759647737289395	0.02315218337448621	52
DDX17	10521	-0.007448878614230314	-0.003249572945820496	155
DDX18	8886	0.041945017541042316	-0.014641845992759231	5
DDX19A	55308	-0.00500663869147651	0.0022674099143693578	244
DDX19B	11269	-0.006982912124306517	-0.002657509633813816	229
DDX20	11218	0.000529527334140817	0.00860182425850647	3
DDX21	9188	0.11930502572483653	-0.02230785689446125	288
DDX23	9416	0.004518796324960377	0.009652413656484038	13
DDX24	57062	0.040749820650280925	-0.030322699995761516	23
DDX27	55661	0.043315245002885784	-0.032015625419961606	23
DDX28	55794	-0.007760359868584359	-0.005326536308382247	203
DDX39A	10212	-0.009668665235911044	-0.004083688316537028	127
DDX39B	7919	-0.012830949506383943	0.010961063663205838	141
DDX3X	1654	0.044626394615723916	0.01821222332879841	204
DDX41	51428	-0.008239024048813727	0.014515084113828089	69
DDX42	11325	-0.010606531282134204	0.002629270038686824	66
DDX46	9879	-0.009242855056029285	-0.006381119389739839	145
DDX47	51202	0.04263438461951967	-0.014656425600342991	5
DDX49	54555	-0.000867999034849194	-0.004892084496129638	20
DDX5	1655	-0.011682421704915135	0.0006450087168565716	30
DDX51	317781	0.020190210991378254	-0.021078358502446548	68
DDX52	11056	0.021586948816600577	-0.010214688485637063	5
DDX54	79039	0.05175751667332971	-0.035593682296320185	23
DDX55	57696	-0.0055783919869991155	-0.0037716949424196735	27
DDX56	54606	0.046587867164939026	-0.03064071730796565	23
DDX59	83479	-0.006300386885881642	-0.009308130856696639	47
DDX6	1656	-0.005500643419679702	0.00826637713424249	181
DEFB131B	100129216	-0.004347975072329114	0.0028439932602959753	193
DEK	7913	-0.00833905558737525	-0.0039838726967070465	60
DENND2A	27147	-0.00884861289655191	-0.0056337100962573616	170
DENND2C	163259	0.001979814425623486	0.00876126192597512	3
DENR	8562	-0.005333766880038437	-0.0033047450365170576	133
DEPDC1	55635	-0.0052543230235333705	0.004704966234680167	80
DERL1	79139	-0.010058084578725535	-0.00622766122545775	153
DERL2	51009	-0.013631055880451628	-0.000563138041667818	29
DET1	55070	-0.0056643653195113585	-0.004221620080829514	107
DEXI	28955	-0.00819821674171879	0.0010616430822532837	80
DFFB	1677	-0.010553748806034298	-0.009403884866967851	238
DGCR6L	85359	-0.009366221113552816	-0.005584916634093414	41
DGCR8	54487	-0.008471072849945466	-0.002426518729705159	222
DGKE	8526	-0.00966780253793433	-0.006537282751176391	152
DGKI	9162	-0.008064312478577376	-0.005480185924271064	140
DHDDS	79947	0.0011825589847806275	-0.004379392521736001	175
DHFR	1719	0.00250955149836949	-0.0028788939453458094	243
DHFR2	200895	-0.005073713145071684	-0.0006739344905536323	224
DHODH	1723	-0.006278180116361823	-0.002346599795883786	82
DHPS	1725	-0.008468331327579912	-0.004737453388238966	60
DHRS4	10901	-0.006526318477921002	-0.007012285624824257	100
DHRSX	207063	-0.009322046120820143	-0.006324363319920554	249
DHX15	1665	-0.0012881950460441537	0.007203107344519346	138
DHX16	8449	-0.001164097846842258	-0.00885032802636371	44
DHX29	54505	-0.007201800436388625	-0.0028250149482481677	221
DHX30	22907	-0.007322267507848942	-0.0043191561280132955	87
DHX33	56919	-0.008510911034362804	-0.0015363972057597173	2
DHX35	60625	-0.012861340901004763	-0.0034891400654606087	50
DHX36	170506	-0.005798397798708554	-0.005117761240819372	285
DHX37	57647	0.0651524731810678	-0.0036266449984029207	184
DHX38	9785	-0.007955132001925935	0.01302004642956476	69
DHX8	1659	0.005147466577919358	0.03380509154319815	17
DHX9	1660	-0.013150573019734263	-0.001150152956538847	50
DIAPH2	1730	-0.005916360481469167	-0.0059384997950359605	174
DIAPH3	81624	-0.010128659127989565	-0.006430034683222059	41
DICER1	23405	-0.005698643871661404	-0.0030291165358152738	222
DIDO1	11083	-0.007664945494429622	-0.0007964906100256771	20
DIMT1	27292	0.03002898109525178	-0.012958346184071878	5
DIPK1A	388650	-0.0034864186944498924	0.0014146953311404975	169
DIS3	22894	0.00701265491202789	-0.01161159562511245	44
DIS3L	115752	-0.009007051978218557	-0.006649362548276949	212
DKC1	1736	0.006300819868239821	-0.014201010451474082	192
DLD	1738	-0.0062346727700807745	-0.004167090533175397	274
DLG4	1742	-0.00819791406568112	0.004415825045377865	2
DLG5	9231	-0.008936382379813184	-0.005296706166949722	89
DLGAP5	9787	-0.0026839219245093967	0.0030894607139147477	231
DLST	1743	-0.0043362949448783866	-0.0028604606678307755	274
DLX3	1747	-0.00891056999078121	-0.0034282213929387123	176
DMAC1	90871	-0.008552380084196428	-0.0023538791897391225	179
DMAP1	55929	-0.005713903283537755	-0.004774723818438794	104
DMKN	93099	-0.0103058382359707	-0.007777590198471707	145
DMRTA2	63950	-0.00015504855512910677	0.007452414474981498	138
DMRTC2	63946	-0.009602708975926872	-0.007068323414943684	6
DMWD	1762	-0.010363406225025228	-0.006068112125622298	6
DNAAF2	55172	-0.007360932691690958	-0.007093349005233292	154
DNAAF5	54919	-0.008380360782608566	-0.0052262056256689535	74
DNAH10	196385	-0.007406684100182326	-0.005585362846756181	88
DNAJA1	3301	-0.006957261770885635	0.001962499359836433	20
DNAJA2	10294	-0.0034027546029767033	0.0035239053171888515	142
DNAJA3	9093	-0.005072455081049193	-0.0066294016161868715	53
DNAJB1	3337	-0.012482860645889944	-0.005923790815078164	200
DNAJB11	51726	-0.010236656351483596	-0.0052624382724865675	97
DNAJB12	54788	-0.008474648161474016	-0.007608386912212001	223
DNAJB2	3300	-0.0019139341776313896	-0.0020154198334247806	99
DNAJB6	10049	-0.0068957992145980244	-0.005464949443415114	87
DNAJC11	55735	-0.007086061136678094	-0.0020778251076338052	125
DNAJC13	23317	-0.0023621440031693446	0.0019428958337923017	136
DNAJC14	85406	-0.003317444108299397	0.008403083210803165	0
DNAJC16	23341	-0.009211231003808605	-0.00552322553877722	172
DNAJC17	55192	-0.008804637890558202	0.003109975508535896	70
DNAJC19	131118	-0.009355207867008521	-0.007100780348994521	153
DNAJC2	27000	-0.00915963074400275	-0.006157158005842231	111
DNAJC22	79962	-0.0027469576225498953	0.010492651828425303	0
DNAJC8	22826	0.003423945307251534	0.019058985509659874	52
DNAJC9	23234	-0.004958306453084588	-0.003184228998881143	59
DNASE2	1777	-0.006884810975810803	0.008852079012298977	69
DND1	373863	-0.006140851166629064	-0.0005419397601227717	239
DNLZ	728489	-0.007208686799671419	-0.006342299021104355	16
DNM1	1759	-0.0032216969857999157	0.0030174727618052346	9
DNM1L	10059	-0.0048794876587252576	0.003437406535734031	240
DNM2	1785	-0.0041829048989494	0.014098709998138762	237
DNMT1	1786	-0.007714794013294963	-0.0015221842185326366	176
DNTTIP2	30836	0.06977166277373553	-0.03174775252681786	253
DOCK6	57572	-0.011700736010188015	-0.004582349824197413	146
DOCK7	85440	0.005424954096349368	-0.008283442020903491	151
DOHH	83475	-0.007654732324957048	-0.003975359729461346	161
DOLK	22845	-0.0036917611187703165	0.003371982832591763	129
DOLPP1	57171	0.0011928656120083919	0.004631876706378489	90
DONSON	29980	0.020904778055486545	0.05689581692238892	32
DOT1L	84444	-0.008006538923417232	0.001909277212486843	92
DPAGT1	1798	-0.012684926831595226	-0.012113463527529867	56
DPF2	5977	0.003539875801045873	0.006447295576580827	13
DPH1	1801	-0.009289884657610945	-0.005605269321044606	223
DPH2	1802	0.002681399959420328	0.0073254187975686	3
DPH3	285381	0.028443492605896	-0.002082211907120809	98
DPH5	51611	-0.004611107927526394	-0.00035752575939648393	163
DPH6	89978	-0.01199386000764397	-0.004019219311806649	89
DPH7	92715	-0.007363548672193746	-0.005090987123748125	168
DPM1	8813	-0.010287243406166042	-0.007275410179093608	6
DPM2	8818	-0.009752718253814838	-0.006043707932720425	41
DPM3	54344	-0.006072350191801124	0.00018597200322110658	112
DPP7	29952	-0.005299412921938682	-0.0011643375232558112	51
DPPA2	151871	-0.005629892922928455	0.0003096183785790414	246
DPPA3	359787	0.0009923352228942083	0.014938083833085121	52
DPPA5	340168	-0.001722441326900845	0.0022472279508760603	136
DPY19L2	283417	-0.0018343851822322003	0.006297751701212714	9
DPY30	84661	-0.013001202250560243	-0.0035778112214489505	42
DR1	1810	-0.0012232908106405707	0.002292642964712971	45
DRAP1	10589	0.0076523214505416475	0.006528296518012482	158
DRD5	1816	-0.004159775394017822	-0.002226732392443386	160
DRG1	4733	-0.007510393768729662	-0.004703742505228198	43
DRG2	1819	-0.00954565085775624	-0.0017010204023950519	2
DRGX	644168	-0.00962603762335006	-0.007339216082191334	153
DROSHA	29102	-0.006180187716510452	0.00938561190288418	69
DSCC1	79075	-0.008652861074385248	-0.0008813151575321405	106
DSN1	79980	-0.0070399596235500616	-0.004615051135049221	48
DTD2	112487	-0.0035671992062813185	-0.0027234995386269606	40
DTHD1	401124	-0.009727400646112265	-0.007759481935345946	153
DTL	51514	0.021655704198685927	0.05788916608374632	32
DTX2	113878	-0.007020909906876804	-0.002578231571586415	283
DTYMK	1841	0.012525140482001856	0.040221449454830666	32
DUOXA2	405753	-0.009572677000352718	0.0014841876970421155	70
DUSP11	8446	-0.00249804898874215	-0.008494363495416697	231
DUSP12	11266	-0.005313607653949906	-0.007795739190049024	213
DUSP22	56940	-0.007083815356081097	-0.003791816829155027	180
DUT	1854	0.0030400012808759476	0.020983472400400452	17
DUX4	100288687	0.018364034039765897	0.03605896455019133	18
DYNC1H1	1778	-0.010463648949067183	-0.002923085980533772	46
DYNC1I2	1781	-0.01050355354203711	-0.002855366577274088	46
DYNC1LI1	51143	-0.011150428162644272	-0.002795543954789498	46
DYNC1LI2	1783	-0.009013111580509315	-0.005088031182975286	46
DYNLL1	8655	0.010549736660760853	-0.011774815614981508	72
DYNLRB1	83658	-0.01095272267340141	-0.002713021976708461	46
DYNLT1	6993	-0.010797605413672688	-0.006431503707178529	43
DYRK1A	1859	0.03733846487793807	-0.020654785571692882	5
E2F1	1869	-0.011152396406946631	-0.007389838986097367	232
E2F3	1871	-0.01416976943165201	0.004113544924671703	22
E2F6	1876	-0.00989638843652555	-0.005210192201412982	43
E4F1	1877	-0.008523243410953044	0.0020098009213229996	167
EAF1	85403	-0.011779649493979793	-0.0006073349082568962	132
EAPP	55837	-0.006322763480417927	-0.002579377345508938	221
EARS2	124454	-0.006136490895501155	-0.00515245269516574	53
EBF1	1879	-0.007142442959735816	-0.0038069409034216218	82
EBI3	10148	-0.011690549842610691	-0.0061111114619233145	250
EBNA1BP2	10969	0.01722088777483357	-0.02088688521545217	68
ECD	11319	-0.00943567158692055	0.03239328607984296	85
ECSIT	51295	-0.011914165250406502	-0.005554152892606968	146
ECT2	1894	9.667080088949964e-05	0.019041335021554116	102
ECT2L	345930	-0.00568432815846382	-0.004087071777011063	101
EDC4	23644	-0.0009242517030821478	0.00509740159872334	157
EED	8726	-0.006764397793398846	0.0012076674877748693	112
EEF1A1	1915	0.03669684540031859	-0.0011928431089103801	71
EEF1AKMT2	399818	-0.009737978858289718	-0.007436806328628128	130
EEF1B2	1933	0.00614238773457023	0.01946281724704597	33
EEF1D	1936	-0.00579493176195831	0.0033399190767619685	65
EEF1E1	9521	-0.007283245048327864	-0.006132536079273965	268
EEF1G	1937	-0.0005465268941050298	0.0024283460526847364	26
EEF2	1938	0.026548073978772978	0.0036169473016811164	126
EEF2KMT	196483	0.004215334641282897	0.020788881291265996	52
EEFSEC	60678	-0.003621485889633888	0.004038982030822693	156
EFCC1	79825	-0.00654334559839863	-0.0004920546198435198	186
EFL1	79631	-0.010334255662279884	-0.007858532460900805	6
EFNA3	1944	-0.006100094382767214	-0.0045229049652403385	137
EFNB3	1949	-0.009803240304883625	-0.0016721744901797096	2
EFR3A	23167	-0.00630512534145249	-0.0002775949107232494	125
EFS	10278	-0.002009131557752325	0.008012963035592133	109
EFTUD2	9343	0.0004788854379800826	0.041690620101731066	17
EGFL7	51162	-0.003154120391398284	0.003207561041201005	9
EGFR	1956	-0.008544008027764179	-0.006990994507965568	182
EGLN1	54583	-0.01304424578916146	-0.003924040295206065	50
EGLN2	112398	-0.012085825524086758	-0.00580039427272884	6
EGR2	1959	-0.00582253834404395	-0.0033427114524452314	59
EHBP1L1	254102	0.0029055706786596087	0.00576074896654252	8
EHMT1	79813	-0.005233283362171597	-0.000656706224066635	82
EHMT2	10919	-0.00219431487830927	0.00337927819842799	67
EIF1	10209	0.008093999506706024	0.0006178605951646263	266
EIF1AD	84285	0.006300810659573146	0.003922175657238722	13
EIF1AX	1964	0.02896753680857821	-0.004279461701371805	71
EIF2AK4	440275	-0.011989146355075614	-0.003188558869712979	89
EIF2B1	1967	0.005853341248145707	-0.00788817696741628	262
EIF2B2	8892	0.022922175581696312	-0.005732608511797941	98
EIF2B3	8891	0.03380122407733808	-0.0022917357424228264	71
EIF2B4	8890	0.02458278299982176	-0.0048166777987757965	98
EIF2B5	8893	0.04190922139459179	0.00022792185054615745	71
EIF2S1	1965	0.053281680511604146	0.002827138247875078	71
EIF2S2	8894	0.053284225302695554	0.0030527251017872657	71
EIF2S3	1968	0.03485743025874534	-0.0007948303687909208	71
EIF3A	8661	0.0966272315245109	0.016486550762007605	21
EIF3B	8662	0.09884045028083549	0.01666502393125418	21
EIF3C	8663	0.02874896810743119	0.004861136606506564	126
EIF3CL	728689	0.05313127862281325	0.00279084246305328	258
EIF3D	8664	0.030606334837099722	-0.013418680316269553	5
EIF3E	3646	0.038144056253410406	-0.010128863640540891	5
EIF3F	8665	0.031701507316289186	-0.01484026332937549	5
EIF3G	8666	0.058556210959333846	0.0023901879970498366	258
EIF3H	8667	0.009376925366679634	-0.013330522302045983	77
EIF3I	8668	0.10318156283418789	0.016566447028673586	21
EIF3J	8669	0.005896579579228212	-0.006177462105037085	139
EIF3K	27335	-0.004782864993607575	-0.005430780453105537	174
EIF3L	51386	-0.0010981267357246696	0.0007654669377279287	174
EIF3M	10480	0.02576913744004753	-0.0057731843152857235	126
EIF4A1	1973	0.04346553659307707	-0.01408430238494813	5
EIF4A3	9775	-0.00874407715754078	-0.008331324862124552	187
EIF4B	1975	-0.0015652042973809115	0.011902813952410182	0
EIF4E	1977	0.03874867494878448	-0.0010130309451309985	71
EIF4E2	9470	-0.00012944020679413518	-0.0012961997829967432	255
EIF4EBP1	1978	-0.007828270437625675	-0.0011713810236795579	112
EIF4EBP2	1979	-0.006524973117972453	-0.002674072563936017	11
EIF4ENIF1	56478	-0.006169232933686454	0.0012087611334274577	78
EIF4G1	1981	-0.0018976305568074539	-0.007350069569821216	208
EIF4G2	1982	0.007044350969272759	0.0054251150188110026	287
EIF5	1983	0.014619814020251571	-0.009025550676096792	19
EIF5A	1984	-0.008047632698080405	-0.001726736924709378	120
EIF5AL1	143244	-0.005104297385490092	3.3515048817855005e-05	10
EIF5B	9669	0.01061711274738535	-0.013083219119733985	139
EIF6	3692	0.059811504903760276	-0.0386559751522334	233
EIPR1	7260	-0.002133010572472016	-0.009983389922834362	105
ELAC2	60528	-0.009092787675404938	-0.0017018239315257132	2
ELAVL1	1994	-0.007528189448311169	0.0024215865871954206	81
ELL	8178	-0.015237423889314866	0.0031535872290646455	49
ELL3	80237	-0.010104666178751264	-0.0009819472785767708	11
ELMO2	63916	0.0034791063299333138	0.0031893703495143016	96
ELMOD3	84173	-0.0034486845058841016	0.0014725148717830883	31
ELOA	6924	-0.006846590813890941	-0.0030126515989670312	161
ELOA3	162699	-0.009426238462343039	-0.0068571836594346096	182
ELOA3B	728929	-0.006981079378752076	-0.003523091700787873	180
ELOA3D	100506888	-0.008117665701502777	-0.002979437057392637	238
ELOB	6923	-0.014624031334318784	0.006074114885670484	22
ELOC	6921	-0.013029210450762826	0.006742797072586366	22
ELOF1	84337	-0.0011768664831265066	0.00249586722716595	135
ELOVL1	64834	-0.00676373382843713	-0.00809078660614166	284
ELP1	8518	-0.0031722368200292287	-0.0053898292218513425	117
ELP2	55250	-0.0015273762332785655	-0.005324790035315237	117
ELP3	55140	-0.0032805814114396687	-0.0048806868880947	117
ELP4	26610	0.003976772935329826	-0.004776329801230694	117
ELP5	23587	-0.004146551498350851	-0.0023420432618436633	234
ELP6	54859	-0.0027091431632498345	-0.003231854570947805	206
EMC1	23065	-0.005423271590757416	-0.005447358964755359	16
EMC2	9694	-0.006921003717847004	-0.00520659957003685	16
EMC3	55831	-0.007935794092620132	-0.00876094099868344	174
EMC4	51234	-0.011996478422620903	-0.00400616342805605	89
EMC6	83460	-0.006077786377055371	-0.007489870690670424	174
EMC7	56851	-0.0057104883740470465	-0.0032877168327494237	73
EML2-AS1	100287177	-0.01043565661557272	-0.006258766556513906	66
EML6	400954	-0.007162966398757578	-0.003608727716695023	73
EMSY	56946	-0.005361767583491171	-0.0013615560150033199	169
ENKD1	84080	-0.002297113766454855	0.0025493202841350695	67
ENO1	2023	-0.008716524317402849	-0.006157842753380228	212
ENPP7	339221	-0.009459947160876496	-0.0060020781850798205	211
ENSA	2029	0.0016917358705738877	0.012728870966309085	267
ENY2	56943	0.00015987075074404072	-0.00024989756129708315	135
EP300	2033	-0.012798045043984487	6.947690287200476e-05	30
EP400	57634	-0.002502741935729476	-0.001833820213207959	179
EPAS1	2034	-0.007657446440216113	-0.006535382291205898	108
EPB41L3	23136	-0.009995522395581873	-0.005474621531117049	242
EPC1	80314	0.006096998847529099	0.002856571869376129	190
EPC2	26122	-0.004429621310750393	-0.0022413022548762648	179
EPG5	57724	-0.008661241455065005	-0.007492263667240711	140
EPHA5	2044	-0.007719568808045747	-0.0078028613709061265	223
EPN1	29924	-0.009223190680544554	-0.006482064807800962	182
EPN3	55040	-0.005149255550993607	0.009753197082262372	1
EPOP	100170841	-0.006404602168939226	0.00995322572146593	1
EPRS1	2058	0.005430056783288251	-0.008461447706157968	64
EPS15L1	58513	-0.011031988551891941	0.001033263050537796	69
EPS8L3	79574	0.0006486085774971409	0.01011081681866854	3
EPSTI1	94240	-0.009884506189334005	-0.007218137106649091	37
ERAL1	26284	-0.010081936506286996	-0.00611740959776619	172
ERBB2	2064	-0.010363722323321238	-0.004121916377054921	148
ERBIN	55914	0.005760490518780932	-0.0013758537762406382	100
ERCC1	2067	-0.010087362210868821	-0.006735300912017229	6
ERCC2	2068	-0.011768716955589544	-0.008730479856420486	200
ERCC3	2071	-0.007826226759727582	-0.0062450956526480675	296
ERCC4	2072	-0.007859590162207417	-0.005883156057075245	203
ERCC6	2074	-0.007495408158630597	-0.005475279832216785	270
ERCC6L	54821	-0.008477398024262835	-0.009415515842809056	111
ERG	2078	-0.01087441858313728	-0.006076729760379849	150
ERH	2079	-0.0004965917109156649	-0.0068919058390385455	72
ERICH6B	220081	-0.007002623658949248	-0.008475165922413421	24
ERP44	23071	0.004679675642524528	-0.0007583236103383318	190
ERVW-1	30816	0.0011836235483829135	0.013442730881296964	275
ESCO2	157570	-0.00648857720818616	-0.00019052920101979336	125
ESF1	51575	0.04226969806907715	-0.01436065673743394	5
ESPL1	9700	0.006900132815813963	0.025664304718043398	102
ESPN	83715	-0.0039575008882272306	0.0011510506002014114	118
ESPNL	339768	-0.01056298871704205	-0.009391793952275655	152
ESRP2	80004	-0.003300323088742625	0.0011624043080685628	67
ESRRA	2101	-0.00686401976391768	-6.455525438865982e-05	299
ESS2	8220	-0.008269484654426737	0.013346852349126847	69
ETF1	2107	0.026440121910293265	-0.004990183240650231	71
ETNK1	55500	-0.006674709344793002	-0.0042980776462896815	87
ETNK2	55224	-0.007340580766267034	-0.009771249422246782	77
ETV6	2120	-0.005815824029386274	-0.0015668815907886298	229
EVC2	132884	-0.005566432413480019	-0.0016352501469799076	59
EVPL	2125	-0.009483033371582421	-0.0029528707301652336	148
EWSR1	2130	0.00589060935867434	0.006466715675918801	267
EXOC1	55763	0.0017378309905412396	-0.004840716629747817	175
EXOC2	55770	-0.002162144939546466	-0.0017794527928542915	67
EXOC3	11336	-0.0015075501669551295	0.008669141462669267	91
EXOC3L4	91828	-0.008579878943134863	-0.004728835154628791	211
EXOC4	60412	-4.934265788424097e-05	-0.00467320892455909	175
EXOC5	10640	0.0010364779634338974	-0.004214393598716007	175
EXOC7	23265	3.1018966033142023e-05	-0.004675657981898445	175
EXOC8	149371	-0.008304185504208444	-0.006808610564618872	152
EXOSC1	51013	-0.004560207873145154	-0.008731774999073223	101
EXOSC10	5394	-0.002426362892618565	-0.009700965330018192	231
EXOSC2	23404	0.0034745670953551765	-0.004422790728288184	243
EXOSC3	51010	0.014224204223539334	-0.013940037343679323	162
EXOSC4	54512	0.006824083480195709	-0.008050072842092982	243
EXOSC5	56915	0.012145969451357978	-0.013357941448906476	162
EXOSC6	118460	0.020318568276515122	-0.016194343599708397	162
EXOSC7	23016	0.0020812325937475348	-0.0026233093032276486	243
EXOSC8	11340	0.013976622780549262	-0.014164035656259937	162
EXOSC9	5393	0.007809611899013967	-0.00941991136475109	243
EXT1	2131	-0.01125594325598886	-0.004784238099535116	121
EXT2	2132	0.002333663969722972	0.005352477430808012	13
EXTL1	2134	-0.005704066081406748	-0.003865947235331082	16
EXTL2	2135	0.00024353601604544542	0.008403691929647801	3
EZH2	2146	-0.008607862651011081	-0.0017710935963923054	177
EZR	7430	-0.005461673698113116	-0.0011485411535594452	234
F3	2152	-0.004453676392181043	0.000845886448919211	59
F8A3&F8A2&F8A1	8263&474383&474384	-0.002628059826464679	-0.011498046413884216	105
FAAP100	80233	-0.005319834723343986	0.002305069996875945	176
FAAP20	199990	-0.005473127105352028	-0.0010113630574839865	295
FAAP24	91442	-0.0047495236511989804	-0.00036716506079911035	260
FABP5	2171	0.006568872736343858	0.024854681650458548	52
FADD	8772	0.00491950891631953	0.006078389310458123	13
FADS2	9415	0.0038811756775139344	0.009411008572129884	171
FAF2	23197	-0.009509940652154245	0.0006774724499862134	132
FAHD2A	51011	-0.002976066732723284	0.005077743744882224	196
FAIM	55179	-0.008781931674505467	-0.0034305443615680904	222
FAM104B	90736	-0.004417725300664283	0.0008413609084374856	194
FAM122A	116224	0.006552479885235931	0.000502691170686481	181
FAM133B	257415	0.005178139623543456	0.018817537711144503	33
FAM136A	84908	-0.0013194875000678262	0.00903734286112817	109
FAM153B	202134	-0.005851293215979925	-0.001094703413670727	63
FAM153CP	653316	-0.011535163458547232	-0.00980490220972925	131
FAM161B	145483	-0.0060991881751469934	-0.005792460849525617	104
FAM163B	642968	-0.007892661769414439	-0.004297523880689501	259
FAM166A	401565	-0.008768126545084094	-0.006650927684385728	74
FAM167B	84734	-0.003883233268143142	-0.002728070910883148	27
FAM183A	440585	-0.006195029224569136	-0.0029323422500401597	125
FAM185A	222234	-0.006059740591720548	-0.001242574981934606	224
FAM186A	121006	-0.006614517998049365	0.0018856749030531582	0
FAM189B	10712	-0.0033095441704997777	0.0022907007037348036	38
FAM200B	285550	-0.008980618409959042	-0.008375299682282183	116
FAM207A	85395	-0.008728899890096658	-0.005779688772751387	46
FAM20A	54757	-0.008485905583789932	-0.003663224714142907	191
FAM210A	125228	-0.013079929600262058	-0.01261507447077839	131
FAM219A	203259	-0.003879197214749541	0.0011074554542396925	215
FAM229A	100128071	-0.007886058626350721	-0.006639468980898157	88
FAM25A	643161	0.009334589732971897	0.03211662724199133	34
FAM25C	644054	0.009070556335526114	0.031733422551996446	34
FAM25G	100133093	0.01495885846475435	0.03121059944495084	18
FAM32A	26017	-0.010042990619461574	0.0010259386480576174	83
FAM43B	163933	-0.0066676516433466036	-0.001488937238237829	125
FAM50A	9130	-0.008883120159010393	-0.007224980495479947	197
FAM71E1	112703	-0.011242277184997068	-0.010106744882380305	79
FAM72A	729533	0.0026964892853667925	0.017655478628245548	14
FAM72B	653820	0.0023677696407362957	0.013763736412669623	3
FAM72D	728833	-0.0016591878890749086	0.006649186008700959	279
FAM83C	128876	-0.010521114194310162	-0.010859809691796571	103
FAM83E	54854	-0.010751449097916373	-0.01122316104473294	103
FAM83H	286077	-0.005612360866730888	0.004324876092973621	167
FAM86B1	85002	-0.010357365043589422	-0.005714767039948519	119
FAM86B2	653333	-0.008306525812791992	-0.0013236795676382631	112
FAM86C1	55199	0.0030121437738141526	0.009071772483165581	171
FAM89B	23625	0.0037612671289676183	0.007852096864818367	13
FAM91A1	157769	-0.00626675855611405	0.0010718906160075423	125
FAM92B	339145	-0.004553720888522277	0.004600735983662306	92
FAM98B	283742	-0.009472490195812052	-0.007773669285490064	230
FAM98C	147965	-0.010829180268685306	-0.00626268524079729	6
FANCA	2175	-0.006514649912448963	-0.001245906832193649	60
FANCC	2176	-0.0045777630248256896	0.002798132827367519	166
FANCD2	2177	-0.010013636139860678	-0.007167319184196368	211
FANCE	2178	-0.005232603422824648	-0.0049139575673739656	48
FANCF	2188	-0.010295803058696778	-0.005491223177994728	148
FANCG	2189	-0.011052805624904231	-0.004883720461685859	58
FANCI	55215	-0.009316251361719603	-0.004280872468867966	226
FANCL	55120	-0.009009666230453862	-0.006780602185397537	152
FANCM	57697	-0.004274365360179326	0.001999856005909252	156
FARS2	10667	-0.005922379052717539	-0.002770775964776133	82
FARSA	2193	0.004896350909536356	-0.010511721309598734	19
FARSB	10056	0.01695688877881667	-0.006273251409362966	98
FASLG	356	-0.0021659075965641547	0.0034633759025665275	10
FASN	2194	-0.007680302367951218	-0.0038465312871605343	46
FASTKD5	60493	-0.009081256991651602	-0.0070492255898168	212
FAU	2197	0.09979424061025247	0.016910546933844337	21
FBL	2091	0.12179481558360851	-0.023297105131121144	288
FBLIM1	54751	-0.007591459053042009	-0.003367853487593116	87
FBN3	84467	-0.010468647028812512	-0.005654214880571372	110
FBXL17	64839	-0.007600291877374403	-0.010519396427861328	77
FBXL18	80028	-0.003137619678957468	-0.001058408951774618	195
FBXL19	54620	-0.0034804325051620744	0.0018948783918552863	113
FBXO11	80204	0.015418955480921606	-0.01083871245740358	139
FBXO2	26232	-0.007934314641353031	-0.004330124754156213	227
FBXO21	23014	-0.0060630786746904575	-0.0037489238460019342	255
FBXO28	23219	-0.010992834331240283	-0.009014539532326213	200
FBXO41	150726	-0.0005862078571924439	0.00580518775094216	31
FBXO42	54455	-0.0036676340293180986	-0.002568828220378372	188
FBXO47	494188	-0.006063744850249332	0.0012454449089700026	244
FBXO5	26271	-0.009666129512169826	-0.007620738628494906	209
FBXO7	25793	-0.0070162890408270095	-0.004960910034163734	117
FBXW11	23291	-0.0031369186131014826	0.0016798121265892963	135
FBXW12	285231	-0.006706733856529144	-0.003175098986839106	160
FBXW7	55294	0.03855107569235511	0.0029906990097233917	126
FBXW9	84261	-0.012572034460565705	-0.003929440348077452	146
FCF1	51077	0.071266890745152	-0.0055636298381449905	184
FCGR1A	2209	0.012859406841708153	0.031109183881344586	18
FCGR1B	2210	0.0020450691213205474	0.011942532982778068	267
FCHO2	115548	-0.011288713570513382	0.0007835632011217647	49
FCN2	2220	-0.008059462602468858	-0.006468789289072984	95
FCRLB	127943	-0.006587899753679523	-0.0026071887821419635	191
FDFT1	2222	-0.01106192624565489	-0.005485513172919415	119
FDPS	2224	-0.003610677637749785	0.00035423066194511957	10
FDX1	2230	-0.00919814964839983	-0.008547945025094721	238
FDX2	112812	-0.0047581328828103925	0.010580298637997108	75
FDXR	2232	-0.007947329828651838	-0.004152639467542012	191
FECH	2235	-0.011905219556392174	-0.010693426793920286	131
FEM1A	55527	-0.010875922377997033	-0.006060567331750227	66
FEN1	2237	0.003720785627049764	0.009673009806576163	171
FERMT2	10979	0.035211388524621835	0.0168238708003166	144
FERMT3	83706	0.002751651822587309	0.005979551612108401	8
FETUB	26998	-0.0072026504822621275	-0.004083148178302444	169
FFAR3	2865	-0.011270646836820693	-0.006502932403874884	6
FGD5	152273	-9.685370129644232e-05	-0.0012187215250534203	99
FGFR1	2260	-0.01266080376051811	-0.0052879674266393005	58
FGFR1OP	11116	-0.007052910866565928	-0.006070715770703196	104
FGFR1OP2	26127	0.0028913862303092067	6.491186924747492e-05	132
FH	2271	-0.00904281850217355	-0.006958491188312498	74
FIBCD1	84929	-0.005809681198382364	-6.048108274774303e-05	166
FIBP	9158	-0.0005173685870056093	0.001748136638561156	135
FIG4	9896	-0.010593569657230897	-0.00874710515123503	55
FIP1L1	81608	-0.000134676543861698	-0.009549963168121522	105
FIS1	51024	-0.003182330951901148	0.0038503340460508827	9
FITM1	161247	-0.008484171348431317	-0.007849212881354725	247
FJX1	24147	-0.008098259606758852	-0.005197389782767995	257
FKBP10	60681	-0.006608679914463064	0.008778964045201083	1
FKBP8	23770	-0.012692016153381896	-3.7632870594457116e-05	30
FKBPL	63943	-0.0007038119405399272	-0.006239275632077454	35
FLCN	201163	0.003288436335888879	0.003407384944002667	266
FLI1	2313	-0.011655043883825744	-0.010484900157506005	152
FLII	2314	-0.005123121317234235	-0.004017528725761985	234
FLOT1	10211	-0.007727474697393747	-0.006683817675916248	212
FLT3	2322	-0.009206518272102143	-0.0078408969400639	189
FLVCR1	28982	-0.010172743609805714	-0.00896304851612896	189
FLYWCH1	84256	-0.0030159267976464107	0.008279960843829178	92
FMNL2	114793	0.001736487374627344	-0.00784697764142888	262
FMO1	2326	-0.004870630416257162	-0.0027637092459285306	10
FNBP4	23360	-0.00764358558781968	0.00029856701602784606	20
FNDC10	643988	-0.009555686343517252	-0.008218032064032927	74
FNTA	2339	-0.003117508491276477	-0.007258216533679952	44
FNTB	2342	-0.005079092798989092	-0.005976281736816301	57
FOLR3	2352	-0.00399842656459418	-0.0022938553963201365	293
FOSL1	8061	-0.009649803084367678	0.0012051359541437967	70
FOSL2	2355	-0.00786577699359273	-0.009119879176309766	47
FOXA3	3171	-0.0111038384194154	-0.007693389762928071	6
FOXC2	2303	-0.010100814461622596	-0.007781311145661419	74
FOXD4	2298	-0.005689076829515653	-0.0015572559430687978	143
FOXD4L1	200350	0.011886209426499521	0.025328509736691904	33
FOXD4L3	286380	0.004081102426686399	0.016614419207477474	54
FOXD4L4	349334	0.017621771201202206	0.02887439203021639	18
FOXD4L5	653427	0.01688416672625004	0.03407915792536982	18
FOXD4L6	653404	0.010715694802988424	0.023481492669010465	33
FOXE3	2301	-0.006331916317816764	-0.005303967239258444	236
FOXG1	2290	-0.0045916031781757785	-0.0013865554130548198	276
FOXK1	221937	-0.0052763513224075576	-0.004827087831365868	199
FOXL2	668	-0.016709003502337453	-0.01640316516525241	4
FOXM1	2305	-0.007505282518207845	-0.003370701986848649	51
FOXN1	8456	-0.008275767577486066	0.0019233471891093206	83
FOXN3	1112	-0.007704419693421175	-0.0048501563583867	218
FOXN4	121643	-0.01019701635502742	-0.007746007263808355	124
FOXRED1	55572	-0.006951405803789463	-0.005315554311856928	173
FPGS	2356	-0.001534506655971263	0.0030395644483118944	276
FRG1	2483	-0.009196841265386805	-0.006657778094240984	6
FRG2	448831	-0.001006327603790588	0.0068390222106131495	38
FRG2C	100288801	0.004671644798767831	0.021892318637676562	52
FSCN2	25794	-0.007705003642840893	-0.0034558231545189005	260
FTCD	10841	-0.0071849005030091015	-0.0028043667140385978	142
FTH1	2495	0.005301350036201313	0.016476920530872116	34
FTSJ3	117246	0.04267511556834751	-0.03203303243490631	23
FUBP1	8880	-0.004344830413919754	-0.002759967431929784	16
FURIN	5045	0.010024452425290854	-0.011511290641498941	19
FUS	2521	-0.004742415091464511	0.0019422754020521824	217
FUT11	170384	-0.011739789203451877	-0.010449912818086495	79
FUT2	2524	-0.01135180466253954	-0.008741046921219483	6
FUT4	2526	-0.0009227797014752517	0.0044747186952267416	9
FXN	2395	-0.006563165276493325	-0.005166313402420066	57
FZR1	51343	0.031104882739649852	0.005425519623336879	126
G6PC	2538	-0.007924164027356035	0.0023815104795547903	1
G6PD	2539	-0.007982413854826521	-0.008278175313157025	213
GAB1	2549	-0.00960528512246714	-0.006435943446390045	150
GAB2	9846	-0.004687030655812403	-0.0001569284270707379	229
GABPA	2551	-0.007673798573028159	-0.0004925805386832979	83
GABPB1	2553	-0.00902334762507631	-9.859169157027433e-05	83
GABPB2	126626	-0.005349556140973736	0.0011001250188077427	38
GADD45GIP1	90480	-0.01149806758315286	-0.005754287332947114	110
GAGE12J	729396	-0.0037672710825779583	0.0009199013259742811	194
GAGE2A	729447	-0.001865068373572168	0.008480025227082761	14
GAK	2580	-0.010788316503645628	0.006316022606696657	69
GALE	2582	-0.006913463918177303	-0.005818473890934748	16
GALK1	2584	-0.00901831103254485	-0.006250827388551267	173
GALP	85569	-0.012846344353714161	-0.01051247060370275	232
GANAB	23193	0.0017819046431884371	0.0038881315969829925	13
GAPDH	2597	-0.0016820859066184165	0.011092854542345173	91
GAR1	54433	0.014242905774276657	-0.010641275704525137	252
GARS1	2617	0.005865483454863741	-0.010215467879960702	35
GART	2618	0.005804849076345247	-0.0066459608780206035	64
GAS2L2	246176	-0.008433035143608497	-0.002026756181525345	36
GATA1	2623	-0.004184043518295103	0.0007449708809013111	194
GATA2	2624	-0.004335021751827726	-0.003664553745351323	197
GATA3	2625	-0.011699335555520054	-0.010492998388550693	159
GATAD1	57798	-0.006260835348656951	-0.007636251225578512	290
GATAD2A	54815	-0.006829109440614115	0.0018369668339526322	206
GATB	5188	-0.010986241442902025	-0.012842723492556052	103
GATC	283459	-0.008820999035783537	-0.004746370683863025	183
GATD1	347862	-0.009438866101107946	-0.009613569741706077	116
GBF1	8729	0.024902725458539707	-0.0025941389723408087	98
GCLC	2729	-0.006548661779561414	-0.004911534001168847	48
GCN1	10985	-0.00479099995089288	-0.0005276849828348092	169
GCOM1	145781	-0.010876798037178373	-0.0038502559578879646	89
GCSH	2653	-0.008310296290663882	-0.005586666285860447	88
GDE1	51573	-0.007803781619284861	-0.005493233035629873	37
GDF1	2657	-0.010892270849958434	0.0006275174249088506	30
GDF5OS	554250	-0.008201803707703823	-0.005358392564392875	216
GDI2	2665	-0.0001309162801323409	-0.0001117984793728711	197
GEMIN2	8487	-0.007599307325932345	-0.006241316143568065	292
GEMIN4	50628	-0.006264778648403114	0.00036987865806121454	2
GEMIN5	25929	-0.010472571786777381	-0.009318954806217375	200
GEMIN6	79833	-0.006409864513469284	-0.005254514504121032	285
GEMIN7	79760	-0.005809941122602143	-0.0008308918489901201	147
GEMIN8	54960	-0.002889301972401172	0.0037822586799004564	129
GET1	7485	-0.010302866320178586	-0.0064875726846037995	150
GET3	439	-0.0067762907895190854	-0.006344533447249824	44
GET4	51608	0.005069564763916623	-0.007923573061073169	64
GFER	2671	-0.007905708993080865	-0.0032874148079517717	142
GFI1	2672	-0.00684505836358937	-0.004162368239367705	114
GFM1	85476	-0.007522926024645681	-0.002882628149248816	186
GFM2	84340	-0.009862346948501252	-0.0056508260894959274	249
GFPT1	2673	-0.005566013229919093	-0.001588273667884842	31
GGA3	23163	-0.008308101807891185	-0.0036624552235970153	43
GGCX	2677	-0.0015875461698405973	0.004530858204365489	31
GGN	199720	-0.009574569517855003	-0.007094608798728735	6
GGNBP2	79893	-0.013401306801666051	-0.003331579162584761	50
GGPS1	9453	-0.0060428467464902925	-0.01071040060510025	187
GGT1	2678	-0.006409741326713873	0.0014378032467964306	92
GGT6	124975	-0.00893024540953877	-0.0011492078867299529	2
GGTLC2	91227	0.000935380368965603	0.013517268267288416	54
GIGYF1	64599	-0.005809019966024688	-0.00015798276421961576	224
GIGYF2	26058	0.0003099441537726161	-0.0008891921641962054	255
GINS1	9837	-0.0019864453308492875	0.004058742353455908	129
GINS2	51659	-0.0017021275589716612	0.0068461524028663985	129
GINS3	64785	-0.002970813749812914	0.004645930140155115	129
GINS4	84296	-0.006153311334277021	-0.0022052263980978956	86
GJA3	2700	-0.007502278570957869	-0.00395941107888141	60
GJD4	219770	0.0022433165038400517	-0.00022904982637546388	190
GLE1	2733	-0.010834425210741152	0.004679725206331155	141
GLI1	2735	-0.004817771340300586	-0.0010616666597724478	169
GLI4	2738	-0.007308996014006728	0.0007021125829403408	80
GLIPR1L1	256710	-0.009258533788426658	-0.007813464673961764	189
GLMN	11146	-0.007447231897921869	-0.004351298360959251	114
GLP2R	9340	-0.011297674319043695	-0.008917970831737104	294
GLRX3	10539	-0.009048522171438313	-0.007119266533039047	209
GLRX5	51218	-0.010081377201383442	-0.0077930630863452584	251
GLS	2744	-0.005395510735750339	-0.006524718769988658	154
GMEB1	10691	-0.00960526987981764	-0.0038315722949442033	121
GMIP	51291	-0.011312472185910406	-0.0028620715204125593	29
GMNN	51053	-0.0045542403191775995	0.001870074141652769	147
GMPPB	29925	-0.00991439999149848	-0.004319913119112698	208
GMPS	8833	-0.003604463862842209	-0.006078738207540875	40
GNA11	2767	-0.008067250190171727	-0.0027799068001045897	127
GNAQ	2776	-0.004746579547233751	-0.0011298287866826472	188
GNAZ	2781	-0.006073267387520756	-0.0034325153530442892	198
GNB1	2782	-0.007723772020335617	-0.007105005911860154	57
GNB1L	54584	-0.006734661568685234	-0.007957767277354658	47
GNB2	2783	-0.0036459000834936457	-0.0001579854650534136	45
GNB3	2784	-0.0056693564902673115	0.0025084317854373885	65
GNG13	51764	-0.006820502428234968	-0.0017264217491853814	60
GNG3	2785	0.0013570788114948102	0.003853772235607062	13
GNG5	2787	-0.0036022535656295047	-0.0017238015518426435	304
GNL2	29889	0.0653832513566721	-0.04003175779140798	233
GNL3	26354	0.05159736144074929	-0.03578753677844551	23
GNL3L	54552	0.06612899950793759	-0.04101049974269118	233
GNPAT	8443	-0.005774546587998003	-0.0034507873462664993	82
GNPNAT1	64841	-0.002829020488527045	0.0014563050591391185	240
GOLGA2	2801	0.0041922777158770715	0.011816898089603001	90
GOLGA6A	342096	-0.007497841928677421	0.007616275518027361	81
GOLGA6B	55889	-0.008870432312661386	0.00333862620447406	81
GOLGA6C	653641	-0.007676545570532925	0.00854593715394713	81
GOLGA6D	653643	-0.006040337883429864	0.012630604413886665	81
GOLGA6L1	283767	-0.007495547389883851	0.011457473983753673	81
GOLGA6L10	647042	-0.0060406840578563215	0.011625222807088496	81
GOLGA6L6	727832	-0.007274267722887272	0.012613741888921583	81
GOLGA6L9	440295	-0.008536480772659862	0.0003189674519605251	11
GOLGA8A	23015	-0.009355951597900524	0.004271890841201509	70
GOLGA8B	440270	-0.007308279173192527	-0.0037450607217684954	133
GOLGA8K	653125	-0.006825875590834686	0.013016921973880932	81
GOLGA8M	653720	-0.008162598815437265	0.0075349546307587455	81
GOLGA8N	643699	-0.007298028886774239	0.012146641593067987	81
GOLGA8O	728047	-0.008295725124194487	0.007320131708914027	81
GOLGA8R	101059918	-0.0071198987596357245	0.01095851257087402	81
GON4L	54856	-0.004780751765670678	0.0032437156581371592	65
GOSR2	9570	0.015579693540315331	-0.00018265910584862045	264
GOT2	2806	-0.007401576555525658	-0.0022276759893329976	78
GPAT2	150763	-0.002925111648003001	0.003809199213475727	196
GPATCH1	55094	-0.012696036293334195	-0.003040723355495658	50
GPATCH3	63906	-0.007169024634408609	-0.006047897388718068	16
GPATCH4	54865	0.002172643358534705	-0.004481736726840884	10
GPATCH8	23131	-0.001385011843887978	0.00853400278223552	171
GPC2	221914	-0.009053720714377453	-0.004130498387204022	87
GPI	2821	-0.008736921476860858	-0.006587541305803171	46
GPKOW	27238	-0.005766989230256225	-0.005609976443507048	213
GPN1	11321	-0.012197181231685814	0.012692499541510832	39
GPN2	54707	-0.011129255434972262	0.011069335839658079	39
GPN3	51184	-0.00872705085533098	-0.006953625280412089	292
GPR132	29933	-0.006105990921428113	-0.00010345269440471581	125
GPR137	56834	0.00015921282615805646	0.004460398279942416	26
GPR137C	283554	-0.007048412874438173	-0.005973572177445753	208
GPR179	440435	-0.009313007718106977	-0.003903597347892065	148
GPR45	11250	-0.0014696089144933884	0.0030998079242859126	193
GPR61	83873	0.005093400105047158	0.018241882764095756	33
GPR89A	653519	-0.0021270408736869424	-0.00399761200246942	118
GPRIN2	9721	-0.004047213570385339	0.003692314382112597	63
GPS1	2873	0.023047374960316665	0.010213037007028431	278
GPSM3	63940	-0.008477160718083694	-0.006865011249681204	47
GPX2	2877	-0.006981640605189377	-0.0042706148933212805	203
GPX4	2879	-0.009575146178809361	-0.0012471187958153194	167
GPX8	493869	-0.010856580959567558	-0.012156772483541528	103
GRAMD4	23151	-0.007406883938470964	-0.00351002292304235	51
GRASP	160622	-0.002650139397540168	0.005118408871637836	91
GRB2	2885	-0.015767154075577237	-0.0009278780163770725	15
GRHL2	79977	-0.009051632293475711	-0.0020747201745889574	106
GRID2IP	392862	-0.0042927374260605024	0.0015298260314232797	129
GRK2	156	0.0014023709491499893	0.0037155788630159957	26
GRPEL1	80273	0.046553547368577454	0.0009955827663321786	71
GRSF1	2926	-0.010690231104803927	-0.00986074295149869	116
GRWD1	83743	-0.008384510912200157	-0.008348480345431352	201
GSDMA	284110	-0.007818409753187452	-0.0002069479783285442	36
GSDMC	56169	-0.010201785550720406	-0.006010808642437199	37
GSE1	23199	-0.006553290948397245	0.00033642111761128887	164
GSPT1	2935	0.0020835157702347768	-0.005573666222894979	151
GSS	2937	-0.009373291173266022	-0.00833596398278322	111
GSTM2	2946	-0.0013989685849575368	0.006054564023829217	3
GSTM3	2947	-0.006588148549883473	-0.0034987039507201503	168
GSTM4	2948	-0.00531221577425667	-0.0031323235347575254	16
GTF2A1	2957	-0.016046342687984657	0.005690904753550681	122
GTF2A2	2958	-0.017406981044703774	0.006923640064113809	122
GTF2B	2959	-0.014929289661558022	0.02951934661950967	39
GTF2E1	2960	-0.012992248458299256	-0.0037007505206195683	42
GTF2E2	2961	-0.013562570361557688	-0.0028956705522493313	42
GTF2F1	2962	-0.010509413598350822	-0.0038348519123552116	226
GTF2F2	2963	-0.011014921190710009	-0.008509396057057975	108
GTF2H1	2965	-0.013912213500792931	-0.0023702504342764203	42
GTF2H2	2966	-0.010342133685622226	-0.006619012450415433	43
GTF2H2C	728340	-0.010872770707162398	-0.007258787781960722	43
GTF2H3	2967	-0.006840152162999239	-0.004196029801570659	214
GTF2H4	2968	-0.0037886627623372267	-0.008818833600321922	105
GTF2I	2969	-0.0021063188959568446	0.007393631134575161	109
GTF2IRD2	84163	-0.005303904579148549	-0.0007302883375606681	224
GTF3A	2971	-0.009047836728853169	-0.01063661915798865	200
GTF3C1	2975	-0.004596777943825903	-0.0058611280444254964	53
GTF3C2	2976	-0.003647234811940883	-0.009785109651469013	105
GTF3C3	9330	0.00434303519422796	-0.009618963720463279	262
GTF3C4	9329	-0.005679090864873162	-0.0032290127793113436	27
GTF3C5	9328	-0.0053374956274736835	1.9045364992179416e-05	51
GTF3C6	112495	-0.005291198194355037	-0.007168210029297924	40
GTPBP10	85865	-0.010957300459209543	-0.010761007426742759	187
GTPBP4	23560	0.06684210381751039	-0.04122379118163751	233
GTPBP8	29083	-0.009441183062786077	-0.007508963396649208	153
GTSE1	51512	-0.008959182137701412	-0.0001518123663346457	20
GUCA2A	2980	-0.008113177618956987	-0.00718452173745222	24
GUK1	2987	0.0024100986890170165	-0.009794845514890169	19
GZMH	2999	-0.004207657040074354	-0.002793769991074453	40
H1-2	3006	-0.007593032285804508	-0.0028922686664629785	298
H1-3	3007	-0.009214105788361744	-0.004690957085640989	134
H1-4	3008	-0.00679439989809957	-0.0020388637027989624	298
H2AB1	474382	-0.005226302888389875	-0.0006472191239897117	163
H2AB2	474381	-0.009962166295018266	-0.008317094124718209	95
H2AB3	83740	-0.009171688153721028	-0.0077326241634257924	55
H2AC11	8969	-0.0073533268016982055	-0.0002858921724440268	164
H2AC13	8329	0.011565978318538606	0.03181777366201236	34
H2AC14	8331	0.0017562692030648685	0.018648177903941177	14
H2AC15	8330	-0.00964776445010176	-0.00931484899501124	189
H2AC16	8332	-0.0061931908884658845	-0.00020096633438415897	112
H2AC17	8336	-0.00571693054130185	-0.0033040800516658483	82
H2AC19&H2AC18	8337&723790	0.009859904819383467	0.03129118153799645	34
H2AC20	8338	-0.002553171261660515	0.006035371733713014	279
H2AC21	317772	-0.007347072222495086	-0.004664872286899316	114
H2AC4	8335	-0.006801950007325604	-0.003591884900928431	180
H2AC7	3013	-0.009899291353885713	-0.004833704361747187	172
H2AC8	3012	-0.011352227009330007	-0.01041504780391358	152
H2AJ	55766	-0.009737580643724673	-0.006063863445788265	66
H2AX	3014	-0.013746329779374197	-0.006177067504216022	42
H2AZ1	3015	0.0032795936458668265	0.0018640881697254863	149
H2BC10	8346	-0.0066542860002380124	-0.0057682379045573716	48
H2BC11	8970	-0.00882169789019634	-0.007268598882573812	199
H2BC12	85236	-0.0028160320314070788	0.013267172687810035	75
H2BC13	8340	-0.0037990822511346388	0.00436738868866606	156
H2BC14	8342	-0.006252638796712151	-0.002543998060122521	239
H2BC15	8341	-0.011841233943685048	-0.0045600290351593565	42
H2BC17	8348	-0.009800641509316442	-0.008214754477426898	116
H2BC18	440689	0.00021240286060378267	0.013044517518832958	14
H2BC21	8349	-0.0053629390988684175	-0.0010230330707173133	10
H2BC3	3018	-0.007861726471524163	-0.00421994675524766	214
H2BC4	8347	-0.007085408560102858	0.0020405625042556664	164
H2BC5	3017	-0.006899285383266152	0.001818320691901288	164
H2BC6	8344	-0.007618556162311425	0.002049244647476178	164
H2BC7	8343	-0.004405044547537236	0.004237793468096016	279
H2BC9	8345	-0.007045882995482538	-0.0073331033605113245	182
H2BU1	128312	-0.009472121280879505	-0.007472114093772122	272
H3-3A	3020	0.019847785381156696	0.035740328602802234	18
H3-3B	3021	-0.0072512941011839615	-0.006744101009690008	182
H3-5	440093	-0.005359697819054719	0.007793027220280498	265
H3C1	8350	-0.005663866625971909	-0.002546182378615206	48
H3C11	8354	-0.004525911771113113	0.002358651597108012	198
H3C13	653604	0.019588269682664677	0.03570410483553026	18
H3C14&H3C15	126961&333932	0.0075528800949789575	0.027173986040199778	34
H3C2	8358	-0.01210378475311832	-0.009446800660020897	79
H3C3	8352	-0.0072155922050649406	-0.0027747619984713535	298
H3C4	8351	-0.008794850042529905	-0.0064106495828228326	173
H3C8	8355	-0.0067747087045914095	-0.0029607095717836948	239
H4C11&H4C12	8362&8363	-0.002368463847099709	0.003976791073795573	67
H4C13	8368	-0.006187886265576566	0.00018900168161389616	112
H4C15&H4C14	8370&554313	-0.005167352156089738	0.0024117483154726393	86
H4C2	8366	-0.0077289191030604	-0.005082880690255273	180
HAAO	23498	-0.0060828767673517725	-0.0032073122664399672	160
HAMP	57817	-0.010713246074323205	-0.008123134164487825	6
HAO2	51179	0.0019718113499015712	0.013112370122475212	3
HAP1	9001	-0.0067628532159934255	0.0003424444193413992	36
HAPLN2	60484	0.0014495249238694555	0.015822690549103218	14
HAPLN4	404037	-0.01176212833131059	-0.00035136428679205696	30
HARS1	3035	0.009941286960497736	-0.009582610865188131	98
HARS2	23438	-0.008696289622356378	-0.004390570408981799	183
HASPIN	83903	-0.007742365926669438	-0.004585873863340449	183
HAUS1	115106	-0.009546584991012757	0.0025739644851174906	20
HAUS2	55142	-0.008968186335042521	0.005446769993642561	70
HAUS3	79441	-0.006305841920148508	0.009214638982425114	25
HAUS4	54930	-0.00677623021803301	0.008786510570468965	25
HAUS5	23354	-0.006818387035000998	0.006909103492304172	25
HAUS6	54801	-0.006327123321828061	0.009512515349147299	25
HAUS7	55559	-0.008225327313349969	0.0039003509842199637	20
HAUS8	93323	-0.006827374244984805	0.0080323106247339	25
HAX1	10456	-0.0017253386566033113	-0.0002137841208329629	10
HBS1L	10767	0.0024561760294924653	-0.007726039781989047	100
HCCS	3052	-0.010688171329272867	-0.00795263680090259	152
HCFC1	3054	-0.0041743673480072975	-0.0004062635883576032	158
HCFC1R1	54985	-0.007750555458040199	-0.0030495386856943065	120
HCLS1	3059	-0.007028927792879351	-0.0021928491050470455	221
HCN2	610	-0.009982222825975962	0.0014168345315867588	106
HCRTR1	3061	-0.005841570048602056	-0.005736496107231149	16
HDAC3	8841	0.005090835857855541	0.003946734655266977	266
HDAC4	9759	-0.008796840623206095	-0.0052758239220341875	271
HDAC7	51564	-0.006795267726587841	0.003160195857797558	80
HDAC8	55869	-0.01077592611387985	-0.011506008800265196	56
HDGFL2	84717	-0.01075086641523508	0.000683916102123342	106
HDLBP	3069	-0.00957653347075814	-0.007199519356936233	202
HEATR1	55127	0.04983159535673158	-0.03009674894956759	291
HEATR3	55027	-0.005967845192065147	-0.0013903098830184734	82
HEATR5B	54497	-0.007296120494927552	-0.01040162195850239	105
HEATR6	63897	0.0040755089648708874	-0.010760860595510987	19
HECTD1	25831	0.012936400713496802	-0.0033893856156874216	35
HELQ	113510	-0.006855519147681463	-0.007159392786881188	223
HERC2	8924	-0.010897546672790371	-6.89663707034033e-05	89
HES6	55502	-0.010235912085700597	-0.008970366530985199	152
HES7	84667	-0.009353336669938756	-0.0030361760045821006	2
HEXIM1	10614	-0.011031509620247263	0.0019839743596917585	179
HGS	9146	0.002447854229389518	0.004548978346184058	237
HIC2	23119	-0.009399038448106028	-0.005450825446157832	41
HIF1AN	55662	-0.009727720919762772	-0.004077676602354762	148
HIGD1A	25994	-0.000792949347876123	0.01085964483280452	91
HIGD2A	192286	-0.006288060023371633	-0.0016772334786242101	63
HINFP	25988	-0.004721848037918653	0.01391329806313081	39
HIP1	3092	0.0019000135568383615	0.0014856910422333504	190
HIP1R	9026	-0.004771491297299357	-0.0010899165735349001	27
HIPK1	204851	-0.0012032008417577236	0.004623235183901807	3
HIRA	7290	0.0037513544449089345	0.0034469743454569267	96
HIVEP3	59269	-0.0063008697103232566	-0.006940562869832114	16
HJURP	55355	-0.007821712240155487	-0.004374523636103632	220
HJV	148738	0.005220363738134937	0.021843667324734355	14
HK2	3099	0.017639588790158128	-0.007904555902142058	252
HLA-A	3105	-0.010791585027980402	-0.009457135675691815	103
HLA-C	3107	-0.009605378527806888	-0.006956872143537531	130
HMBS	3145	-0.010850077442783723	-0.010477699966275126	56
HMCES	56941	-0.00691058296964053	0.0018340814548221342	0
HMGA1	3159	0.018045327650556175	0.03650127108072201	18
HMGB1	3146	0.017878576980483264	0.03583296313222933	18
HMGB3	3149	-0.004982980545500059	-6.649374404126527e-05	276
HMGCR	3156	0.03002113977733303	0.005774133716548342	264
HMGCS1	3157	0.027916444808930692	0.005270293087057452	264
HMGN2	3151	-0.0067749608936234435	-0.0017859324145161487	161
HNF1B	6928	-0.0067325574292918565	0.006591596070042398	1
HNRNPA0	10949	-0.008789406325474036	-0.006878091367485255	121
HNRNPA1	3178	0.0023750363544708035	0.007412842655989148	132
HNRNPA1L2	144983	-0.005076411641070901	0.003887642567043529	92
HNRNPA2B1	3181	-0.009982292513104207	-0.004784841650034148	108
HNRNPA3	220988	0.007591643894769855	0.021209483816617525	33
HNRNPC	3183	0.015699141048532986	0.02601754056773736	266
HNRNPCL1	343069	-0.009880379492143964	-0.007809136642471093	111
HNRNPCL4	101060301	-0.0038019571177508606	0.004310179228481032	279
HNRNPD	3184	-0.008970909362543899	-0.010711709283130007	247
HNRNPDL	9987	-0.0010721109459276394	-0.006645320069714081	257
HNRNPF	3185	-0.005548702758637727	-0.005028758428768502	286
HNRNPH1	3187	-0.016080315090473387	0.0006149765075499551	15
HNRNPH2	3188	-0.007934038761491175	-0.010561124639679304	77
HNRNPH3	3189	-0.005834595791383671	0.00032621585899655984	63
HNRNPK	3190	0.003948047286331505	0.011355791010500882	254
HNRNPL	3191	-0.00938860982867619	0.0031254591374655235	49
HNRNPM	4670	-0.01081353063190286	-0.00329642548483304	83
HNRNPR	10236	-0.0032161171923655424	0.0005699865033342831	135
HNRNPU	3192	0.0026705704602621376	-0.007291022157419795	35
HNRNPUL2	221092	-0.0016909962004189878	0.0015951960326479643	26
HOMER3	9454	-0.012260513714221105	0.00030189976152649475	30
HOXC10	3226	-0.007759111220875056	0.0007985982734357727	80
HOXC4	3221	-0.003482647386259467	0.009462719321741081	0
HOXC6	3223	-0.0036351659967272737	0.008040795720014798	0
HOXD11	3237	-0.008414041117768126	-0.00726438814279691	203
HOXD13	3239	-0.003610594347626776	-0.0019528594401474648	188
HPN	3249	-0.011510818094621155	-0.009912274375997577	115
HRAS	3265	-0.00981473057648145	-0.007686944331485175	182
HRC	3270	-0.008188853333436859	-0.006865464346878147	57
HRCT1	646962	-0.010161737817035187	-0.007809501763471189	170
HROB	78995	-0.0065796418693642635	0.0027266182833564578	215
HS6ST1	9394	0.000629760487341446	0.011175092413153384	275
HSBP1	3281	0.002964683499656359	0.0036674196349345866	158
HSCB	150274	-0.008387082317057759	-0.005287371289783337	242
HSD11B1L	374875	-0.012222265616924046	-0.0037927278565587433	146
HSD11B2	3291	-0.007081277446208007	-0.004772486561639824	168
HSD17B10	3028	-0.007082451933471032	-0.0072187575845180305	213
HSD17B12	51144	-0.008286075002326313	-0.005512325848301431	257
HSD17B4	3295	-0.008671058583358992	-0.007947347643382806	130
HSD3B1	3283	0.001246938310397546	0.011490666148263884	3
HSF1	3297	-0.003617300353098266	0.010050086209779527	65
HSP90AB1	3326	-0.01041729905842416	-0.0031160853048680065	269
HSP90B1	7184	-0.007353590746186744	-0.005100605766004698	37
HSPA13	6782	-0.00952031752450671	-0.007109130312509126	209
HSPA14	51182	-0.000518532877207707	0.00011232834630699247	158
HSPA1A	3303	-0.006444213273027727	-0.006635649700793564	94
HSPA4	3308	-0.00794781536604692	0.0004180244126191168	132
HSPA5	3309	0.07313743120861876	0.015194493985083891	21
HSPA8	3312	0.0029769680838507566	-0.006984894027203021	262
HSPA9	3313	0.05246276852272938	0.002594753424303777	71
HSPB8	26353	-0.010942527862398322	-0.009420119256061624	124
HSPB9	94086	-0.006826171491081517	0.008289577569600675	1
HSPD1	3329	0.004912511882679969	0.018101457988226773	254
HSPE1	3336	0.006836874976343434	0.019291992120021036	33
HTATSF1	27336	-0.009821232597155245	-0.007823153693166376	270
HTR7	3363	-0.008390870659727382	-0.006702934548878278	46
HTRA2	27429	-0.009176096441429226	-0.005560583991367067	220
HTT	3064	-0.0015628073588435953	-0.009206999922736346	35
HUS1	3364	0.00035991367794312846	0.005925847073813041	9
HUWE1	10075	0.010249380589220574	-0.008193642736817676	151
HYOU1	10525	-0.010642890811094432	-0.009268560242074418	56
HYPK	25764	-0.013173276619185579	-0.003349479738484033	42
IARS1	3376	0.013570986178625183	-0.005831682462506153	98
IARS2	55699	-0.007191279945146959	-0.004536124739521265	87
IBA57	200205	-0.011262888498757982	-0.009321879311313994	79
ICAM3	3385	-0.0077624176716104675	-0.004470474933754391	59
ICAM5	7087	-0.011181577296644108	-0.0037928627876695894	66
ICE1	23379	-0.007606428108955948	0.0015305173998557652	300
ICE2	79664	-0.008986451210051764	-0.0014816342815273705	11
ICMT	23463	-0.007225111314460619	-0.004019920266921137	142
IDH3A	3419	-0.008338520185362283	-0.004017374796764985	172
IDI1	3422	-0.00863512736609267	-0.010112387068153404	187
IER2	9592	-0.010797431618498162	-0.009245870771391449	131
IER3	8870	-0.004742200318687451	0.0037442922038898037	1
IER3IP1	51124	-0.01264837349787619	-0.012626420291560237	131
IER5L	389792	-0.007514739525815066	-0.005263923403101769	272
IFITM2	10581	-0.011202364933183322	-0.009607480011248212	159
IFITM3	10410	-0.007643399205605208	-0.00034173708556101205	120
IFNLR1	163702	-0.007687169655356262	-0.004735129676809369	73
IFT140	9742	-0.006303237924786582	-0.0009636179285250552	127
IFT57	55081	-0.006220347074968815	0.002857522034572679	0
IGBP1	3476	-0.0020348827534168736	0.0017955928743485625	135
IGF1R	3480	0.00929094952469838	-0.012045469107477114	19
IGF2BP2	10644	-0.008211830396307287	-0.006268339045019236	302
IGF2BP3	10643	-0.001976147995552814	0.001117902597322688	129
IGFBP6	3489	-0.004634453409723085	0.007606331466124185	0
IGFN1	91156	-0.007055362147992114	-0.00456725401193521	114
IGSF3	3321	0.0018919076806064442	0.013015940315577519	3
IK	3550	-0.007375459313484393	0.02538623145860261	61
IKBKB	3551	-0.009187956797242486	-0.0017989068340556137	106
IKZF1	10320	-0.0025837476394737456	0.003519774204984895	9
IL12RB2	3595	-0.006096579218114321	-0.0005086815875958477	161
ILF2	3608	0.0037157049522426808	0.012019269242347582	171
ILF3	3609	-0.009756439462463478	0.00015386471276436476	83
ILK	3611	0.040955545261165904	0.019430188336687967	144
IMMT	10989	-0.0040263187980075	-0.004039988316627561	133
IMP3	55272	0.12195676643152459	-0.024824239056521133	288
IMP4	92856	0.07469638819337318	-0.006391032387585428	184
IMPA2	3613	-0.011246845347693775	-0.00966427370080498	93
IMPDH1	3614	-0.00480786379358759	-0.00014725943311119026	224
IMPDH2	3615	-0.0012092521198237324	-0.00926017318609582	44
INAVA	55765	-0.006397765570497926	0.001296155750086391	112
INCENP	3619	-0.002512844535139759	0.013776568164499427	81
ING3	54556	0.011255560917713802	0.006405818419742177	190
INHBE	83729	-0.005722030439762611	-0.0022269446774457508	73
INO80	54617	0.019647973948164206	-0.010115485981555743	252
INO80B	83444	0.002803133361240046	0.004531075830042263	54
INO80C	125476	-0.01230520411371512	-0.01476956262166665	56
INO80D	54891	0.001075369717080518	0.002503644202883785	45
INO80E	283899	-0.002341690777244336	0.0014989639274306367	113
INPP5K	51763	-0.007457661617146977	-0.0006099265945626907	2
INPPL1	3636	0.0029430007301231476	0.004029528293165654	158
INS	3630	-0.009156144523309602	-0.0063540910017526415	145
INS-IGF2	723961	-0.009484701240784302	-0.007179186249532905	145
INSIG1	3638	-0.011637889153837419	-0.0018538619572121963	132
INTS1	26173	-0.014323850296462113	0.0022595210205406916	297
INTS10	55174	-0.007220684118368252	-0.008757432615879966	182
INTS11	54973	0.004252114895248608	-0.01050605880793032	35
INTS12	57117	-0.009390580601558311	-0.006193563700201844	24
INTS13	55726	-0.006005425200906534	-0.0014277426139939636	219
INTS14	81556	-0.011788874390425351	-0.006063244669363884	58
INTS2	57508	-0.015016694539330246	0.0027065966515596738	297
INTS3	65123	-0.00477084812627773	-0.0022479671454538413	297
INTS4	92105	0.008080795250996671	-0.011305329009741903	35
INTS5	80789	-0.01491538842502682	0.002704569538512613	297
INTS6	26512	-0.013865465542630307	0.005122466796901459	297
INTS7	25896	-0.014121471043648151	0.002210315985910207	297
INTS8	55656	-0.013761671064170516	0.00203127830982437	297
INTS9	55756	-9.93373974544499e-05	-0.008646080791280646	35
IPMK	253430	-0.008572162456181377	-0.006103343000929131	140
IPO11	51194	-0.01115068712284305	-0.006324902386674222	6
IPO13	9670	-0.005629070372396542	-0.003200699629382674	214
IPO4	79711	-0.00930368817891105	-0.007683727006506413	154
IPO5	3843	-0.00947846470518675	-0.007390322080973628	272
IPO7	10527	-0.010076214195050967	-0.003677042815099534	210
IPO9	55705	-0.0006828748220126151	-0.00660984593336438	280
IPPK	64768	-0.007523750752054418	-0.004756726142811586	140
IQCC	55721	-0.0018941774870468782	-0.007582611240358733	16
IQCE	23288	-0.011275589721983541	-0.007897298522798203	294
IQCF1	132141	-0.007690141450377235	-0.003715407587454645	142
IQCN	80726	-0.010118019359773679	0.0026818786490997353	30
IREB2	3658	-0.01313331946941668	-0.0031531772439416543	50
IRF2BP1	26145	-0.0012968509265079192	0.004673095148788401	9
IRF2BP2	359948	-0.005619541608883319	-0.0016621765880872955	99
IRF8	3394	-0.007484295593899774	-0.006306852817991948	57
IRS2	8660	0.009764176259280617	-0.012029808745022508	19
IRX3	79191	-0.010151807287042765	-0.007907882210916399	159
IRX6	79190	-0.0071210486069887375	-0.0032621799390406482	82
ISCA1	81689	0.002008687271012033	0.017349065131001137	34
ISCA2	122961	-0.007586488217259802	-0.004605868246429255	218
ISCU	23479	0.011689682296957849	0.03399269336298224	34
ISG20L2	81875	0.017647028329570952	-0.01807621809619497	68
ISY1	57461	0.006875582285464709	0.036057556226514076	17
ISY1-RAB43	100534599	0.006039432639663389	0.0344114266984474	17
ISYNA1	51477	-0.012818532654514637	-1.5057622230438874e-05	30
ITGA3	3675	-0.006711406799972411	-0.004772921792338296	44
ITGA4	3676	-0.007697286674384038	-0.0069646819051926556	56
ITGA9	3680	-0.009048082171699424	-0.006879918292036304	74
ITGAV	3685	0.043198318902357695	0.0210035302316945	144
ITGAX	3687	-0.006146134720750708	-0.004812089686506808	53
ITGB1	3688	0.039619709839566045	0.019724036038938107	144
ITGB5	3693	0.03744907538652079	0.018084817467753332	144
ITIH4	3700	-0.007968177429387189	-0.004785901225387742	41
ITPK1	3705	-0.0075421223717630275	-0.005984926915484348	140
IVL	3713	-0.01366510502291641	-0.012661140395869562	93
IWS1	55677	-0.006189302806540051	-0.0038975616711505083	137
JAZF1	221895	-0.0061506713825918565	-0.0032646755527518173	114
JHY	79864	-0.009797030858884148	-0.00941095641855375	56
JMJD1C	221037	-0.009349915370340706	-0.004982673926543854	269
JMJD6	23210	-0.006489564175538164	-0.006532674901876147	50
JMY	133746	-0.007010623659726755	-0.004398067609641656	137
JOSD1	9929	-0.012069127282459265	-0.00891134724176154	97
JPH4	84502	-0.0030466852229541624	0.0005261484941165546	156
JTB	10899	-0.0037639313412972217	-0.0008176873401701144	10
JUN	3725	-0.008170713225212938	-0.007065132759661117	94
JUNB	3726	-0.01803486204869699	0.0018861527721357866	15
JUND	3727	-0.012837896129056708	-0.004427571917399713	50
KANSL1	284058	0.023848763985265965	0.01730031153707816	84
KANSL2	54934	0.02566070587533658	0.015875957376922746	84
KANSL3	55683	0.024717145072724413	0.016541150659206375	84
KARS1	3735	0.015404697185336654	-0.006969353677683668	98
KAT14	57325	-0.011894036772516613	-0.008902624707220958	200
KAT2A	2648	-0.01115395141189609	-0.00034396347160241063	22
KAT5	10524	0.003579429667835633	0.005313988690233672	136
KAT6A	7994	-0.013865739984597865	-0.002593918257921145	42
KAT6B	23522	-0.0023182392957159254	-0.001688171748317498	188
KAT7	11143	0.0005289472287548436	0.004841149218038617	13
KAT8	84148	0.01974927981532701	0.018022494609028578	84
KATNB1	10300	0.002580613119256193	0.012731954793427253	235
KBTBD11	9920	-0.007961997262581936	-0.003949700976136855	217
KBTBD2	25948	-0.002948500747320069	-0.003110691933787571	234
KCMF1	56888	0.01076189236477567	-0.0050321675503040555	35
KCNA10	3744	0.00226839068186692	0.013032031805289774	3
KCNC1	3746	-0.004144043405081241	-0.0010618906938418046	26
KCNC4	3749	0.0028702952466735376	0.013733975281009097	3
KCND3	3752	0.0018394174953467336	0.012799270623308214	3
KCNG1	3755	-0.007848432737848505	-0.007804342261919263	117
KCNG4	93107	-0.009724630025784503	-0.006179166801625301	152
KCNJ12	3768	-0.009634397588993024	-0.0015056372893916487	2
KCNJ15	3772	-0.011288056134432227	-0.005708010752877805	43
KCNJ4	3761	-0.008537361032272872	-0.0057689621810309835	41
KCNK4	50801	0.002930994693269662	0.007529243717813118	8
KCNQ4	9132	-0.006035719483964062	-0.003689015982565029	27
KCNQ5	56479	-0.00493745056597585	-0.006357792153565677	280
KCTD10	83892	0.03560960803531015	0.02494790268842746	76
KCTD12	115207	-0.008947042653980409	-0.006003685267764677	142
KCTD2	23510	-0.007472329161947037	-0.0025788478387452672	78
KCTD21	283219	-0.002302444077810432	-0.000812357383100246	133
KDF1	126695	-0.003000243185861745	0.0022967164983783007	295
KDM1A	23028	-0.009677330328805205	-0.00409552215257003	22
KDM2A	22992	-0.0016147227708981579	0.0024736508916621694	241
KDM2B	84678	-0.00959378706985967	-0.002710779436331571	121
KDM3B	51780	8.471821672836926e-05	-0.009293760680747169	213
KDM4A	9682	0.013672973071854892	-0.00045083549592822347	190
KDM5C	8242	-0.0012370218306279861	0.0048967453652207695	138
KDM8	79831	-0.00816470596014816	-0.003181386048817259	177
KDSR	2531	-0.011159781470815104	-0.009690259559550616	124
KEAP1	9817	-0.012744117080828244	0.002893986382200823	83
KHDC4	22889	-0.0007940398553133703	-0.0015413187245101481	219
KHDRBS1	10657	-0.005492144364836988	-0.0012978488381445456	164
KHSRP	8570	-0.008070622591767822	-0.003533504282035162	59
KIAA0100	9703	-0.008345201610555533	0.00249916959221795	20
KIAA1143	57456	-0.008578306045592128	-0.005266756754271778	173
KIAA1211L	343990	-0.0019053172588895174	0.002015113004375552	136
KIAA1614	57710	-0.006195694089524855	-0.0031216027012648346	219
KIAA1671	85379	-0.011732937063384784	-0.004478687871440768	42
KIAA2013	90231	-0.006647704119792005	-0.006926362813235955	37
KIF11	3832	-0.002520537377785732	0.0018322745982877614	147
KIF13B	23303	-0.009571640980553348	-0.0064160285417381715	152
KIF14	9928	-0.005939132552431437	0.005144353945881098	102
KIF15	56992	-0.007858938624084546	-0.003686659793891738	177
KIF18A	81930	-0.0030802075412141765	0.010349171685497066	25
KIF18B	146909	-0.005159160554249726	-0.00022773497757197465	142
KIF20A	10112	-0.003001976089491588	0.012492926334793774	102
KIF20B	9585	-0.00928748083944208	-0.009476162958169432	77
KIF22	3835	-0.0035268509723570874	-0.004670105782026102	192
KIF23	9493	0.000271453025853703	0.019022067811551562	102
KIF27	55582	-0.01132751294694356	-0.009224159663652538	55
KIF2C	11004	-0.004759612042633567	-0.002726939629080018	27
KIF3C	3797	-0.006167930244567798	-0.0008328104197013843	82
KIF4A	24137	-0.009935200227850886	-0.008416902016349044	121
KIF6	221458	-0.004579163299643892	-0.002970987499009522	219
KIFBP	26128	-0.004618853318341122	-0.004928762677380507	101
KIFC1	3833	-0.005467440595344663	-0.0049839270818944565	48
KIFC2	90990	-0.006489488351007139	0.0012696065216108087	164
KIN	22944	-0.0074989377685021445	0.0007311220124710022	176
KLC2	64837	0.0013869653639289356	0.003926747851787022	241
KLC3	147700	-0.010104817109455958	-0.005468116367911837	155
KLF1	10661	-0.009582715651111432	-0.0007687005261124566	207
KLF16	83855	-0.016309560525105866	0.001850831210116427	15
KLF5	688	-0.017163119289121124	0.0016046744309528133	15
KLF7	8609	-0.006875977010752823	-0.004852055457562956	246
KLHDC8A	55220	-0.005496406824807407	-0.001454489532564009	10
KLHL11	55175	-0.004690110624513894	0.008376101273709354	1
KLHL22	84861	-0.01002731320394287	-0.00530835694772475	41
KLHL34	257240	-0.005330864122035383	0.0025046160047942434	92
KLHL40	131377	-0.007738195049356824	-0.006296224529348886	189
KLHL7	55975	-0.005343692256622769	-0.002514117867285869	229
KMT2A	4297	-0.0028021122411883747	-0.0028037348199722364	139
KMT2B	9757	0.0008345822593463183	-0.0003517484727075267	158
KMT2D	8085	-0.005138148713416522	0.006447961746548874	0
KMT5A	387893	-0.003862806737230558	0.0029496258496156773	9
KNL1	57082	-0.005340029418501027	0.004142239141618025	80
KNTC1	9735	-0.006049505853539	-0.004425637431949915	27
KPNA2	3838	-0.009469819371132145	0.002282719916092747	20
KPNA6	23633	0.0035752308429622946	-0.0009069525252533166	99
KPNB1	3837	0.04001388535405588	0.019298466773536648	144
KRAS	3845	-0.006872239273234994	3.150633042684048e-05	179
KRI1	65095	-0.008690801405408888	-0.003988210700163263	148
KRR1	11103	0.014997360449099226	-0.013023923090231947	139
KRT10	3858	-0.007297589813140873	-0.000845431116413958	36
KRT16	3868	-0.007981512904780207	-0.000131496023597625	36
KRT17	3872	-0.0038966264537530462	0.012662528189091941	75
KRT18	3875	0.010169814660516788	0.02389598729536369	33
KRT2	3849	-0.004283859983279759	0.008249078500463514	0
KRT31	3881	-0.008005300067020715	-0.003273707592053692	191
KRT35	3886	-0.007970530276361597	0.0003594858855117536	239
KRT6A	3853	-0.0050710620125297085	0.002520347750367227	156
KRT7	3855	-0.0046214369874846405	0.007766957174407953	0
KRT78	196374	-0.005858450267002339	0.0038689221960993467	80
KRT79	338785	-0.005234256989378565	0.005333789826828479	0
KRT8	3856	0.003177107222418093	0.0184479573458088	52
KRTAP10-1	386677	-0.008462014555651296	-0.005472629422327276	250
KRTAP10-12	386685	-0.006351129066432098	-0.001082920971570549	142
KRTAP10-4	386672	-0.014282967697564883	-0.014054001467783727	79
KRTAP10-6	386674	-0.008294390937842216	-0.004771161894345545	147
KRTAP10-8	386681	-0.009967003393004284	-0.005477359702158438	66
KRTAP10-9	386676	-0.006407610148746193	-0.0013126797236387795	142
KRTAP15-1	254950	-0.00859876011333947	-0.010158166196187812	94
KRTAP19-3	337970	-0.009538055466631412	-0.0047880945783367905	57
KRTAP19-8	728299	-0.012450211736966789	-0.010897136356413175	79
KRTAP2-1	81872	-0.006132047514592346	0.002083020356143301	36
KRTAP2-2	728279	-0.004262960887495882	0.013243242410063145	75
KRTAP2-3	730755	0.0012847505544324122	0.01933037652701001	52
KRTAP2-4	85294	-0.007588784226706971	3.8245560202545075e-05	36
KRTAP21-1	337977	-0.00957720064790541	-0.00793292020057546	213
KRTAP4-11	653240	-0.007535146719666901	-0.003514946208137543	180
KRTAP4-2	85291	0.004396459587349651	0.025033639326280634	34
KRTAP4-5	85289	-0.007096181361199905	-0.002988133144455423	248
KRTAP4-7	100132476	-0.006377426072501658	0.009094345016468896	1
KRTAP4-8	728224	0.0014639080815826062	0.01943671337707341	34
KRTAP5-11	440051	-0.0007543585603960218	0.002332548214968664	26
KRTAP5-3	387266	-0.006078278234316831	0.0011888069334125074	193
KRTAP5-7	440050	0.004648404464877016	0.010489178685237426	171
KRTAP5-9	3846	-0.00833713339385011	-0.0032145625209794733	211
KRTAP9-4	85280	0.017832837788693656	0.03480418062731849	18
KRTAP9-8	83901	-0.010934392557841404	-0.004716643886636477	226
KRTCAP2	200185	-7.884129719187198e-05	0.011699624109188659	14
KRTDAP	388533	-0.008627369004143084	-0.009537233413314033	150
KTI12	112970	-0.0027076378247967046	-0.0041035059782720176	160
KXD1	79036	-0.012865192116510604	-0.001004211620636379	30
LAD1	3898	-0.006507674787380781	-0.0027217630389081635	143
LAGE3	8270	-0.009622741988010643	-0.012399646391519428	103
LAIR1	3903	-0.008869710130948819	-0.006869114709871562	218
LAMC3	10319	-0.006581881855683162	-0.0017976075616556266	125
LAMTOR1	55004	-0.004718155037246648	-0.002634549884338627	261
LAMTOR2	28956	0.0048981763854797685	-0.007503660771297472	64
LAMTOR3	8649	0.006515252493832878	-0.005755564888196091	35
LAMTOR4	389541	-0.0016685684771174842	-0.0005792179403285975	142
LAMTOR5	10542	-0.002476129358804319	0.0009692794774515702	194
LARP1	23367	-0.007592730948613234	-0.011027749374291322	187
LARP4	113251	-0.00955810177324727	0.0045433560186965444	70
LARS1	51520	0.032188477217684454	-0.0021565774652141808	71
LARS2	23395	-0.009024349176144066	-0.007217801503186995	130
LAS1L	81887	-0.003491136063742977	-0.009751841566945597	231
LAT	27040	-0.005663776375415924	-0.0035404890715821057	53
LCE1A	353131	0.0002637642616633146	0.014623582645402563	14
LCE1C	353133	0.0033135810008927073	0.019287575242052293	14
LCE1E	353135	-0.00456938557299413	0.0009829762683482655	161
LCE2A	353139	-0.002501058610561311	0.00589981272685476	279
LCE3A	353142	-0.00022810422433771404	0.013138759939553832	14
LCMT1	51451	-0.007206984221802243	-0.0008911021832849711	127
LCN10	414332	-0.007437675217274558	-0.003708825685414986	160
LCN6	158062	-0.002494418534178374	0.00473846128290602	91
LCN8	138307	-0.0023955092329501033	0.005416456630991006	9
LDB1	8861	-0.004038475575173816	-0.0018017390544701134	179
LDLR	3949	-0.012369850761207871	0.0025701285682372572	49
LEMD2	221496	-0.006127078752779655	-0.00553672114624331	48
LEMD3	23592	-0.0022820816951166284	-0.0019549013755034237	67
LENG1	79165	-0.01005712229107583	-0.004185917835092037	134
LENG8	114823	-0.005067967040659792	0.008523634887389976	25
LENG9	94059	-0.009939560959797053	-0.007385289713404543	211
LEO1	123169	-0.007808991878831962	0.0010441107822067605	167
LETM1	3954	-0.003957061331482367	-0.001419551205234031	188
LEXM	163747	-0.003185275517225083	-0.0031557149254256393	118
LGALS3BP	3959	-0.008969084811832099	-0.004724077378929778	191
LGALS9B	284194	-0.006890706936252182	0.00776931125779196	277
LIAS	11019	-0.005934680788392729	-0.002329976096831478	206
LIG1	3978	-0.00428544386187962	0.0027366796448697944	63
LIG3	3980	-0.008356814707800647	-0.0010723720795059962	256
LIMD1	8994	-0.011950561815932024	-0.010313798455881928	79
LIMD2	80774	-0.008310495267989222	-0.0004137222361154363	36
LIMS1	3987	0.02847145045139249	0.014425887805517354	84
LIN37	55957	0.02606228227841172	0.007535373266362804	126
LIN52	91750	0.025293434668899023	0.007739754253130749	126
LIN54	132660	0.025375342238945813	0.00660805640221856	126
LIN7C	55327	0.002959719524505791	0.005510592809771431	8
LIN9	286826	0.020852016957637953	0.003328504294812865	126
LINGO4	339398	-0.0038643985491706315	-0.0010475033082731557	10
LIPM	340654	-0.0047391085914689265	-0.004229428358063625	185
LIPT1	51601	-0.0029399821882480194	0.0019033485174807265	196
LIPT2	387787	-0.008567052063417869	-0.006275857669551843	202
LLPH	84298	-0.002648595998584018	0.0049002384986019	9
LMAN2	10960	-0.0076051599603515685	-0.0048978358351029466	88
LMNA	4000	-0.007858483567231827	0.004541420252512867	80
LMNB1	4001	0.011044730433496467	-0.02412786374400463	128
LMNB2	84823	-0.002922909307196174	0.0016372139462576965	67
LMO2	4005	-0.0064281928602180245	-0.0026070516407675076	147
LMO7	4008	-0.008675594788034308	-0.006754996363102886	140
LMOD1	25802	-0.004918175845379399	0.0010357356889355732	161
LMTK3	114783	-0.011185638295509153	-0.008202460719394821	150
LMX1B	4010	0.0035207960242992354	0.002872276219555303	99
LONP1	9361	-0.007945077900707913	-0.004030195383939105	229
LPA	4018	-0.0028955496326035592	-0.0030075899854703236	99
LPAR2	9170	-0.010925652621512167	-0.00879597400869453	209
LRCH2	57631	-0.006737205484561121	-0.003217207929230791	212
LRCH4	4034	-0.003480178674750754	0.004269470720841287	9
LRP10	26020	-0.005060108706758817	-0.004790755107866533	40
LRP1B	53353	-0.0035042087315742803	-0.006394817556379437	100
LRP4	4038	0.002718545405922672	0.004130309644280337	8
LRP5	4041	0.001590408597673812	0.0038070925089822884	8
LRPPRC	10128	-0.00355146941728562	-0.0017900177793043703	154
LRR1	122769	0.021466698732067423	0.057612619330946066	32
LRRC1	55227	-0.005630016762471829	-0.004865698771664578	48
LRRC10B	390205	0.002573352480539638	0.006625246433032381	13
LRRC15	131578	-0.0076273297011537015	-0.0038733019757610926	88
LRRC32	2615	-0.0010174408210845095	0.002265933985430162	26
LRRC37A2	474170	-0.002833052867688262	0.014604778974798593	75
LRRC37A3	374819	-0.0004909056546470911	0.02056435062867655	75
LRRC37B	114659	-0.008605498266701815	-0.0013632906442907116	36
LRRC3C	100505591	-0.00680379460390493	0.00010580873911763564	215
LRRC41	10489	-0.0027753693296914575	-0.002340792865272613	195
LRRC73	221424	-0.0032142192062143008	-0.002839431563015738	198
LRRC75A	388341	-0.009532136235236507	-0.0027335495077664587	2
LRWD1	222229	-0.003933240437876441	0.0021459726810395246	9
LSG1	55341	0.03144135133930844	-0.027963114695264624	23
LSM10	84967	-0.005927403028010603	-0.004428355546030199	236
LSM11	134353	-0.011102940596437433	-0.008427250473274323	228
LSM12	124801	-0.0033737943371818934	0.010385004646477243	277
LSM14A	26065	-0.0068254480532290674	-0.003416152691331291	147
LSM2	57819	-0.008928954771521835	0.03371709343695256	85
LSM3	27258	-0.01061220234823607	0.006492563092290717	49
LSM4	25804	-0.009851512223939334	0.03380533355264094	85
LSM5	23658	-0.009043221653579306	0.03301362851725596	85
LSM6	11157	-0.009842871439915517	0.03355324765840193	85
LSM7	51690	-0.009936572687235568	0.03330072733728609	85
LSM8	51691	-0.009727783373216815	0.03317288047313276	85
LSP1	4046	-0.01000634618657081	-0.008410463884961122	145
LSR	51599	-0.009044983590083207	-0.006542657273160982	223
LST1	7940	-0.004591747855832881	-0.005403433254395915	123
LTB	4050	-0.005341004457417475	-0.006671455487793693	94
LTB4R	1241	-0.0008096148610080911	-0.0037170780047187375	40
LTB4R2	56413	-0.0036736740496780447	-0.0032530441165383684	40
LTBP3	4054	0.0042050979321106375	0.007566983269910966	13
LTO1	220064	-0.009307406785795915	-0.0016672521198097892	11
LTV1	84946	0.06188281192886572	-0.004359958746900962	184
LUC7L2	51631	-0.009276004261376617	-0.004228696959010377	205
LUC7L3	51747	-0.012615446295732032	0.0024794993770784193	22
LURAP1	541468	-0.004035744331867002	-0.001597047888764267	118
LURAP1L	286343	-0.009803502690137288	-0.006552928317387102	172
LYL1	4066	-0.01196924402569117	-2.3763590344829847e-05	30
LYPD2	137797	-0.002937424345881982	0.008980751749385134	65
LYRM2	57226	-0.002705096601957998	0.003131992300137059	67
LYRM4	57128	-0.010750207682849757	-0.00917578861631916	230
LYSMD1	388695	0.0016264931668141026	0.016278956300224724	14
LYZL4	131375	-0.009233521960592947	-0.004508521704418392	211
MAD1L1	8379	-0.008667367676181157	-0.006881228161477449	74
MAD2L1	4085	0.013174003417357347	0.02995287353188499	102
MAD2L1BP	9587	0.002634168428256726	-0.008258787459913559	262
MAD2L2	10459	-0.007337660831864674	-0.003643203177400483	180
MADD	8567	0.0027326273191001266	0.006075107417570274	8
MAEA	10296	-0.011004240212951152	-0.00832403556462061	97
MAF1	84232	-0.002991842728874841	0.006853273237886661	65
MAFF	23764	-0.006955651704870434	0.0018710991439475388	176
MAFG	4097	-0.009650855403363967	-0.00519559609903435	78
MAFK	7975	-0.00584143569357912	0.0011968035034680927	86
MAGEA4	4103	-0.009104680778316944	-0.007326762365169789	170
MAGEA8	4107	-0.0078089599777144865	-0.0052879506744357655	114
MAGED4	728239	-0.007924089031894843	-0.006930537530482828	213
MAGED4B	81557	-0.006868183689846271	-0.0037094207240078152	219
MAGOH	4116	-0.005729879266350706	-0.004836234436619535	16
MAGOHB	55110	-0.007741740187492428	-0.0028869877940556183	177
MAK16	84549	0.06596071412299323	-0.04052891956546262	233
MALSU1	115416	-0.00634052790746434	-0.003162710757644215	173
MAML1	9794	-0.01060894233068536	-0.005518593262889948	66
MAN1C1	57134	-0.009273448169832726	-0.008452368940034129	115
MANF	7873	-0.009568981570630991	-0.00623238051177877	251
MAP1LC3B	81631	-0.0044197545071684085	0.0009121002223958887	82
MAP2K1	5604	-0.011210201752118803	-0.0063139165989052285	58
MAP2K3	5606	-0.010015059542467649	-0.0018070401166036957	2
MAP2K7	5609	-0.011284441284587344	-0.0031913602336711045	226
MAP3K11	4296	-0.00020640518440394621	0.0029307651135861233	26
MAP3K7	6885	-0.004915766406177557	-0.006598429318232937	213
MAP4K2	5871	0.0022681812762814953	0.006342551244539919	8
MAP7D1	55700	0.004206480007040728	-0.010190720858557226	35
MAPK1	5594	-0.011575434536309517	-0.00398322104907943	89
MAPK14	1432	0.0006127651799237165	-0.003432190884755035	198
MAPK15	225689	-0.0076190188674096935	-0.0029000428956918304	125
MAPK3	5595	-0.004985224190266592	-0.002074510477773224	53
MAPKAP1	79109	0.006603316340648846	-0.007280082221265131	35
MAPRE1	22919	-0.006542304158693877	-0.00448001721743121	168
MARCHF4	57574	-0.007063014831027449	-0.005789050135966088	230
MARCHF5	54708	-0.005302144259433665	-0.007689684496478259	178
MARCHF6	10299	-0.00684790079226042	-0.004456080764499079	145
MARCHF9	92979	-0.0020332534705616357	0.0048211479941605495	129
MARK2	2011	0.023322135483026554	0.011435817908661909	84
MARS1	4141	0.0031662407365727558	-0.007734930273166447	262
MARS2	92935	-0.010127832452147836	-0.0095324339134126	116
MARVELD3	91862	-0.008338958908054458	-0.0022688118368260415	127
MAST3	23031	-0.01205862854295045	-0.0006725593610826134	30
MAST4	375449	-0.009218561952293003	-0.00490904285744217	110
MASTL	84930	-0.0015392253176654271	0.005163407492442905	90
MAT2A	4144	0.03097972757761039	-0.0025848646439958077	71
MATK	4145	-0.01148619184557045	-0.004158412357419278	226
MATR3	9782	8.878297045699464e-05	0.001968837833466272	197
MAU2	23383	-0.008533393805017999	0.0049605884059701335	289
MAX	4149	-0.010457965573204126	-0.0034102469945820105	83
MBD2	8932	-0.003292078882276894	-0.0037257023638880616	190
MBD3L2	125997	-0.008261337358019488	-0.00038021549362046334	106
MBD3L3	653657	-0.010359180723650649	-0.0008599650238453691	106
MBD3L4	653656	-0.005864999969306422	0.009002775399521717	1
MBD3L5	284428	-0.005414873027426701	0.0017445117700078474	113
MBNL1	4154	-0.0070542234720686	-0.0030911478807899824	133
MBTD1	54799	0.0017177465244646042	-0.006545865191269274	64
MBTPS1	8720	-0.0052592608655917476	-0.0013249136050997343	127
MBTPS2	51360	-0.007332816596791628	-0.006712056620215898	199
MCAT	27349	-0.006224999675490297	-0.004332606993740903	82
MCF2L	23263	-0.011397825827268776	-0.007515520975009501	150
MCL1	4170	-0.010352517903739011	-0.010597176491271749	62
MCM10	55388	0.014561441637540706	0.04525699004476502	32
MCM2	4171	-0.005047049546102645	0.0018552720832106858	186
MCM3	4172	-0.007027067991268152	-0.007193378225626688	247
MCM3AP	8888	-0.012763275944803209	0.011669843522302496	141
MCM4	4173	-0.008920689519326707	-0.007168871459894037	212
MCM5	4174	-0.009186542133129711	-0.006169444456886512	212
MCM6	4175	-0.004213912855730918	-0.002350397487343685	169
MCM7	4176	-0.002804387086260566	0.005821001643960926	129
MCM9	254394	-0.00959245513975759	-0.006826299425027313	211
MCMBP	79892	-0.007187397611408072	-0.0053332379535402374	117
MCOLN1	57192	-0.009159668479214665	-0.0017354948365080327	106
MCPH1	79648	0.0011106583649543953	-0.008350596644971939	231
MCRS1	10445	0.024890144258181653	0.014485812246355999	84
MCTP1	79772	-0.003130417622049336	0.003042005891241701	9
MCTS1	28985	-0.01138479709149331	-0.009316096751125984	228
MDC1	9656	-0.013952202400338034	-0.0146287082874954	62
MDH2	4191	0.002289056516227626	0.0068827257683503	287
MDM2	4193	-0.006793377100567258	-0.00284687982923447	246
MDM4	4194	-0.005733536195490006	-0.0015043210843253395	219
MDN1	23195	0.048469862990907366	-0.03453883138661828	23
ME2	4200	-0.014270311841265591	-0.013869650946917896	79
MEAF6	64769	0.0023721296351390613	0.0027012120259596096	96
MEAK7	57707	-0.008240986630056351	-0.00496656099181194	48
MECR	51102	-0.0070715431290054856	-0.0017729084883024845	86
MED1	5469	-0.00933883998833664	0.0006458252228700835	20
MED10	84246	-0.018821648761143644	0.006882465413416776	122
MED11	400569	-0.017312357629026595	0.004796035087891002	122
MED12	9968	-0.01831462523237885	0.004052135461485161	15
MED13	9969	-0.013159344365758314	-0.0034100647485694495	58
MED13L	23389	-0.012737095488905989	-0.0035252843531703294	42
MED14	9282	-0.01946749812079256	0.008155158908795793	122
MED15	51586	-0.01577518664106778	0.000755018351635863	15
MED16	10025	-0.01267282297783366	-0.00415249475912583	89
MED17	9440	-0.019581927239166366	0.00904562405736617	122
MED18	54797	-0.01546224572319483	0.000990414068873499	42
MED19	219541	-0.014286890225603775	-0.001800074632258986	42
MED20	9477	-0.018556102975963256	0.008542534730647536	122
MED21	9412	-0.01943009716100825	0.009042229963610485	122
MED22	6837	-0.015137603371205306	0.003383096617981454	42
MED23	9439	-0.01429068148644245	0.0017310920727208066	15
MED24	9862	-0.011901260640522823	0.0035944086770246637	49
MED25	81857	-0.010738603923766597	-0.00576420408168971	145
MED26	9441	-0.00342848954449455	0.012022381497067575	39
MED27	9442	-0.01917042790998365	0.007720072175247842	122
MED28	80306	-0.019901631001337735	0.008506630303253642	122
MED29	55588	-0.01439412945239936	-0.0015831863748886428	42
MED30	90390	-0.01912713460134567	0.007819656376784442	122
MED31	51003	-0.017721832325546232	0.009849009015297033	122
MED4	29079	-0.019721966321267954	0.008223168261849267	122
MED6	10001	-0.01708189282454768	0.011640148477366948	122
MED7	9443	-0.01943563675953152	0.009425976677116126	122
MED8	112950	-0.013103420097608212	0.01297249610360668	39
MED9	55090	-0.01482228282272151	0.0012837599903515223	49
MEF2B	100271849	-0.01311880361319743	-0.0031705607148317027	50
MEF2C	4208	-0.009492416800496372	-0.009525128190052178	111
MEF2D	4209	-0.00342342858651189	-0.0010675282100744289	10
MEIOC	284071	-0.005359507391988329	0.0020108274274211984	244
MEIS1	4211	-0.008751550811558855	-0.005895966249553191	296
MEMO1	51072	-0.010457259031007556	-0.004041707933463527	83
MEN1	4221	0.003977421962425895	0.0038734589476434253	96
MEPCE	56257	-0.006312849795441473	0.015144370496739938	85
MEPE	56955	-0.0073497937844385925	-0.007497786186927579	223
METAP1	23173	0.010696565318847048	0.0018114274383363785	100
METAP2	10988	0.04575604631187701	-0.03323917069789899	23
METTL1	4234	-0.006050329987006875	-0.003140026790329676	101
METTL14	57721	-0.010195789858508868	-0.009690896429740348	247
METTL15	196074	-0.00042596623092992845	0.002428408438291739	26
METTL16	79066	-0.008306513366029422	-0.001668622460691242	2
METTL17	64745	-0.002955579930084546	-0.005076934942512211	40
METTL23	124512	-0.012068819248861289	-0.004725781766688954	66
METTL25	84190	-0.0074516611295997555	-0.0030291183296321782	51
METTL3	56339	-0.007264394703099914	-0.010107920095196211	247
METTL7A	25840	-0.0051947659767474	0.002441063038696642	240
METTL7B	196410	-0.002910179003717746	0.007043568404287893	0
MEX3A	92312	0.0013568089929677002	0.01562803781756833	14
MEX3C	51320	-0.01553201041360606	-0.016088797152169612	7
MFAP1	4236	-0.009721518062711976	0.020635877853180284	61
MFN2	9927	-0.009183899843800983	-0.004760349891825521	127
MFRP	83552	-0.007808053932567246	-0.007889602432721916	238
MFSD12	126321	-0.011883140211185677	-0.002240463085030327	226
MFSD13A	79847	-3.3207225957129434e-05	0.0027153431564811005	45
MFSD14A	64645	-0.0074015622533827406	-0.003917482295153354	168
MGA	23269	-0.010829461307891879	0.005312666087267511	70
MGAT1	4245	-0.010280807323820258	-0.0068540844733224054	108
MGAT3	4248	-0.008696042003504085	-0.0032079059913621075	43
MIB1	57534	-0.010875239445611692	-0.007966188750337725	232
MICALL1	85377	-0.008810973247245116	-0.0034881767942181808	36
MICALL2	79778	-0.007220840372589356	-0.003914638687545528	147
MICB	4277	-0.006356453567910882	-0.005150281441673553	213
MICOS10	440574	-0.008071549674857471	-0.0061334404712144	236
MICOS13	125988	-0.010747866729401674	-0.0061687859453187326	110
MICU1	10367	-0.0053259881077159	-0.0016566433699224785	59
MIDN	90007	0.019309006185715405	0.009366683260325977	84
MIEN1	84299	-0.012484159112995582	-0.008166042031231835	200
MIGA2	84895	-0.003086823394164015	0.008606922206128971	65
MINDY1	55793	-0.002855717460107661	0.003845010285558153	38
MINDY2	54629	-0.0092121027199103	-0.00644906615319946	110
MIOS	54468	0.0022738692452441544	-0.010348937982054987	105
MIPEP	4285	-0.009649802589778558	-0.006185112693652416	37
MIS12	79003	-0.007693798428680664	-0.0024668311458815586	221
MIS18A	54069	-0.00850667929465773	-0.005863813192576232	220
MIS18BP1	55320	-0.006874985179032722	-0.0032565616046024383	221
MKRN1	23608	-0.007067561931774535	-0.0022820939862238133	216
MLLT1	4298	-0.010289244783170686	-0.006395263234715981	172
MLLT6	4302	-0.008065697036301597	-0.0021802503748661025	256
MLST8	64223	0.006299824287225137	-0.009056635389455277	72
MLX	6945	-0.006923726080508856	0.0029824586049430938	1
MMAB	326625	-0.006853195719333558	-0.005199221917469469	88
MMACHC	25974	-0.005764412829576149	-0.0037331723771983592	27
MMGT1	93380	-0.007749945147965324	-0.00860325204604012	174
MMP17	4326	-0.00729213674862884	-0.0033039125087535723	214
MMP25	64386	-0.007058926265954991	-0.0018338594420994943	60
MMS19	64210	-0.004565806774572764	-0.00574487583409844	101
MMS22L	253714	0.01950434451835976	0.05392669314837844	32
MNAT1	4331	-0.008534401196437787	-0.007262026960827463	208
MNT	4335	0.004189784772472594	0.003818502089546954	237
MOB4	25843	0.015084922033569518	-0.00769477154760009	5
MOCS3	27304	-0.007092457701503161	-0.005951679225391159	117
MOG	4340	-0.002871500727031379	0.0030822419153354865	38
MOGS	7841	-0.005463522032324672	-0.0025445024531665296	31
MOK	5891	-0.0067454427555433925	-0.002736115943280165	143
MON1B	22879	-0.007148363201313279	-0.0027149087244261252	110
MON2	23041	-0.007465966534096479	-0.003701611852987242	73
MORF4L1	10933	-0.0007405513658554708	0.002519693249947497	248
MPDU1	9526	-0.013401804204811579	-0.00044136696894592816	29
MPHOSPH10	10199	0.06561584448819152	-0.030078647986124123	253
MPHOSPH6	10200	-0.0031684939573260818	-0.011182308129418277	187
MPI	4351	-0.008488083682269299	-0.002057766807938369	11
MPND	84954	-0.010638425916179245	-0.005947320106957525	250
MPP3	4356	-0.008654740100980244	0.0043878583776093185	81
MPRIP	23164	0.0007815315208787026	0.002555278936054007	197
MPV17L	255027	-0.00566728104501643	-0.0008833657872039174	163
MPV17L2	84769	-0.012006066673356533	-0.0026818679617161435	207
MPZL1	9019	-0.006997301146204399	-0.005737728182744644	199
MRE11	4361	-0.003924298960471604	-0.0017706147377245169	133
MRGBP	55257	0.002336785442358644	0.003717975456092948	96
MRGPRE	116534	0.003101075647056199	0.009157850393628151	90
MRGPRG	386746	-0.007934874610388656	-0.007070560573912992	115
MRGPRX1	259249	0.001867649912652915	0.004874007987818627	8
MRM2	29960	-0.009859998117943868	-0.00614349382651771	134
MRM3	55178	-0.009091912181872077	-0.005003483783305237	173
MROH7	374977	-0.006071731866753381	-0.005461294544631628	16
MRPL1	65008	-0.007879393423092882	-0.007082715907840817	57
MRPL10	124995	-0.006473417444945322	0.00794911179642864	1
MRPL11	65003	0.003489211833656815	0.008435380503579738	171
MRPL12	6182	-0.0060331321407006725	-0.001026614116523228	248
MRPL13	28998	-0.007791023527898467	-0.003811185430247698	73
MRPL14	64928	-0.004770081793963658	-0.0029901646351434804	261
MRPL15	29088	-0.008031561372124496	-0.0023631685375310103	106
MRPL16	54948	-0.0004154964687028274	0.002859609513647806	13
MRPL17	63875	-0.006928614297827856	-0.0058891132374239916	154
MRPL18	29074	-0.007655612652003583	-0.004091337504140259	183
MRPL19	9801	-0.006944169568443651	-0.0013659566129799181	186
MRPL2	51069	-0.0039423539627846975	-0.003077565796008546	261
MRPL20	55052	-0.0027854865046744955	0.0021816893180231145	163
MRPL21	219927	-0.0008235137877128618	0.0010691173701475177	133
MRPL22	29093	-0.010564309871475143	-0.007620914109628259	145
MRPL23	6150	-0.00896241212242248	-0.007441587879865627	238
MRPL24	79590	0.00031733203721534883	0.01048514592324027	267
MRPL27	51264	-0.007494725844136345	-0.0022445104145065345	36
MRPL28	10573	-0.007179730802844835	-0.002230935038288035	125
MRPL3	11222	-0.006245996912525903	0.001228307507855244	186
MRPL30	51263	0.00021054058771692686	0.0028172786172550963	136
MRPL32	64983	-0.004455548379534801	-0.0011227611808956217	276
MRPL33	9553	-0.009784438841433207	-0.005960787768718752	218
MRPL34	64981	-0.011792032736549992	-0.004456607005955361	250
MRPL35	51318	-0.003142757299294645	0.001193596241736978	193
MRPL36	64979	-0.004980992594484185	0.003342787571490552	65
MRPL37	51253	-0.006407996662512852	-0.003964048489954597	137
MRPL38	64978	-0.005379195032584833	-0.0011338084477367177	193
MRPL39	54148	-0.009489237740938903	-0.006011891994928903	134
MRPL4	51073	-0.011868583773442128	-0.003836237706265664	207
MRPL40	64976	-0.008721032861985417	-0.007506500340595315	230
MRPL41	64975	0.0022852426846926717	0.00475825811036477	8
MRPL42	28977	-0.007556446699183651	-0.003606678722008614	73
MRPL43	84545	-0.006003224140484145	-0.0036895002793338443	145
MRPL44	65080	-0.0018015360261382882	-0.0006925186745770674	154
MRPL45	84311	-0.00536480722341481	0.005677167761137627	1
MRPL46	26589	-0.005292857783483432	-0.0012676108806864796	248
MRPL47	57129	-0.005840036555850538	0.0005871099633205525	186
MRPL48	51642	0.0035800717831923085	0.005330026128632314	13
MRPL49	740	-0.0012027984774234017	0.001551678519521304	185
MRPL50	54534	-0.0012249387923315327	0.004890917580511592	91
MRPL51	51258	-0.004329147707453931	0.004979298986529036	65
MRPL52	122704	-0.004823567161388837	-0.0032451612308305702	154
MRPL53	116540	-0.007717987963285412	-0.0034904684500063634	73
MRPL54	116541	-0.00901887598298374	-0.0028836727583043476	269
MRPL55	128308	-0.007109637851934198	-0.0032535370556997204	211
MRPL57	78988	-0.005341023696538315	-0.00267152509157542	154
MRPL58	3396	-0.006208905578615208	-7.92782511556003e-05	63
MRPL9	65005	-0.004476533803897058	-0.001330946545765018	261
MRPS10	55173	-0.005260118088067277	-0.0026834840901387687	261
MRPS11	64963	-0.011345065167335187	-0.003465354515910228	207
MRPS12	6183	-0.0053836850168981565	-0.0020660126397430926	185
MRPS14	63931	-0.003716411298065995	-0.0032425259519108327	261
MRPS15	64960	-0.007007007720946925	-0.005388601532321138	292
MRPS16	51021	-0.002818220229093723	0.0032710114809808457	166
MRPS17	51373	-0.000607822602630909	0.005539367371253721	9
MRPS18A	55168	-0.005220142119892291	-0.004210150078272447	261
MRPS18B	28973	-0.005568849995742862	-0.004456999847343962	261
MRPS18C	51023	-0.00598604921939565	-0.002900732972516668	218
MRPS2	51116	-0.005086870456859866	-0.0037590933356424177	293
MRPS21	54460	0.0012686899486542326	0.016048588290741902	14
MRPS22	56945	-0.009006630602401791	-0.006476004437259723	202
MRPS23	51649	-0.010341899582636111	-0.004906884118543684	172
MRPS24	64951	-0.004089143486250269	0.0013526583921464976	9
MRPS25	64432	-0.009696794587781197	-0.007606272470618971	130
MRPS26	64949	-0.010045241159891536	-0.007898559025673782	228
MRPS27	23107	-0.008029961408058233	-0.0052350356004365025	270
MRPS28	28957	-0.008812500308483046	-0.00410079267645973	119
MRPS30	10884	-0.00738169001784067	-0.003333741858924011	51
MRPS31	10240	-0.008905984790856861	-0.007896506942450521	116
MRPS33	51650	-0.007462750305426874	-0.0014471464015827131	186
MRPS34	65993	-0.006702059828294862	-0.001306696012376583	60
MRPS35	60488	-0.0071642408455194016	-0.0019605910431263252	186
MRPS36	92259	-0.008655450233619317	-0.005277750896650566	41
MRPS5	64969	-0.0010592727519075093	0.0027841464625945785	136
MRPS6	64968	-0.01155354390313542	-0.0094406695426049	159
MRPS7	51081	-0.007063075175246313	-0.0011586011893755137	36
MRPS9	64965	0.001269549044755393	0.00436224076005947	136
MRTFA	57591	-0.007754754815427108	-0.004378132240995775	41
MRTO4	51154	0.006100340912399279	-0.013390027232822711	68
MSH5	4439	-0.0051335061567986074	-0.0057192623654871285	104
MSL1	339287	0.004687749537857137	0.006989695623682651	96
MSRB1	51734	-0.008328504594943309	-0.002220910862436476	177
MST1	4485	-0.004586313945838342	0.002860166565730145	279
MSTO1	55154	-0.005750063617458864	-0.0028464783061096692	160
MT1E	4493	0.004225188183851011	0.021994990952002906	52
MT1G	4495	0.0020702474176085184	0.01742828846788002	52
MT1X	4501	-0.006424468566936589	-0.0010556759977154112	60
MT2A	4502	0.0010828491504746378	0.016710857444831417	52
MTA2	9219	0.008078879083438937	0.009415859018270842	90
MTBP	27085	0.017406881669604118	0.049757857054868807	32
MTCH2	23788	-0.008099998980004144	-0.004975412401993314	218
MTERF3	51001	-0.00950111732495426	-0.007003716064995861	153
MTERF4	130916	-0.010188936721766286	-0.008653398682699763	124
MTF1	4520	-0.005978385013719234	0.003073780493724703	248
MTFMT	123263	-0.008021299430695569	-0.0005223548072244904	11
MTG1	92170	-0.006961134000880717	-0.004045360167978472	173
MTG2	26164	-0.005791875490521564	-0.000469008520254311	143
MTHFD1	4522	-0.0048233335312802906	-0.003799679679079883	280
MTHFD1L	25902	-0.006257099006699982	-0.0020953866141171654	143
MTHFD2	10797	-0.005816029034461788	-0.0005362980928037653	216
MTIF2	4528	-0.005627921276928163	-0.0028801494819449577	31
MTMR3	8897	0.0003240311105474664	-0.01112514449566704	187
MTO1	25821	-0.0059324886017368674	-0.006142584092074172	107
MTOR	2475	0.010237321043005669	-0.012483520655492707	72
MTPAP	55149	9.844115544766055e-05	-9.764045721591669e-05	190
MTREX	23517	0.028681212262507187	-0.017498500023116755	162
MTRF1L	54516	-0.005939634726872402	-0.0006561867224500885	63
MTRNR2L1	100462977	0.0032500171380489074	0.02020403005210504	75
MTRNR2L8	100463486	-0.00621899722241307	-0.00256503179463776	147
MUC16	94025	-0.010730166959632192	-0.00339801783328095	269
MUC20	200958	-0.009508385601424831	-0.008117277760899485	212
MUC6	4588	-0.010713187359080683	-0.004799304658977446	150
MUS81	80198	0.002158422597173841	0.005519029096900564	8
MVB12A	93343	-0.010836999201175247	-0.0056422149329293896	249
MVD	4597	-0.00446623437725499	0.0009975328983133152	206
MVK	4598	-0.005785947598535718	-0.005228930135708363	27
MX1	4599	-0.01143594650225408	-0.007393883469396306	150
MXRA7	439921	0.0028587254801539378	0.014366244893558892	54
MYB	4602	-0.010182055822272317	-0.009781413861136226	116
MYBBP1A	10514	-0.0026396128365106706	-0.0043108975126938225	2
MYBL2	4605	0.006553264910834965	-0.009247987304309204	20
MYBPHL	343263	0.002448913386729179	0.01408280093637003	3
MYC	4609	-0.008873696924543083	0.0013512283220321233	83
MYCBP	26292	-0.005537167703646057	0.0004513084067162089	161
MYD88	4615	-0.0070365007023585205	-0.007387591520223707	88
MYH4	4622	-0.00888310220052504	-0.0018106722269658308	2
MYH7B	57644	-0.005174433966646184	-0.011391680184185009	77
MYH9	4627	-0.008404723031295074	-0.005408604808121965	127
MYL12A	10627	-0.011045739487481445	-0.009258873245015745	251
MYL12B	103910	-0.0062661047717002165	0.0013202775316502949	164
MYL6B	140465	-0.005587592850333249	-0.0024051120302244723	73
MYL9	10398	-0.00780278989120614	-0.00593252624523757	48
MYLK2	85366	-0.010536367017549238	-0.0068759557743961	43
MYLK3	91807	-0.0067415480654756665	-0.00179248675194585	227
MYO15A	51168	-0.006914146386282126	0.00760839946011279	277
MYO18A	399687	-0.006105942549979142	0.005882522085632958	1
MYO1G	64005	-0.007555832590153656	-0.004744105295639561	212
MYO1H	283446	-0.0040576438696704395	-0.0018699234373095446	195
MYOC	4653	-0.005028133122424643	0.0005609106811381298	161
MYRIP	25924	-0.009262259334336054	-0.008111331092387406	223
MYT1L	23040	-0.007835569802261999	-0.003913900507264046	143
MZF1	7593	-0.008219166628294078	0.0028969486703231415	81
MZT1	440145	-0.011650818747933996	-0.0037998350455677597	58
MZT2A	653784	-0.004360025049316157	-0.0032006931728610984	99
N6AMT1	29104	-0.008600608466926268	-0.0011713236608268118	148
NAA10	8260	-0.013760518134901192	-0.003716293584757996	42
NAA15	80155	-0.013573332514231366	-0.003988562384126733	42
NAA20	51126	-0.007763025966718411	-0.010109737940088155	77
NAA25	80018	-0.008076444426904498	-0.0066800919547586966	77
NAA30	122830	-0.0077470296661464174	-0.004023093485290996	137
NAA35	60560	-0.008727599384656915	-0.005075057547750634	137
NAA38	84316	-0.008668276421037582	-0.003149092977804343	57
NAA40	79829	0.00019956950841336794	0.0022349816871084695	195
NAA50	80218	-0.005661502502768737	0.0013456844686406799	299
NAALADL1	10004	0.004388571444516687	0.00755687841821596	13
NACA	4666	0.035612794909008344	0.025532352258033884	76
NACAD	23148	0.0008131191848564879	0.0032433708752062714	45
NACC1	112939	0.017801394904670836	0.008691891220413476	126
NADK	65220	-0.010467380033446081	-0.0037665226023449886	121
NAE1	8883	-0.0008798827698760758	0.007342862721751713	157
NAF1	92345	-0.009303577472511978	-0.011121577566664967	24
NAGK	55577	-0.005661597245876582	-0.0016045259222469495	31
NAGLU	4669	-0.007070869081648448	0.00307311367031155	1
NAMPT	10135	-0.005600754715039014	-0.0033148571838690992	137
NANOG	79923	-0.007784817135011168	-0.002768576239577093	177
NANOS1	340719	-0.005418448299238057	-0.005129517683078486	107
NAPA	8775	0.029933100480485784	0.006273547956903416	264
NAPG	8774	-0.012701886636638567	-0.004465287352662369	58
NAPRT	93100	-0.008638106965688192	-0.000709865753927385	92
NARS1	4677	0.051838639049784245	0.002342355598714564	71
NARS2	79731	-0.007534157389958085	-0.004391635542263199	73
NASP	4678	-0.005625937347585078	-0.00552644291085673	16
NAT10	55226	0.009093721430558206	0.003173345110430985	13
NAT14	57106	-0.011119437201565392	-0.01023787035350782	294
NAT8	9027	-0.009908657897138948	-0.006728750490238694	220
NAV1	89796	-0.0070364940287467965	-0.00370782236911042	51
NBAS	51594	-0.003893737160319135	-0.01265462188325601	192
NBEAL1	65065	-0.005434032735544048	-0.004833573107299874	100
NBPF10	100132406	0.018091132817629266	0.03652781588780408	18
NBPF11	200030	0.016563014760777418	0.034847624621657476	18
NBPF12	149013	0.018754390710168416	0.036278121861341106	18
NBPF15	284565	0.017208426257801234	0.035579802252129526	18
NBPF3	84224	-0.005041033590092952	0.0004062397667049775	161
NBPF6	653149	0.0011187992237182383	0.008811305059694782	3
NCAN	1463	-0.012196482198682704	-0.00395128671912959	29
NCAPD2	9918	0.001257248582263345	0.015087508807124048	254
NCAPD3	23310	-0.0073870814770071016	-0.007266501211846319	247
NCAPG	64151	0.0007440431568724295	0.014836036812736004	254
NCAPG2	54892	-0.0025228935847598543	-0.0024682109221857685	231
NCAPH	23397	0.0007014055025139087	0.013815003070917795	254
NCAPH2	29781	-0.007419464411802555	-0.004368696495888505	48
NCBP1	4686	0.02649883003785616	0.01399931724424641	84
NCBP2	22916	0.02579794422222156	0.013400122998579907	84
NCBP3	55421	-0.005043571683436089	0.0038324792172601835	2
NCKAP1	10787	0.038246264137287	0.018182775535810564	204
NCL	4691	0.050838668475885154	-0.0356246801079686	23
NCLN	56926	-0.00943318440724114	-0.0027229058156308487	269
NCOA2	10499	-0.010021744966317334	-0.004551094424623232	121
NCOA4	8031	-0.007445820311609271	0.00047717612194121315	120
NCOA5	57727	-0.0078042702324861955	-0.007479721601828346	140
NCOR1	9611	-0.007000330951210831	0.0008804840983435785	2
NCOR2	9612	-0.010655361334055738	-0.011748763304133075	247
NCR2	9436	-0.00522733310012845	-0.005899778878475825	123
NCR3	259197	-0.006045972126447917	-0.006038957671856778	104
NDC1	55706	-0.00991410182203985	0.0030514023795323647	20
NDC80	10403	-0.006909265608131802	-0.003107603629228947	48
NDE1	54820	-0.008323389376326417	-0.002533933782428448	250
NDOR1	27158	-0.0025200962401333462	0.005724917608052576	9
NDRG3	57446	-0.008589683112553733	-0.00930734412111095	111
NDST2	8509	-0.001989627773351107	0.00776650429854899	9
NDUFA1	4694	-0.011762891157984925	-0.011418807730502143	116
NDUFA10	4705	-0.008658194665123402	-0.006740706807851135	270
NDUFA11	126328	-0.010202088890543514	-0.0030483264436054805	207
NDUFA13	51079	-0.010859202858517731	-0.0015045062711873912	207
NDUFA2	4695	-0.001527463337897927	0.0015751053218772972	26
NDUFA3	4696	-0.009291473628042094	-0.006706453091709823	145
NDUFA4	4697	-0.0015973262246134225	0.005701939254473444	129
NDUFA5	4698	-0.007639612408017979	-0.004689220405756409	169
NDUFA6	4700	-0.008257713556175238	-0.004684939912236946	183
NDUFA7	4701	-0.010871202975157502	-0.005489183322038956	110
NDUFA8	4702	-0.004409322071531325	-0.0018822064620335876	292
NDUFA9	4704	-0.007675261660011604	-0.002085314078947955	186
NDUFAB1	4706	-0.008420184681289966	-0.005512960121702148	37
NDUFAF1	51103	-0.009647418178356513	0.000592553747466882	11
NDUFAF3	25915	-0.009464317537913545	-0.00482562927217344	211
NDUFAF4	29078	-0.00815022264450689	-0.002499472313498973	256
NDUFAF5	79133	-0.010838235472552317	-0.009572357292948837	153
NDUFAF7	55471	-0.010237849445183096	-0.006852595558148463	220
NDUFAF8	284184	-0.005746095807285474	-3.599049596514909e-05	259
NDUFB1	4707	-0.013081524498306235	-0.012316077972386326	79
NDUFB10	4716	-0.010186030780083994	-0.0059102175568225435	119
NDUFB11	54539	-0.009501740221766575	-0.007265363542054562	170
NDUFB2	4708	-0.006652508415602907	-0.002264804976587021	248
NDUFB3	4709	-0.005735822878140146	-0.004040215048942091	185
NDUFB4	4710	-0.009086137882339368	-0.004652902690599012	218
NDUFB5	4711	-0.005339884563988037	-0.0027763857915361055	133
NDUFB6	4712	-0.00995202708067392	-0.004260919622617691	134
NDUFB7	4713	-0.0107924158002916	-0.002495805998977043	207
NDUFB8	4714	6.948131606023824e-05	0.0017552637875907495	133
NDUFB9	4715	-0.004125400497128835	0.0015937627659916907	248
NDUFC1	4717	-0.008141831631220203	-0.0053892841552194625	183
NDUFC2	4718	-0.004398158078278138	-0.0008982911890429513	135
NDUFC2-KCTD14	100532726	-0.006958637119125503	-0.005386272969943558	173
NDUFS1	4719	-0.0023040926404668404	0.0014368069604594874	248
NDUFS2	4720	-0.005499571719077062	0.0004110226215666059	112
NDUFS3	4722	-0.000655026044849478	0.0024652899404130645	136
NDUFS5	4725	-0.006104029127596146	-0.004185289470199018	27
NDUFS7	374291	-0.009702849164934104	-0.000651501669272662	106
NDUFS8	4728	0.003811234726003926	0.005446527463432588	13
NDUFV1	4723	0.002819012658469955	0.005963287138987388	8
NDUFV2	4729	-0.008065480709809112	-0.004593868613677514	183
NEDD1	121441	-0.006164399298412712	0.009278970559391142	25
NEDD8	4738	0.011816688000786873	0.015896679394636872	76
NEFM	4741	-0.011026788461319641	-0.008705097799325524	55
NEIL1	79661	-0.007198040357709159	-0.0017650913720517717	11
NEK1	4750	-0.003939240397647134	-0.004458612118172852	67
NEK2	4751	0.0010679116476733526	0.011408832847688675	3
NEK6	10783	-0.0015571463117064783	0.0005905822965129343	99
NELFA	7469	-0.009362271008434493	-0.006225314790205683	205
NELFB	25920	-0.0063715225835410515	-0.0035670191857273613	255
NELFCD	51497	-0.010110885555961764	-0.006406330405148824	205
NELFE	7936	-0.008620020384204901	-0.007363358386415499	153
NEMF	9147	-0.004600981304508353	-0.005833074068016409	57
NEPRO	25871	0.03220529091991246	-0.015872305262836013	5
NEUROG3	50674	-0.004736405313995728	-0.0014673638359880832	59
NFATC2IP	84901	-0.007614484138353282	-0.008505963162936017	47
NFATC4	4776	-0.005309187402743556	-0.005102609731985178	40
NFE2	4778	-0.003807186607208683	0.008279176869507986	0
NFE2L1	4779	-0.006838332186854478	0.0028024426073485174	97
NFE2L2	4780	-0.004770492669316156	-0.0035802614395770574	296
NFE2L3	9603	-0.007233229949887595	-0.0044847824946602855	137
NFKB2	4791	-0.008152472304405486	-0.010335307969715603	77
NFKBIB	4793	-0.008996887659529195	-0.004924012970566106	191
NFKBIE	4794	-0.005611616580206834	-0.0057456668303626545	123
NFRKB	4798	0.008321488425123395	-0.006998794184493427	252
NFS1	9054	0.002039787856810779	0.008893307416547801	109
NFU1	27247	-0.0064400845403554926	-0.001501430213774013	51
NFYA	4800	-0.009958346933827663	-0.003367916276097786	97
NFYB	4801	-0.01290605859833229	0.0009625381642297885	97
NFYC	4802	-0.012093833961951071	-0.0005157470944688699	97
NGDN	25983	0.03234019290794665	-0.0149848709062176	5
NGLY1	55768	-0.012159408092923105	-0.009580869532202925	294
NGRN	51335	-0.00932254630390574	-0.0022464811167264677	89
NHLRC2	374354	-0.007496953495339251	-0.005629621757420164	203
NHP2	55651	-0.0010914709352766129	-0.0034010391109534376	195
NHSL1	57224	-0.008035157621657251	-0.006174589816576243	203
NIBAN3	199786	-0.008355269191083009	0.0007385940871297684	69
NIFK	84365	0.06017440340510687	-0.038438419675633356	233
NINL	22981	-0.011149221880333874	-0.008598995923933102	228
NIP7	51388	0.04906609972247283	-0.03426178801323085	23
NIPAL2	79815	-0.010351090346065798	-0.007285964181442241	110
NIPBL	25836	-0.00726439484011809	0.0055663364345398285	289
NISCH	11188	-0.005699387133927655	0.0005938363216019184	206
NKAP	79576	-0.008573855116740373	-0.004649628871059172	191
NKAPD1	55216	-0.00850785466090716	-0.007182453328906099	202
NKTR	4820	-0.005022066818777521	-0.0023689286435847603	181
NKX2-5	1482	-0.010083183172436536	-0.007567956016715539	159
NKX6-1	4825	-0.004572421355213003	-0.0030594628027607344	244
NLE1	54475	0.03862186205388123	-0.02928560767925266	23
NLRP13	126204	-0.009677259864847007	-0.0071173869593394576	182
NLRP2	55655	-0.008559313117576637	-0.005837833191405689	145
NMD3	51068	0.05351607535992933	-0.036578365987643593	23
NME2	4831	-0.007505015845869057	-0.0012476530065333436	191
NME5	8382	-0.008595566092705195	-0.006985021407963565	111
NME6	10201	-0.007783735486074602	-0.006567280212776744	41
NMNAT1	64802	-0.006377544634038729	-0.0006882832091792287	86
NMT1	4836	-0.007584482856426574	0.010943468818123176	69
NOA1	84273	-0.007354684497525302	-0.004738558651724524	203
NOB1	28987	0.057271790565996517	-0.00423907841093307	184
NOC2L	26155	0.023083443208584346	-0.022643059206010133	68
NOC3L	64318	0.01573863711211616	-0.01929308768752457	68
NOC4L	79050	0.03210851862729114	-0.015130280310487363	5
NOCT	25819	-0.007756422314383294	-0.007345054239500187	57
NOL10	79954	0.04068603323317475	-0.014938854744418202	5
NOL11	25926	0.030049929265849474	-0.019804900912356493	162
NOL12	79159	0.008283479462171612	-0.013043945441385983	68
NOL6	65083	0.07211063570643443	-0.005697600778339619	184
NOL7	51406	0.032434127147635945	-0.019832629589225888	253
NOL8	55035	0.031500288032877174	-0.028340528008785268	23
NOL9	79707	0.0032646002378110156	-0.011365104628816302	231
NOLC1	9221	0.015918447850516933	-0.017197885002635745	68
NOM1	64434	0.015038507446878827	-0.011254012531229759	252
NOMO3	408050	-0.007920586724441996	-0.002654163378473933	120
NONO	4841	0.005240372947193957	0.005836346925703015	13
NOP10	55505	-0.007094738131755476	-0.00778013913312286	104
NOP14	8602	0.043691017556910274	-0.014235337354001567	5
NOP16	51491	0.04920026032682138	-0.03450490943419501	23
NOP2	4839	0.048223840055207086	-0.03402487253108703	23
NOP53	29997	0.06995635444557204	-0.04078119640313548	233
NOP56	10528	0.12320611189516506	-0.024381418172289678	288
NOP58	51602	0.12319617417204537	-0.024374502667615892	288
NOP9	161424	0.00865931495507993	-0.012658446334367008	139
NOS1	4842	-0.008463147390853668	-0.006021481992942721	236
NOS1AP	9722	-0.004831537537643682	-0.0010252576718274987	219
NOSIP	51070	-0.010151965175822031	-0.0092952079627012	150
NOTCH2	4853	-0.003998325561343376	-0.0020304759247089734	16
NOTCH2NLA	388677	0.0008163964273870032	0.015584091182807408	14
NOTCH2NLB	100996763	-0.0023104928911388206	-0.0009279715191349894	181
NOXA1	10811	-0.004817155670011636	-0.0005681405433960472	51
NPAS4	266743	-0.0018573987190528482	0.0028449701563391617	26
NPAT	4863	-0.00013964062883148472	0.017620607665779095	157
NPB	256933	-0.007296609280814162	-0.005003955321889282	51
NPC1L1	29881	-0.0017986723430862199	0.0028028554506891704	45
NPEPPS	9520	-0.0097904755111738	0.001514445277460348	22
NPIPA1	9284	0.00010446702365880084	0.012443841467513735	113
NPIPA3	642778	0.0043499261001442545	0.02103224441387078	52
NPIPA5	100288332	0.004211199806988642	0.019583120776093157	52
NPIPB13	613037	-0.003442661871183758	0.004418939916282751	113
NPIPB5	100132247	-0.007699603778282067	-0.0032572466482796193	120
NPIPB6	728741	-0.0007972519174527315	0.010980974637216792	113
NPIPB8	728734	0.003882769492150602	0.020344467994739754	52
NPLOC4	55666	-0.008389928236016728	0.014377695816899787	85
NPM1	4869	0.00402336105074244	0.01752052301981558	267
NPM3	10360	-0.007362286168722378	-0.008262115093903333	101
NPR1	4881	-0.0018902352640552437	0.004327961685066596	10
NR0B2	8431	-0.005445517594565438	-0.004757567567315137	16
NR2C2AP	126382	-0.012313474787548975	-0.003540238860955424	29
NR4A2	4929	-0.004320607049048272	-0.0024808883918110555	196
NRAS	4893	-0.0005495956562352591	0.005412681425615382	3
NRBF2	29982	-0.002593061345941631	0.008182586493550062	91
NRBP1	29959	-0.000633017661856558	-0.011454980391727685	286
NRDC	4898	-0.005746907481165602	-0.003368798018708242	27
NRDE2	55051	-0.008863612734952012	-0.0053827957593513736	183
NRF1	4899	-0.002237557459741576	0.006827001118524014	96
NRIP2	83714	-0.006663259647794991	-0.001264243824309385	125
NSA2	10412	0.056943248975508495	-0.03561016273412114	23
NSD1	64324	-0.000991295511924889	-0.002308577855261671	190
NSF	4905	-0.002186736726308346	-0.005703839306382728	101
NSFL1C	55968	-0.009728716146884883	-0.007441191786674781	108
NSL1	25936	-0.004752449314120962	-0.002046584533453617	31
NSMCE1	197370	-0.005167976860533393	0.00042683882314608284	113
NSMCE2	286053	-0.009444673416236506	-0.005873302337886546	37
NSMCE3	56160	-0.010660030887217661	-0.0023978586860408757	269
NSMCE4A	54780	-0.005285773733006739	0.0011251181728263327	163
NSMF	26012	-0.004439079932757797	0.0006921702090547812	295
NSRP1	84081	-0.012898957272180794	-0.0030814636219640666	58
NSUN4	387338	-0.007258455610971766	-0.00507832774101143	236
NT5C	30833	-0.01192299636831715	-0.006041578023099115	242
NT5C3B	115024	-0.006470075920233016	0.003773031001699989	1
NTF3	4908	-0.008126535020556077	-0.0024421797891273464	217
NTF4	4909	-0.009709100681052362	-0.007034893127378082	155
NUBP1	4682	-0.005571656562272383	-0.0009972098500599003	127
NUBP2	10101	-0.008541821713317733	-0.0007212283222549094	92
NUBPL	80224	-0.0063330059586744845	-0.006658424267390546	104
NUDC	10726	0.0028790497106943595	0.011747600846844961	90
NUDCD3	23386	-0.003688311459317486	0.00018402062948617094	45
NUDT16L1	84309	-0.0090173848057943	-0.006429303000241745	74
NUDT17	200035	-0.002410007051210628	0.006184312084598318	10
NUDT21	11051	-0.009036515496136228	0.006844554267702553	70
NUDT4	11163	0.0016727679488314552	-0.002851740519384338	194
NUDT4B	440672	-0.0024296383550951807	0.003295528924796463	113
NUF2	83540	-0.001212183349269898	0.010556873807846973	25
NUFIP1	26747	0.00567955992202868	-0.010969684501077569	139
NUFIP2	57532	0.005416678768076416	-0.00601947807876716	243
NUMA1	4926	-7.384038866798716e-05	0.0009852428129715548	45
NUP107	57122	0.01073998297444352	-0.022961665382258686	128
NUP133	55746	0.010965579094819985	-0.02370360650864042	128
NUP153	9972	0.0029600998472561787	-0.009531327263074527	192
NUP155	9631	-0.011911322967314737	-0.004572987763874483	205
NUP160	23279	0.01106003205679348	-0.024262871616007087	128
NUP188	23511	-0.012020783748957578	-0.0017452491042344901	42
NUP205	23165	-0.009763142144137206	0.008831152672270665	141
NUP214	8021	0.015343148009220946	0.003773509409690306	204
NUP35	129401	-0.0028689174193177046	-0.001203527243745922	296
NUP37	79023	0.006081550357987344	-0.014249628452862002	128
NUP43	348995	0.009913848839740369	-0.02016054334822793	128
NUP50	10762	-2.6118503664838294e-05	0.009826575047729927	275
NUP54	53371	-0.011231290114063125	-0.003330096701136698	210
NUP58	9818	-0.011216701736071697	-0.0018911180362915512	210
NUP62	23636	-0.008973561222701468	0.0009322006389662189	210
NUP85	79902	0.01066111207858558	-0.02259073858644467	128
NUP88	4927	0.011979753615827397	0.003678031981851544	204
NUP93	9688	-0.010668269127344265	0.009534474247313547	141
NUP98	4928	0.010246486705737185	-0.021463063931309017	128
NUPR2	389493	0.0006039565845713039	0.008684339838935465	109
NUS1	116150	0.0280777763849315	0.002359523417393246	175
NUTF2	10204	0.021113650614498256	0.006616510237258429	204
NVL	4931	0.013611793075284043	-0.01752673957043253	68
NXF1	10482	-0.011561944001710898	0.009632556265185869	141
NXT1	29107	-0.015618894421896307	0.010852268547406866	141
NYAP1	222950	-0.003769212628579888	0.0037045333416188845	109
NYNRIN	57523	-0.007334220057873653	-0.004443639470935912	221
OAZ1	4946	-0.01037678980375567	-0.0029626360701103297	106
OBP2A	29991	0.006116146152333609	0.018550449297627974	33
OBSCN	84033	-0.008383742373805528	-0.005387206949441872	87
OBSL1	23363	-0.0017964023584822097	-0.0026463273008547504	99
ODR4	54953	-0.008092279787629162	-0.004770383834639627	87
OGA	10724	-0.011761537496731886	-0.0037338934549042556	150
OGDH	4967	-0.0038791000609637717	-0.003027768075304822	274
OGFOD1	55239	-0.006104270555463673	-0.005192639395082483	273
OGFR	11054	-0.0074289872125540566	-0.005756815449271033	177
OGT	8473	0.005409963844958317	-0.011597408674642951	128
OIP5	11339	-0.009687994306812272	0.0031267958098844186	70
OLFML3	56944	0.002175517427691507	0.011560157860538026	3
OPA1	4976	-0.0070160673914147	-0.0020161540662785335	186
OPN4	94233	-0.009327371203599959	-0.007458365460619367	46
OR10A4	283297	-0.010209903731399815	-0.0055452615828100625	66
OR10C1	442194	-0.0069169088114009476	-0.003217540668750212	180
OR11H1	81061	-0.006725809387553321	-0.0036889929848170256	259
OR1D2	4991	-0.010172888949119175	-0.005579515323763916	148
OR1E2	8388	-0.011670768315301835	-0.00979662600916762	79
OR2A1	346528	-0.007393866524788707	-0.002628134733756705	112
OR2A4	79541	-0.007296556861085846	0.00020904709936030787	164
OR2T29	343563	-0.006901123405449971	-0.001758849122465064	161
OR2T5	401993	-0.006946847381449254	-7.219908665441097e-05	112
OR3A3	8392	-0.009401614905926387	-0.004567163882162119	46
OR4A47	403253	0.002690291235711618	0.006958937484938029	8
OR4D1	26689	-0.008229579968564328	-0.0018994280794820528	256
OR4D2	124538	-0.007608719588839631	-0.0007896101835473475	239
OR4D9	390199	-0.0016131069875655623	0.0032331653708651043	157
OR4F21	441308	0.004565212259317727	0.019502847959360234	254
OR4F29&OR4F16&OR4F3	26683&81399&729759	0.00394921382395709	0.01833719777612383	254
OR4F4	26682	0.002343801698638692	0.01884316556252239	52
OR4K1	79544	-0.005387825986423501	-0.004450947660960467	40
OR4N2	390429	-0.007181156547917325	-0.006211350106095751	104
OR51I2	390064	-0.004953787787484228	0.0007824845101424219	193
OR5L2	26338	-0.007831332939935402	-0.0046821682270404745	257
OR6C6	283365	-0.005980586054962285	0.0028945881951279013	0
OR7A10	390892	-0.01164006164419274	-0.0018442162416196118	29
OR7A17	26333	-0.011070961881598614	-0.0008690231403677725	29
OR7G1	125962	-0.010726989883163925	-0.0055791071107168235	66
OR7G2	390882	-0.009317562430970643	-0.005686016643825137	238
OR7G3	390883	-0.010591244138802853	-0.006169048645198783	110
OR8A1	390275	-0.006190276015732802	-0.004954471396298859	273
OR8I2	120586	-0.0021166773243815147	0.002378695393437768	215
ORC1	4998	0.019474966915536313	0.05421486307819022	32
ORC2	4999	-0.0014255130123957166	0.001137079114541195	26
ORC3	23595	-0.007927055939975843	-0.005130858583030511	173
ORC4	5000	-0.004246573257067684	-0.0025129146003742484	185
ORC5	5001	-0.0075463850109849595	-0.00609643047354401	199
ORC6	23594	0.010534991259687928	0.03746397416198587	34
OS9	10956	-0.004247694428026429	-8.070511686776561e-05	169
OSBP	5007	0.002149532886832373	-0.010540448396437307	77
OSBPL7	114881	-0.003586976093081262	0.011749729957316966	1
OSGEP	55644	-0.009342426712705163	-0.00910765470254624	223
OST4	100128731	-0.009696841824367605	-0.008436013203930691	124
OSTC	58505	-0.004720828971603477	-0.006709460359461468	208
OTOF	9381	-0.005866690312895508	0.0024452456901463584	92
OTOP1	133060	0.01568765173182678	0.031267339702080676	18
OTUD5	55593	0.005230403777005637	-0.004369038475627745	198
OTX1	5013	-0.0050438300035360335	0.001068192484528056	92
OVCA2	124641	-0.008530047546892117	-0.003013560777243242	238
OVGP1	5016	0.0015860917143732294	0.012487688454342135	3
OVOL2	58495	-0.010143170400976651	-0.00971265647018581	116
OXA1L	5018	-0.0047569680340138224	-0.0052975366629581825	40
OXCT2	64064	-0.0028604144571439775	0.00590878979840005	109
OXER1	165140	-9.80998771917091e-05	0.011865000106001753	275
OXSM	54995	-0.009732984725853835	-0.007269468194349157	271
P3H1	64175	-0.006991061011932606	-0.0031875660882287656	227
P3H4	10609	-0.00832150453741628	-0.006422598256730201	108
PA2G4	5036	-0.002962575742809527	-0.006646046335918079	100
PABPC1	26986	-0.004777075924555521	0.009646045848608918	0
PABPC1L2B&PABPC1L2A	340529&645974	-0.0018552225064672105	-0.007801629710158842	213
PABPN1	8106	0.005588748084621994	-0.010300073730059808	64
PABPN1L	390748	-0.005414383257894789	-0.0018020969726365006	295
PACS1	55690	0.004337607816627109	0.006963395763546732	13
PACS2	23241	-0.009179655971969911	-0.006212944633281411	46
PAF1	54623	-0.003085003815949434	0.0036350621235438007	135
PAFAH1B1	5048	-0.011039860583420106	-0.002723757217448124	46
PAGR1	79447	-0.007269275444889643	-0.0021659429965625535	127
PAICS	10606	-0.003924299742711704	-0.0027024885163739925	160
PAK1IP1	55003	0.01678681911288155	-0.017907139094880772	68
PAK2	5062	0.005179520285745842	-0.0016983044654364035	151
PALB2	79728	-0.00596352167564562	0.0025380917415222556	92
PALM	5064	-0.012198334677626831	-0.0030383173628049614	146
PAM16	51025	-0.0018259144473941257	-0.007183969507595595	53
PAN2	9924	-0.003930247706588816	-0.0001712611614587407	169
PANK3	79646	-0.008620354064508928	-0.006762555775102218	238
PAPOLA	10914	0.0059882341093517545	-0.006536690111812605	98
PAPOLG	64895	-0.008299483303545586	-0.009720566377872374	77
PAQR3	152559	-0.004810983155996832	-0.011622986300999462	187
PAQR6	79957	-0.0019587954395245397	0.0029657803285682285	10
PARD3	56288	-0.007281469462624408	-0.006499132789642336	137
PARD6B	84612	-0.009155686722063737	-0.004307639604897537	121
PARL	55486	-0.006664995571933927	-0.0008580496774032531	186
PARN	5073	-0.009371373591123501	-0.0073835456505968455	242
PARP10	84875	-0.004982045103533943	0.0037307240936555177	65
PARS2	25973	-0.003954464809773085	-0.007198563439149275	24
PATZ1	23598	-0.00869283386658246	-0.004018319404669326	78
PAX5	5079	-0.006915836896616809	-0.006819597554502033	46
PAXBP1	94104	-0.010749765850062064	0.0033209636589532276	49
PAXIP1	22976	-0.004637297679209705	-0.00010619759025252336	163
PBRM1	55193	-0.010329574603134412	0.0006348375398876456	179
PBXIP1	57326	-0.0032058809000421237	0.004464262604594622	38
PC	5091	-0.005930411824019409	-0.0030965096570234442	196
PCARE	388939	-0.007213887911011302	-0.0030970820411447392	51
PCBP1	5093	0.0001902659769477089	0.0010729685844060373	243
PCBP2	5094	-0.009513222255824847	0.017663224490391757	39
PCDHA13	56136	-0.00453914738464412	0.00035875235296425916	163
PCDHA4	56144	-0.006806478728373874	-0.008408073469336955	111
PCED1A	64773	-0.009629127355080874	-0.00780517331496764	245
PCED1B	91523	-0.006875288738378176	0.0011415125749779378	186
PCF11	51585	0.011352196683665456	0.014083969950153964	138
PCGF2	7703	-0.006941441217389802	0.007465462786479113	1
PCGF6	84108	-0.004946992034201934	0.004479469523537301	80
PCID2	55795	-0.006317014448439456	-0.0033937354997721856	216
PCM1	5108	0.0013320621066951165	-0.008515405221751104	35
PCMTD2	55251	-0.00902083171445985	-0.009528201512622105	77
PCNA	5111	0.02093452401697839	0.05685897583615979	32
PCNP	57092	-0.0070007448943412934	0.0015312335551525918	227
PCNT	5116	-0.011816710345227577	-0.005457705073773142	150
PCNX3	399909	-0.007095188281584464	-0.00021666305139018336	186
PCP2	126006	-0.010321033442243695	-0.004528067039687283	43
PCSK9	255738	-0.0031822253786813375	0.0003029095678305118	118
PCYT1A	5130	0.0018410186853008523	-0.010304418206355229	128
PCYT2	5833	-0.00723938313379944	-0.004824507393099311	87
PDAP1	11333	0.004320379376649912	0.00806544285502493	266
PDCD11	22984	0.03596370831611784	-0.0159996910617897	5
PDCD2	5134	0.019090130305842425	-0.012671840101028824	252
PDCD2L	84306	-0.005999876000046665	-0.0063443722257061404	107
PDCD5	9141	-0.010917287517211762	-0.004732203974730403	172
PDCD6	10016	-0.0021072592748036995	0.009199345287665348	65
PDCD6IP	10015	-0.009048830704220025	-0.0049633434186208865	43
PDCD7	10081	-0.01716206928100569	0.0022647579828902003	15
PDCL	5082	0.001182790672628193	-0.004350854309894449	304
PDCL3	79031	-0.0026499605962982033	0.003157061266690698	31
PDE12	201626	-0.00988624489054028	-0.007859132722430464	249
PDE1B	5153	-0.003779148378910672	0.009054507794267851	0
PDE4A	5141	-0.011845471437614486	-0.0011209053761051014	29
PDE4C	5143	-0.013229066769511813	-0.0030679664322663413	50
PDE4DIP	9659	0.004247755552906186	0.017353941442319054	267
PDE7A	5150	-0.008793154945481824	-0.0025621100012073075	106
PDGFRA	5156	0.002063412342428468	-0.012182403958285013	187
PDK2	5164	-0.007821261824289185	0.0007884385521143975	36
PDPK1	5170	0.011136007503274824	-0.012272699110643255	72
PDRG1	81572	-0.013205526461968061	-0.0021074658589179604	42
PDS5A	23244	-0.002448661321459012	-0.009866454808788101	47
PDSS1	23590	-0.010378812387541542	-0.010850527477091466	103
PDSS2	57107	-0.007411417469341038	-0.007244551275835291	154
PDXK	8566	-0.009361623401983585	-0.006096303091758887	170
PDZK1	5174	-0.003968806583119021	0.0019738855273776622	10
PDZK1IP1	10158	-0.0030750452909823318	0.002157083387809791	118
PEF1	553115	-0.0018718597345218164	0.004003302962519103	295
PELI3	246330	0.0025171421527665585	0.005982371310082511	8
PELO	53918	0.004233001688503625	-0.011129084724981102	68
PELP1	27043	-0.003399656905064369	-0.00047189408524631976	45
PER2	8864	-0.009960796184524053	-0.0080083608497477	130
PES1	23481	0.05277341670997579	-0.0348823954008605	23
PET100	100131801	-0.011264639584511816	-0.004670822549711667	66
PET117	100303755	-0.0097214420272695	-0.009487786144751766	116
PEX1	5189	-0.006443341407370411	-0.004695127580150814	27
PEX10	5192	-0.006066904027107872	0.001858585740856383	164
PEX11B	8799	-0.005616044544898457	-0.0049372538546608264	24
PEX12	5193	-0.009202304276722499	-0.003066866166146883	148
PEX13	5194	-0.006237916169883016	-0.0037553144749129714	292
PEX14	5195	-0.005898409631992835	-0.0013389846490190092	63
PEX26	55670	-0.00839871954525597	-0.007187550729584884	46
PEX5	5830	-0.005621977104324016	0.000766308245904038	246
PEX6	5190	-0.004757814208463839	-0.006995136211812562	94
PF4	5196	-0.007138756358837422	-0.004333090117900331	246
PFAS	5198	-0.0007320629211816515	-0.0055704477966751495	64
PFDN1	5201	0.009877721066017356	-0.010891317116082972	35
PFDN2	5202	0.0052636632375267145	-0.010599346311724761	35
PFDN4	5203	-0.011231702618520183	-0.010150246905857988	55
PFDN5	5204	-0.005639398613876236	0.0008770408892977805	156
PFDN6	10471	-0.004707658357055184	-0.005784093839105898	48
PFKFB4	5210	-0.009005467088193362	-0.0052778826038754265	41
PFKL	5211	-0.010450332360702412	-0.006204948604775669	249
PFN1	5216	0.00014410643158479326	-0.005609384840898936	274
PGAM1	5223	0.005390583960536674	0.01947681262367788	254
PGAP6	58986	-0.006309447439117235	-0.0007233156600595947	127
PGBD2	267002	-0.0062748302526186945	0.0006344950828000218	125
PGD	5226	0.003254052763086763	-0.009606408640311703	19
PGGT1B	5229	-0.002648589332835129	0.004180400282578087	138
PGK1	5230	-0.003902589341821313	-0.002240677175604478	194
PGLS	25796	-0.011258322673249319	-0.005251328295242626	66
PGLYRP1	8993	-0.011588163718169288	-0.007538031747184546	6
PGM3	5238	-0.00762166081523245	-0.007126326336907235	280
PGM5	5239	-0.005532203295837831	-0.0006199472222862723	31
PGP	283871	-0.009287246762086133	-0.006082364094815074	108
PGPEP1	54858	-0.013070757196917235	-0.0019711713157652883	50
PGS1	9489	-0.007534740384855525	-0.004738806823279187	41
PHAX	51808	-0.015497897605290996	0.0019090195492825397	49
PHB	5245	0.037685182729671404	-0.001147769821329959	71
PHB2	11331	0.04630657761806376	0.0009560643933933709	71
PHC1	1911	-0.0025511988990257776	0.009602154510329168	0
PHF1	5252	-0.007805928685239336	-0.006479204372488043	104
PHF12	57649	-0.00692545253011875	-8.261949297198889e-05	164
PHF2	5253	-0.00618380395001865	0.0003029488833842159	86
PHF20	51230	-0.011995523308516921	-0.00598442879715701	200
PHF23	79142	-0.011493714178644698	0.0017799929139701188	49
PHF5A	84844	-0.010187702807722712	0.027883447186861775	61
PHF8	23133	-0.00395221145130347	-0.002492511248922524	158
PHGDH	26227	0.0027091172454994047	0.013539048225024386	3
PHKG1	5260	-0.000987546004875637	0.0028290001024442305	45
PHLDB1	23187	-0.010963704742252387	-0.00962601367883153	124
PHLDB3	653583	-0.013056116635656805	-0.012209379014468835	56
PI4KA	5297	-0.008275188485565582	-0.005918834046942179	140
PI4KB	5298	0.001345341820752768	-0.0012573681884155965	143
PIAS1	8554	-0.002592697211799503	-0.005077326071654826	117
PIAS4	51588	-0.006120968186827078	-0.0016513567897030756	143
PIGB	9488	-0.008441297312926938	-0.0052736805671817	270
PIGH	5283	-0.009923255857434672	-0.004312905229915741	11
PIGO	84720	-0.010246149962635422	-0.005341452663135912	58
PIGQ	9091	-0.0031182434106059643	0.006139483260720978	91
PIGS	94005	-0.008797977779802431	-0.0013750364799783295	148
PIGV	55650	-0.00523747785006827	-0.005920384348869491	16
PIGW	284098	-0.01000300212893992	-0.004350905902171106	148
PIGX	54965	-0.008353901334456912	-0.006633218477376694	251
PIH1D1	55011	-0.010823166762447302	-0.007530820756995807	6
PIK3C3	5289	-0.009753306022946174	-0.005921135557603475	119
PIK3CA	5290	0.008498609174747492	-0.01086512859516657	19
PIK3CD	5293	-0.008755525069337099	-0.006350057811383319	270
PIK3CG	5294	-0.007264651832326502	-0.0026683726511077394	216
PIK3R2	5296	-0.013543782427741891	-0.0023491139052151037	50
PIK3R4	30849	-0.010355607155287628	-0.006554914759357301	220
PIK3R5	23533	-0.007988648312732476	0.0007122261709970385	2
PILRA	29992	-0.00898584265479887	-0.007925600986986256	111
PIM1	5292	-0.0002524333155452114	-0.007441853074172112	280
PIM2	11040	0.004450322018373762	-0.008598055493574189	64
PIP4K2A	5305	-0.0032416921219431817	-0.002585652576412481	99
PIP4K2B	8396	-0.008161060350145815	-0.004350260823640546	191
PIP5K1A	8394	-0.006847977448685288	0.004831296475178522	179
PISD	23761	-0.0080746199785547	-0.004378692355982231	177
PITPNM1	9600	0.0030978555539261455	0.0053242508533699945	8
PITRM1	10531	-0.005489529794733052	-0.0041462428598951625	104
PKD1	5310	-0.007598656519947479	-0.001258321721461343	177
PKM	5315	-0.006992606064224476	0.00083282370218079	299
PKMYT1	9088	0.011065952764249933	0.009738962620820019	149
PKN2	5586	-0.0032448332614965283	-0.005777839390399781	208
PLA2G10	8399	-0.000983083925879793	0.009260630269629573	113
PLA2G4D	283748	-0.009105525747050565	-0.001068645282630211	11
PLA2G4E	123745	-0.011986622564666038	-0.003609069821017142	89
PLAC8	51316	-0.005621139307808771	-0.005574472459597915	185
PLAGL2	5326	-0.008137430117234392	-0.0053814554972635925	170
PLCB2	5330	-0.009308000252575015	-0.0008537005912655065	11
PLEC	5339	-0.0060395232139081635	0.0008294192548680099	240
PLEKHA4	57664	-0.011473310292792617	-0.008453522925789212	6
PLEKHG2	64857	-0.00848790089046305	-0.003134035225124708	155
PLEKHH1	57475	-0.008576511857525795	-0.006785813715975565	212
PLEKHM1	9842	-0.007479409957329811	0.0008076018360024278	239
PLEKHM2	23207	-0.004640433741012322	0.0022752629655614066	109
PLEKHN1	84069	-0.00969658690909399	-0.007673163400456917	130
PLGLB2&PLGLB1	5342&5343	-0.001215033761738593	0.004819463162603927	31
PLIN1	5346	-0.011275435862792189	-0.005056669860335896	146
PLK1	5347	0.0012230600434696615	0.010321233195480645	54
PLK4	10733	0.004693554998109193	-0.00667477824810028	35
PLRG1	5356	0.003954339939914295	0.03993898677998903	17
PLXNB3	5365	-0.012225582913666239	-0.011544179894576432	115
PMF1	11243	-0.004240720934638251	0.0010079115614239687	38
PMF1-BGLAP	100527963	-0.002278955451826169	0.002712834695752669	45
PMM2	5373	-0.010364739678165516	-0.007015042917215822	119
PMPCA	23203	-0.0032798604714859084	-0.004504024753664948	118
PMPCB	9512	-0.007711027001049505	-0.003721698006955582	51
PMVK	10654	-0.0029992847816172528	0.004435896651692708	38
PNISR	25957	-0.009452011729170871	-0.0009168349774649626	2
PNKP	11284	-0.004560533152737222	0.003236299315969763	260
PNN	5411	-0.009102682973768367	0.0011873811351658698	70
PNO1	56902	0.05875086391759247	-0.004100099954966324	184
PNPLA7	375775	-0.006172008360430757	0.0001143014916542411	86
PNPT1	87178	-0.004372937882910618	0.0001385116158766605	156
PNRC2	55629	-0.0005504249280887676	0.003991302118644003	3
POC1A	25886	-0.006804239896531393	-0.0013359499485750858	120
POGZ	23126	-0.006774139236064242	-0.0023435211845686593	179
POLA1	5422	0.013805020912526033	0.043923182653193456	32
POLA2	23649	0.00703863812622293	0.03313833314234273	17
POLD1	5424	-0.009842771251344409	-0.0044216389694362295	134
POLD2	5425	0.001961834841058692	0.013925955236052263	138
POLD3	10714	0.006309945344583115	0.02919534674163009	17
POLE	5426	0.01948486618591007	0.054626155163285554	32
POLE2	5427	0.014238646906666782	0.04476585529038234	32
POLE3	54107	-0.00868966276737353	-0.004436404234164093	180
POLE4	56655	-0.006672277434571002	-0.002961089442814938	59
POLG	5428	-0.008300275005255212	-0.004721273422428428	211
POLG2	11232	-0.0067837908717755056	-0.005856377547283567	57
POLM	27434	-0.005316550616478185	-0.0031406376550590005	67
POLQ	10721	-0.009790243144805269	-0.005197568281135163	256
POLR1A	25885	0.05278720933428305	-0.029929063501731613	291
POLR1B	84172	0.05865451728524308	-0.03185484873926893	291
POLR1C	9533	0.030651633080701034	-0.022519683720300273	162
POLR1E	64425	0.02373055350001596	-0.02072658221603725	162
POLR2A	5430	-0.004751143588630642	0.0054698725488103415	132
POLR2B	5431	-0.014084825715562549	0.023665403191534734	39
POLR2C	5432	-0.016497812571031	0.03217384858417661	39
POLR2D	5433	-0.015748707526361875	0.02911736139525447	39
POLR2E	5434	-0.01263027857963787	0.019333957943764003	39
POLR2F	5435	-0.01650715442203016	0.032199920220244496	39
POLR2G	5436	-0.016174095380994857	0.03147907499084881	39
POLR2H	5437	-0.010366883309754908	0.014303155120190904	39
POLR2I	5438	-0.009163192068172238	0.018650915609255886	39
POLR2J	5439	-0.016403872785542166	0.031911677425614834	39
POLR2J2	246721	-0.009351753288984938	-0.005671457026205612	211
POLR2J3	548644	-0.01653021965375423	0.03226429165234995	39
POLR2K	5440	-0.01555374151671761	0.02974947625919979	39
POLR2L	5441	-0.01486571186241466	0.026393526947072497	39
POLR3A	11128	0.007434269586677798	-0.010953008732013568	19
POLR3B	55703	0.0017349492382983881	-0.010520726123828799	19
POLR3C	10623	-0.0042096527745452885	-0.008852740206937852	47
POLR3D	661	-0.005407722225941596	-0.00767663409860207	47
POLR3E	55718	0.007461777385244956	-0.010034145076328656	19
POLR3F	10621	0.006453063943417392	-0.010924474457177662	19
POLR3H	171568	-0.00614139675113028	-0.003726991914907887	222
POLR3K	51728	-0.008255894992022129	-0.006079235203764679	242
POLRMT	5442	-0.009827707695150284	8.573330783584067e-05	106
POM121C	100101267	-0.002636793432365076	-0.003217091337372238	214
POMP	51371	-0.0025106707360886844	0.017240721381887855	165
PON1	5444	-0.005798270173393102	-0.004094815548375997	214
POP1	10940	-0.002159972648572474	-0.0035445609603989123	20
POP4	10775	-0.006586007680233965	-0.008072736420520907	201
POP5	51367	-0.006688869257288593	-0.009268029740003994	56
POP7	10248	0.014841095766773586	-0.01212696587234434	139
POT1	25913	-0.006842911280362036	-0.0020624960785771557	86
POTEC	388468	-0.006047685443032915	0.0009886738323886869	166
POTED	317754	-0.008927005513448695	-0.0028907697138504545	148
POTEE	445582	0.0003745455255436773	0.011696948202901696	54
POTEG	404785	-0.0028068088160444174	0.002225507275193463	156
POTEH	23784	-0.0026705358613472252	0.0029282956123790472	156
POTEI	653269	0.002574116285694885	0.008667571834125117	54
POU2AF1	5450	-0.008068035653365387	-0.010402173138028343	77
POU2F1	5451	-0.006619793350740782	-0.00551142933292658	104
POU2F2	5452	-0.01101987744780278	-0.007853007174234886	6
POU5F1	5460	-0.0013915324490664965	0.009292608534352601	38
POU5F1B	5462	-0.008506374793479883	-0.0006476681708955749	83
PPA1	5464	-0.008445798806980038	-0.005523713778067159	74
PPA2	27068	-0.008651101390719649	-0.005752501998741654	183
PPAN	56342	0.03397765892924581	-0.02765392943012105	23
PPAN-P2RY11	692312	0.020204262632684118	-0.022176181021004444	68
PPARGC1B	133522	-0.0060499554950839305	-0.0010015740311855796	63
PPAT	5471	0.0054596602774874825	-0.007774875916504709	64
PPCDC	60490	-0.008641183997939604	-0.003949803287438443	11
PPCS	79717	-0.010380744868664879	-0.008995223384852374	124
PPFIA4	8497	-0.008308234233884758	-0.00443209127281365	60
PPHLN1	51535	-0.00547848604191991	0.0011336373362860577	0
PPIA	5478	0.003944482692109352	0.006861037583640525	267
PPIAL4A	653505	0.019431346424868767	0.034242774625238254	18
PPIAL4C	653598	0.020421060961378697	0.03593802040978366	18
PPIAL4D	645142	0.007527862119325371	0.025280553597800366	52
PPIAL4G	644591	0.019793644772010472	0.035188854532392115	18
PPIE	10450	-0.008867936021385407	-0.0033842167395099123	78
PPIH	10465	-0.004669461759462259	-0.005907396545382583	22
PPIL1	51645	0.0002579053076919141	0.008997903317994318	54
PPIL2	23759	-0.0059481478776633465	0.004616697012850975	69
PPIL4	85313	-0.0099560448215223	-0.006095142509771827	134
PPIP5K2	23262	-0.0019220251370484324	-0.004622577446358521	60
PPM1D	8493	0.01013926754056208	0.032343856233745034	34
PPM1E	22843	-0.004490298746703747	-0.0030228659543096114	10
PPM1F	9647	-0.009786190196572014	-0.0056593623810063986	43
PPM1G	5496	-0.007584743955856526	-0.0029718291080416633	298
PPM1J	333926	0.0009461686288183827	0.010710813526417616	3
PPME1	51400	0.004273899743437277	0.0059774535385409945	13
PPP1CA	5499	-0.0004215656853903684	-0.002496376223786685	139
PPP1CB	5500	0.03788514140051211	0.02442729861839868	76
PPP1CC	5501	0.0036565670534485025	-0.008886480589367017	35
PPP1R10	5514	-0.003639659665665813	-0.006304264347357967	286
PPP1R11	6992	0.00043110032428493887	-0.0032364279572565926	195
PPP1R12A	4659	0.0381403929807324	0.024923072579169064	76
PPP1R13L	10848	-0.011041998946638992	-0.006099506403856555	110
PPP1R14B	26472	0.0023306261585007565	0.005629586564670653	8
PPP1R15A	23645	-0.00975382361010629	-0.008774881175006102	111
PPP1R15B	84919	0.02944756762764666	0.0016399168189632862	98
PPP1R16A	84988	-0.007125746330057927	0.0002469585508304964	164
PPP1R18	170954	-0.00592622291058789	-0.0058264879248039305	104
PPP1R2	5504	0.004553612670368479	0.0018183466804584732	195
PPP1R35	221908	-0.007806532815169199	-0.006853871091747949	199
PPP1R37	284352	-0.011302216987122115	-0.0058146240936088256	6
PPP1R3E	90673	-0.006623478314404961	-0.004899499512800351	173
PPP1R7	5510	0.005494638355739084	-0.0011215584492969158	100
PPP1R8	5511	-0.006957522110918327	-0.001226425105303276	155
PPP2CA	5515	-0.0036864642312958674	0.004357131651984342	135
PPP2R1A	5518	-0.00551871000965504	0.0021970846196768578	135
PPP2R2A	5520	-0.0016397880216390466	-0.009611877683235749	286
PPP2R3C	55012	0.007097773096743383	-0.00645141085104075	35
PPP2R5B	5526	0.0028928232201550887	0.007230344665031486	8
PPP4C	5531	0.0005294099496751133	0.015526392327945022	138
PPP4R1	9989	0.0001168471743925755	-0.009194505656776956	192
PPP4R2	151987	-0.0077409001854696876	0.004264503573851856	69
PPP4R3A	55671	-0.004615001062452827	0.0026392255476219303	166
PPP5C	5536	-0.012213268060100988	-0.0070909639728166975	210
PPP6C	5537	-0.01517092348886997	0.0029523750215648538	15
PPP6R2	9701	-0.010871657193872635	-0.008325037311860989	153
PPP6R3	55291	-0.014803290215454616	0.00010817272963673048	15
PPRC1	23082	0.032737484549245834	-0.014684308123377166	5
PPWD1	23398	-0.009151406631088732	0.009612142449215431	69
PPY	5539	-0.005602432484840005	0.010057491563570827	1
PQBP1	10084	-0.008126261072922024	-0.005305382461295275	137
PRAC1	84366	-0.007387180414380981	0.0045539524486610215	1
PRAM1	84106	-0.00957597423803405	-0.0038898483881012434	269
PRAME	23532	-0.007903622732189093	-0.003320366263934201	216
PRAMEF11	440560	-0.009242034303356305	-0.00733939480774443	209
PRAMEF12	390999	-0.008833174793299765	-0.006055121917269939	88
PRAMEF13	400736	-0.005504546146038515	3.672748831102102e-05	161
PRAMEF15	653619	-0.0006665937254095821	0.012498252761357496	14
PRAMEF17	391004	-0.006069735502953594	0.00026946000371019313	161
PRAMEF18	391003	-0.007266775279616151	-0.0008549487116104913	86
PRAMEF20	645425	-0.009956297091530562	-0.008905805484654777	124
PRAMEF5	343068	-0.006392036367501603	-0.0012965634673510473	86
PRAMEF6	440561	-0.0012721017967279103	0.01141868089355262	14
PRAMEF9	343070	-0.003875823978797964	0.005140336823672234	279
PRC1	9055	0.0018508114799645034	0.02177129976080572	102
PRCC	5546	-0.004196210640043969	0.0007404801377389582	166
PRDM10	56980	-0.011340451111384627	-0.0051753271932801145	121
PRDM4	11108	-0.007348410793011622	-0.004919136837054847	283
PRDX1	5052	-0.007116127389290892	-0.004152845931354653	246
PREB	10113	0.0007636943656055115	-0.006796866020077523	64
PRELID1	27166	0.051234370450042394	0.002088698291473678	71
PRELID3B	51012	0.05627297195553726	0.00472453919329496	71
PREX1	57580	-0.008672722929068741	-0.010947782056319987	77
PRG4	10216	-0.007220261332095891	-0.0034834454875232036	147
PRH1	5554	-0.008314185993483679	-0.0047550312780177875	114
PRIM1	5557	0.013553624292139306	0.04460350917068726	32
PRKAA1	5562	-0.006625055456210993	-0.0011782174092020287	216
PRKAB1	5564	-0.008910460800420078	-0.007386980212611874	130
PRKAB2	5565	-0.008445101599059136	-0.0047920974818002945	87
PRKAR1A	5573	0.0031502173041982454	-0.009520445397248044	72
PRKAR2A	5576	-0.009629052786615156	-0.007234830665820422	55
PRKCSH	5589	-0.010846968915313119	-0.005473489288120406	119
PRKCZ	5590	-0.009881002937000118	-0.006524838432576912	37
PRKRA	8575	-0.0014105269811751965	-0.0005959307495395504	188
PRKRIP1	79706	-0.006720595854831262	-0.0008518888907703881	86
PRLHR	2834	-0.00451424771757928	-0.004802770913456043	273
PRMT1	3276	-0.006824192259940163	-0.004677078771239071	290
PRMT5	10419	-0.005497715544073588	-0.005242387132080656	40
PRMT7	54496	-0.007624237140120425	-0.003866701751610634	73
PROCA1	147011	-0.007749620627570779	0.002280325371098065	36
PRODH	5625	-0.008702260796753665	-0.004798190091387552	78
PRODH2	58510	-0.011082426110510815	-0.009569816237055669	115
PRORP	9692	-0.005115955979420488	-0.003260188908185154	154
PRPF18	8559	-0.00687741794221395	0.0013244416685219852	176
PRPF19	27339	-0.009551195282784085	0.028766254861160582	61
PRPF3	9129	-0.0005850336443485951	0.01734946045199054	85
PRPF31	26121	-0.004918633358202358	0.023957699403836658	85
PRPF38A	84950	-0.0050038465664270695	0.03548284343538714	85
PRPF38B	55119	-0.001510160963685589	0.0034117100931764207	224
PRPF39	55015	-0.008730677644224234	-0.0021998798393200103	222
PRPF4	9128	-0.008386828388691935	0.027845825317183163	85
PRPF40A	55660	-0.0182911226277692	0.0017118395794961671	15
PRPF40B	25766	-0.001647732964346524	0.012250269637248122	0
PRPF4B	8899	-0.0039738203422574	-0.00839597241401027	44
PRPF6	24148	-0.006277913702140201	0.03390764913501776	85
PRPF8	10594	0.002373346974347034	0.042391600620277956	17
PRR12	57479	-0.01067515464433385	-0.004385898755246515	207
PRR13	54458	0.004324563992116019	0.019064818243146337	52
PRR19	284338	-0.011421586683112814	-0.009524636593821714	6
PRR20D&PRR20C&PRR20B&PRR20E&PRR20A	122183&729233&729240&729246&729250	-0.007782423556632268	0.006253345951572155	22
PRR22	163154	-0.010338504847211938	-0.00433173787774772	226
PRR30	339779	-0.007871731739470554	-0.006453926093115324	140
PRR7	80758	-0.006061275613345431	-0.0004832435307821388	125
PRRC2A	7916	-0.005050392148464797	-0.00013703379466974315	298
PRRC2C	23215	0.0015454283884637847	0.0059332798736379325	8
PRSS50	29122	-0.008523076785957179	-0.004767496028202883	87
PRSS53	339105	-0.005297272131544835	-0.0007087691194606866	127
PRUNE1	58497	-0.002368232428665336	0.004743992652656391	38
PSAP	5660	-0.005683926706190882	-0.003100795796463002	59
PSAT1	29968	-0.004979043088233499	-0.002306042929431317	99
PSD4	23550	-0.00040183369670608663	0.002929656723728438	136
PSEN2	5664	-0.008378868320561547	-0.005210645346952485	87
PSG8	440533	-0.012220501278021708	-0.010382735396540495	294
PSMA1	5682	-0.015462543811228642	0.04705241116926119	165
PSMA2	5683	-0.014234562578110711	0.050073273958061854	165
PSMA3	5684	-0.0069760249568967085	0.03012386707520313	165
PSMA4	5685	-0.012767950724708424	0.05225916898734524	165
PSMA5	5686	-0.013576282197774318	0.051304899329592174	165
PSMA6	5687	-0.012462909293008195	0.05278349767697243	165
PSMA7	5688	-0.014401804986632348	0.0495098278556741	165
PSMB1	5689	-0.013591181891616778	0.04072498236097622	165
PSMB2	5690	-0.014431497651379454	0.0493579104945554	165
PSMB3	5691	-0.016596331043796632	0.04397669454546211	165
PSMB4	5692	-0.014517527152053502	0.04966046344199401	165
PSMB5	5693	-0.001038201081761557	0.0016840488743890152	165
PSMB6	5694	-0.001201718503068815	0.008830309369001716	165
PSMB7	5695	-0.012419527837955404	0.05283820451488839	165
PSMC1	5700	0.03797372363479742	0.031083331002021108	76
PSMC2	5701	0.038440301052622874	0.03176050651216067	76
PSMC3	5702	0.037596568510805686	0.03109328657186202	76
PSMC4	5704	0.03813316559053374	0.03144289201028859	76
PSMC5	5705	0.03817390197428149	0.031485929563807	76
PSMC6	5706	0.03734819922524848	0.03073022843471812	76
PSMD1	5707	0.03693224229220649	0.04301945230803371	282
PSMD10	5716	-0.0007264493177210167	-0.008970363781233047	105
PSMD11	5717	0.03654912270292186	0.04235320257730442	282
PSMD12	5718	0.03684860112045732	0.042913647319562945	282
PSMD13	5719	-0.007186876201979787	0.017214913953339524	85
PSMD14	10213	0.03618952078279084	0.0416163304759853	282
PSMD2	5708	0.030412972465531762	0.028173867451452138	76
PSMD3	5709	0.035910179499681	0.04225107904647217	282
PSMD4	5710	-0.007318984332634946	0.01799728444748277	85
PSMD6	9861	0.036865735944347035	0.04298124999098818	282
PSMD7	5713	0.036517081742553956	0.04252876970382739	282
PSMD8	5714	0.03675060724757554	0.042795644729470755	282
PSMD9	5715	-0.010557364280675375	-0.00867256968689569	124
PSME1	5720	-0.006292169471602334	-0.004198228322984788	154
PSME2	5721	-0.005557869221506278	-0.004560033946440469	273
PSME3	10197	-0.013585491794330443	0.001402091234854083	22
PSMF1	9491	-0.009733243902683084	-0.007877305018456914	245
PSMG1	8624	-0.011938622954418568	-0.005805627225178855	58
PSMG2	56984	-0.010952127167482926	-0.008686892401164499	37
PSMG3	84262	-0.004478921989496911	-0.0010416314643433935	186
PSMG4	389362	-0.008000995697411273	-0.006220764980638862	88
PSPC1	55269	-0.00826819971845571	-0.00978178518676084	47
PSRC1	84722	0.0035418804740287167	0.014773402773143493	3
PSTK	118672	-0.0056011999262630865	-0.0016671174341771741	59
PTAR1	375743	-0.00737383998820269	-0.003661743843822229	216
PTBP1	5725	8.872348214402942e-05	-0.006812119925019245	72
PTCD1	26024	-0.008466032177381025	-0.004801780289839927	259
PTCD3	55037	-0.0014106037797121484	0.0009591227733240155	154
PTCHD4	442213	-0.007673610164443078	-0.007378832897774909	247
PTDSS1	9791	-0.007312334037941282	-0.0020480391077104107	60
PTGES3	10728	-0.004676254155621255	-0.0008840908273565711	276
PTK2	5747	0.0371490327904831	0.018529401862071315	144
PTMA	5757	-0.005186821163986472	-0.0023239925855121145	175
PTP4A1	7803	0.0013224094420034502	-0.010189972752818712	286
PTP4A2	8073	-0.00703558699527118	-0.005149459405536042	88
PTPA	5524	-0.0016843316162164024	0.006276343066059733	9
PTPMT1	114971	-0.00012902973453336557	0.0007398933432215364	195
PTPN1	5770	0.004764298081044953	0.005267782191345168	13
PTPN11	5781	-0.010174198019948644	-0.002069567454592624	89
PTPN23	25930	-0.005533812586071156	0.00024619998650614316	167
PTPRU	10076	-0.007384335911138579	-0.0066688230697730146	24
PTRH1	138428	-0.009275943777446088	-0.007517738828759393	302
PTTG1	9232	-0.0068375270465801065	-0.0037638672676617167	88
PUF60	22827	-0.006606543076555686	0.012320098763350164	81
PUM1	9698	-0.011631776404130113	8.099250076780147e-05	22
PUM3	9933	-0.00935815724446782	-0.010544873074809622	284
PUS1	80324	-0.008888459624966198	-0.00669739662154431	249
PWP1	11137	-0.0007316830369579991	-0.009936577746326485	105
PWP2	5822	0.1224141336600714	-0.02542633482978513	288
PWWP3A	84939	-0.010647350289998159	-0.006443521291671957	119
PXN	5829	0.02392323450447019	0.013595361656740327	84
PYCR1	5831	-0.006348318464488389	-0.0007783915218057011	78
PYGB	5834	-0.011797029565854336	-0.011269194775512347	103
PYGM	5837	1.901093654811395e-05	0.0021818397833216104	133
PYM1	84305	-0.004306012521428606	0.00658170010438127	0
PYROXD1	79912	-0.005259885862111893	0.0030817162533237404	92
PYURF	100996939	-0.0017377551763483234	-0.002492346033211924	99
QARS1	5859	0.03232634738705456	-0.002919439884434499	71
QRFP	347148	-0.002126610328939744	0.003400103134067509	303
QRICH1	54870	-0.0055119550171831375	-0.007131036324479711	44
QRSL1	55278	-0.005890523262443207	-0.0039509660303325145	261
QTRT1	81890	-0.01239592874311855	-0.00329593779406121	29
R3HCC1	203069	-0.009844380490609228	-0.007612115851983145	47
RAB10	10890	0.024381580752557835	0.010307884948548453	84
RAB11A	8766	-0.008649047218943946	-0.007096781481950098	202
RAB11FIP4	84440	-0.008586597660510908	-0.0008134246892195478	83
RAB13	5872	-0.004620553715307784	0.000482281476386759	224
RAB14	51552	-0.00581174999746934	-0.007613843958919002	24
RAB18	22931	-0.007146356081333418	-0.006912492301240172	104
RAB1B	81876	0.0004418093697596556	0.004136330280429806	241
RAB23	51715	-0.005629902961692444	-0.005164903009687464	48
RAB26	25837	-0.010739393084775837	-0.008749979525722632	55
RAB35	11021	0.0007382954563626422	0.005606785579574416	96
RAB36	9609	-0.011233696342537498	-0.0103482510291801	103
RAB39A	54734	-0.011391825926475984	-0.011671566192414695	56
RAB3A	5864	-0.012722478690795666	-0.00653701233283431	200
RAB43	339122	-0.0065834602429569655	-7.3025895489644884e-06	227
RAB4A	5867	-0.008588777707455586	-0.008527770447476643	174
RAB5C	5878	-0.006381772973177684	0.01012867646051508	69
RAB5IF	55969	-0.011709518978130794	-0.009593201487139337	55
RAB6A	5870	0.005551986540757179	0.00565008183803729	8
RAB6C	84084	6.374482424752572e-05	0.0038684748560851535	136
RAB6D	150786	0.008817923364814646	0.013647051287195372	90
RAB7A	7879	-0.001922514394188086	-0.00039130405368610616	80
RABGAP1L	9910	-0.011072375434968631	-0.012031005920419106	103
RABGEF1	27342	-0.007389937032557618	-0.00312765535180427	216
RABGGTA	5875	-0.0026201760987784183	-0.003243459107265175	133
RABGGTB	5876	-0.007635593405143259	-0.006956277845390884	199
RABIF	5877	0.007851738178591383	0.004679444596974777	158
RABL2A	11159	0.0012234100862771502	0.011539860813131953	54
RABL2B	11158	-0.00927250281997209	-0.004437277248521435	78
RAC1	5879	0.041704899617949875	0.02121513369500776	144
RAC3	5881	-0.006800854171202043	-0.00406100949425124	59
RACGAP1	29127	0.0016630138217000865	0.02072007910149232	102
RACK1	10399	0.023748069520271538	0.004562185941110342	278
RAD1	5810	-0.002757047787116688	0.0026528663977049846	9
RAD17	5884	-0.0024810498329571424	0.0038447363412692694	9
RAD21	5885	-0.0076433414279822075	0.004849957904363039	289
RAD23B	5887	-0.008020082681800772	-0.0008498167797320342	179
RAD50	10111	-0.011044538959815027	-0.009768833516703086	159
RAD51	5888	0.005067877462457737	0.02773372685668331	34
RAD51B	5890	-0.009139796041632158	-0.005882469006607361	153
RAD51C	5889	-0.006494463442833487	-0.00024029832694019959	36
RAD51D	5892	-0.0057724619832849496	0.005271638589496463	1
RAD54L	8438	-0.00843066909744257	-0.005151974448539603	87
RAD54L2	23132	-0.011735419356319573	-0.007390791053022274	232
RAD9A	5883	0.00804094190734437	0.006815031370585286	13
RADIL	55698	-0.009746693295024507	-0.007286244328541708	74
RAE1	8480	0.029430721685825216	-0.012960373368934314	5
RAF1	5894	-0.010052459806241029	-0.007884019201677856	108
RAI1	10743	-0.0076643104198290506	0.005893161730383579	277
RALGAPB	57148	-0.008853863808394539	-0.007302229034330991	111
RALGPS1	9649	-0.00786779570507986	-0.0063741235153798185	24
RAMAC	83640	-0.007692122518100426	-0.005418160938989602	114
RAN	5901	0.02654011642696748	-0.0105983713838795	5
RANBP1	5902	0.008751819955430675	-0.013204688080575752	192
RANBP10	57610	-0.007507805295191024	-0.004371725485765739	168
RANBP2	5903	0.016392392536172574	0.007770319469855212	204
RANBP3	8498	-0.011901409212266725	-0.004769725491294874	146
RANGAP1	5905	0.010507563209439118	0.0015277358550134287	204
RAP2A	5911	-0.01047621589374641	-0.00721637793765014	47
RAPGEF1	2889	0.04125289699822036	0.021107938639340282	144
RARA	5914	-0.0104940670536895	-0.002987244065488808	148
RARRES2	5919	-0.008694106167090977	-0.003938103224774553	172
RARS1	5917	0.001584439342851647	-0.010638757722794557	19
RARS2	57038	-0.007318852878566689	-0.007082172574035854	223
RASA4	10156	-0.0011954704987622922	0.010109239283974655	109
RASD2	23551	-0.008271353463355145	-0.00368597109337875	78
RASGRP1	10125	-0.009806460611497354	0.001551500622343863	70
RASGRP2	10235	-0.003132056325823554	-0.0005305674753028138	185
RASL10A	10633	-0.007352604073438286	-0.0032274406616849653	221
RAVER1	125950	-0.012692273512931332	-0.0020483118081798843	207
RB1CC1	9821	-0.009014126797218905	-0.006297934400725604	97
RBBP4	5928	0.020104294498631773	0.0109637922766424	126
RBBP5	5929	-0.011380329774022977	-0.0033564377790177807	210
RBBP6	5930	0.006601531406546252	-0.0064008315992529425	151
RBBP7	5931	0.0035882265272258723	0.0023960100820310734	149
RBBP8	5932	0.01831827582937134	0.036046563406800784	18
RBCK1	10616	-0.008465500542906453	-0.005792644464383658	74
RBFA	79863	-0.011755699950685707	-0.010682522247219302	124
RBIS	401466	0.03299595345862807	-0.014552877527497239	5
RBM10	8241	0.007911071307568223	0.007180807797535414	149
RBM12	10137	-0.002949987598666655	-0.0075672690790827375	16
RBM14	10432	0.00452349877838973	0.0014092777458413483	190
RBM14-RBM4	100526737	0.002854948102287051	0.0055525666783886535	8
RBM15	64783	-0.007130583134751601	-0.001805823044779088	246
RBM17	84991	0.007755006188784791	0.014839829676342514	138
RBM18	92400	-0.006622034869074498	-0.0037404922057317842	245
RBM19	9904	0.02373485287513779	-0.01624113304983005	139
RBM22	55696	0.006442870925271784	0.03495354458828544	17
RBM23	55147	-0.003069298636297317	-0.005314694555483787	40
RBM25	58517	-0.017966406254139793	0.0016154193183404433	15
RBM26	64062	-0.001492290651561726	0.004920850399823579	3
RBM27	54439	-0.007431988456071875	-0.0045126025411946	137
RBM28	55131	0.0032396494380110353	-0.00874738609424449	118
RBM33	155435	-0.007294952335020564	-0.0007582020683575638	176
RBM34	23029	-0.008735067824345456	-0.009509362137481872	24
RBM39	9584	-0.00591332346660262	0.028591500565141245	61
RBM4	5936	-0.0003728294104026769	0.0038820747851753433	45
RBM42	79171	-0.0005141480257066451	0.004394075609859933	300
RBM48	84060	-0.011913349613203549	0.0027179989953667622	22
RBM5	10181	-0.005634230960639905	-0.008377388723089501	24
RBM8A	9939	0.015487197052901776	0.01562024938834107	84
RBMX	27316	0.008537246033417434	0.010406525595538622	171
RBMX2	51634	-0.007801679072703937	-0.00495028482249246	114
RBMXL1	494115	0.0006538570868126923	0.010176368024338031	3
RBP3	5949	-0.0034792884981620625	0.003698313234537149	217
RBPJ	3516	-0.004690319660026504	-0.0004867549903526764	63
RBSN	64145	-0.008593373825196118	-0.005321937060987028	74
RBX1	9978	0.03011410385463797	0.03470807933240743	282
RC3H1	149041	-0.007263445454947234	-0.0022005767327348933	164
RCC1	1104	-0.00354293432475871	0.0005827483141297294	231
RCC1L	81554	-0.0008268951372086993	0.00600220707702792	109
RCE1	9986	-0.005247540476464197	-0.0051592883256939455	208
RCL1	10171	0.06278422602165055	-0.007027658117160181	184
RCOR1	23186	-0.007807690920422117	-0.004631851149137636	123
RCOR2	283248	0.0009306281093577354	0.0034555425770674605	26
RDH5	5959	-0.008586955309207162	-0.006785323860101494	209
RDH8	50700	-0.012002716300301792	-0.004525156472866909	146
RDM1	201299	-0.005975787076015291	0.0027081618175703423	215
REC8	9985	-0.007374147972585775	-0.007099642312808065	212
REEP1	65055	-0.005692812373839683	-0.003106474411354253	221
RELA	5970	-0.0033207552412661827	-0.0016049731683550777	185
RER1	11079	-0.0031985089868218786	0.00035516316086704107	45
REV3L	5980	0.0034436777744047396	0.023842333955075814	91
REX1BD	55049	-0.012370582194345413	-0.004536482626371156	89
REXO1	57455	-0.011806292605258745	-0.00144998258368395	30
REXO2	25996	-0.005537183159858845	-0.006480945894490236	107
RFC1	5981	-0.0029392420797197255	0.0071008568379054135	142
RFC2	5982	-0.001742188647673332	0.008262575864129897	109
RFC3	5983	-0.006122961838231143	0.0006862340711011826	142
RFC4	5984	-0.0071067307965875706	-0.0021975133377303033	227
RFC5	5985	-0.004207808553140129	0.003363132600212265	63
RFFL	117584	-0.008708586401445659	-0.0034128846932776676	250
RFK	55312	-0.0025445100808581807	-0.005619890754086066	100
RFT1	91869	-0.009300494056300363	-0.006032898585385207	37
RFWD3	55159	-0.0001766460235403686	0.015491362213180081	91
RFX5	5993	-0.002322208715694844	0.006424051346224217	196
RFXANK	8625	-0.011655130927054206	-0.0027050234601293612	29
RGP1	9827	0.0005737261375037438	-0.0013546726999032045	99
RGPD2	729857	0.005935052041343333	0.016216435138111312	54
RGPD4	285190	-0.0052375690849166875	-0.002013108748321769	196
RGPD5	84220	0.00034148122706376024	0.011102329507957923	54
RGPD6	729540	0.00022075399280305956	0.009622586597590473	54
RGPD8	727851	0.0050267890622322075	0.007026260455154087	54
RGS9BP	388531	-0.005821310860438203	-0.001704338416334908	260
RHBDF1	64285	-0.00662412560709449	-0.0003128081144001036	60
RHEB	6009	0.007477209069432067	-0.011322282265771842	72
RHOA	387	-0.007950347640364659	-0.003325824995103812	274
RHOF	54509	-0.005502118787779867	-0.00366473151881218	255
RHOG	391	0.0037665926803538167	0.005734736670654653	96
RHOQ	23433	-2.9702453385397992e-05	0.01018396292209043	275
RHPN1	114822	-0.006517309404706545	0.0019778923044863803	112
RIC1	57589	-0.005460838530426082	-0.005264108953913098	280
RICTOR	253260	0.005206819727524475	-0.009794418109862278	72
RIF1	55183	0.017882867145240816	-0.013975901858727713	139
RILPL1	353116	-0.006096241967334741	-0.0060186272547913386	199
RILPL2	196383	-0.008526664553318504	-0.006859111190127617	74
RINT1	60561	-0.009124936616975481	-0.007537944899429342	251
RIOK1	83732	-0.005341256120456381	0.0015288443620646286	240
RIOK2	55781	0.046425932032264396	-0.011586003497035747	5
RIOX2	84864	-0.01193710541396445	-0.012159779622221834	103
RIPK3	11035	-0.0019302298900580616	0.0022499557062014156	156
RIPOR1	79567	-0.00664029356537338	-0.0015149280537591632	63
RITA1	84934	-0.0063384043915537674	-0.00496811778306774	27
RLF	6018	-0.008805512655853779	-0.013795322606844268	225
RMI1	80010	-0.0064665484752140364	-0.0026983407290421205	82
RMI2	116028	-0.003939728783596	-0.001051571871886392	60
RMND1	55005	-0.008557772599536821	-0.005788017372069956	170
RMND5A	64795	-0.006717362302223291	-0.0033334122344274015	160
RNASEH1	246243	-0.007121594157041087	-0.004821849869697576	82
RNASEH2A	10535	-0.012383341249173917	-0.002879807277302564	29
RNASEH2B	79621	-0.010248608917906729	-0.009186274334099792	24
RNASEH2C	84153	-0.01111123623574512	-0.00970537181954909	159
RNASEK	440400	-0.009873481742800231	-0.003153785760762488	269
RND1	27289	-0.0038978010691468577	0.006984169822468745	0
RNF103	7844	-0.002185666310789043	-0.007911395226929348	301
RNF103-CHMP3	100526767	-0.007601483107133045	-0.005239445091483309	245
RNF113A	7737	-0.008290497668970534	-0.0024733675064344362	176
RNF115	27246	-0.0038053889910667697	0.00012423667775593436	10
RNF121	55298	-0.008807696473058858	-0.004016225661733496	134
RNF123	63891	-0.0072828137167068275	-0.0034616600327693095	51
RNF126	55658	-0.008304373813295124	0.000341030665985267	120
RNF14	9604	-0.005211424259855161	-0.0018728190805884673	160
RNF145	153830	0.001079237256669507	0.0032634789144062168	96
RNF157	114804	-0.007492479816511092	-0.005325369079735045	203
RNF168	165918	-0.005164457158543309	0.0008252798147158529	63
RNF181	51255	-0.005724972507254806	-0.001151840193815788	31
RNF20	56254	-0.001107084221024514	-0.00812520169349978	290
RNF214	257160	-0.006700499294530546	-0.010294661556220377	178
RNF25	64320	0.0083044461143362	-0.01061833742802534	64
RNF31	55072	-0.004322322781993215	-0.004851357914444753	40
RNF4	6047	0.004382372825155943	-0.003317361567014972	158
RNF40	9810	-0.0018774757005061604	-0.004604308494674742	290
RNF41	10193	0.01788571678044111	0.006690672253277387	181
RNF8	9025	-0.006841506531610837	-0.0016135815060234916	120
RNGTT	8732	-0.019539629966652126	0.009067065977123197	122
RNH1	6050	-0.009241499241506959	-0.0075870445662345855	182
RNMT	8731	-0.004184312743977691	-0.007184023426117761	192
RNPC3	55599	-0.017948037916348292	0.001958550253993687	15
RNPS1	10921	-0.009683203990565369	0.003402718446496012	70
ROMO1	140823	0.007104639543326294	-0.011609136230196125	19
ROPN1L	83853	-0.003988019988591378	0.0036501491787042334	217
RPA1	6117	0.020443703355475754	0.056561289180359506	32
RPA2	6118	0.012876979305656346	0.04046724131535974	32
RPA3	6119	0.009260869187414176	0.031573745660169836	34
RPAIN	84268	-0.001040361879543887	0.012168554740988364	17
RPAP1	26015	-0.013520898825461564	0.008694338597279309	141
RPAP2	79871	-0.007664685329279454	0.012935505800786359	39
RPAP3	79657	-0.003952183162322562	0.009174278868895524	0
RPE	6120	-0.002539121913597501	0.0010749119323672247	303
RPE65	6121	-0.007155949344331443	-0.0026965088177603553	214
RPF1	80135	0.045890297625314144	-0.03303653434214402	23
RPF2	84154	0.06581734655081306	-0.040980523574000956	233
RPIA	22934	-0.007489471739472876	-0.0034340447729051832	221
RPL10	6134	0.09535533167457277	-0.03594614681469424	28
RPL10A	4736	0.06129386178306318	-0.012751601063268099	258
RPL11	6135	0.09325527086200536	-0.03810782753027146	28
RPL12	6136	0.054257211970974155	0.003216142712240083	71
RPL13	6137	0.05993376297641972	-0.028925587633782637	263
RPL13A	23521	0.10032577834894281	-0.0384697300255346	28
RPL14	9045	0.09908054061770209	-0.03811760380427181	28
RPL15	6138	0.09793670946435891	-0.03803795487506313	28
RPL17	6139	0.09948371355414187	-0.0382087896085765	28
RPL17-C18orf32	100526842	0.07710901373410153	-0.030311060820258494	28
RPL18	6141	0.09879178937135216	-0.03772306225286259	28
RPL18A	6142	0.09543528125678247	-0.03600049851144246	28
RPL19	6143	0.09728650474916976	-0.037270495255116325	28
RPL22	6146	-0.00026908931609200183	0.008295492545315501	275
RPL22L1	200916	-0.00952831619047131	-0.008000842419905235	153
RPL23	9349	0.0875651934462707	-0.03340764016982725	28
RPL23A	6147	0.020680124016634466	0.03558222758068676	18
RPL24	6152	0.06898847334557145	-0.026569636574483597	263
RPL26	6154	0.09844036429628888	-0.037594902327568354	28
RPL26L1	51121	-0.005146900841337663	0.002269774137909641	166
RPL27	6155	0.09677927885855508	-0.03668316399978141	28
RPL27A	6157	0.0961745959538477	-0.03677513834769308	28
RPL28	6158	0.02913208845378895	-0.028087320953873583	23
RPL29	6159	0.013664946936550739	0.032347664276672086	18
RPL3	6122	0.09220712238358075	-0.03725569841832411	28
RPL30	6156	0.09463256584670882	-0.03769471651161596	28
RPL31	6160	0.09689946686789278	-0.03661982377868961	28
RPL32	6161	0.09362857086466661	-0.03512557624735549	28
RPL34	6164	0.08643003882791164	-0.03178871076452211	28
RPL35	11224	0.056119432389504946	-0.026897107073221373	263
RPL35A	6165	0.0953171772126516	-0.03606716530459717	28
RPL36	25873	0.06620728045210236	-0.039128430327055236	233
RPL36A	6173	-0.006212420990376256	-0.011356401141504255	105
RPL36AL	6166	0.019600256287497467	0.03398737276956892	18
RPL37	6167	0.058477333164438525	-0.028014123876198085	263
RPL37A	6168	0.09332393395550583	-0.03753831754568366	28
RPL38	6169	0.08458548546705784	-0.038718510472058223	28
RPL39	6170	0.05847423220961846	-0.028488624086222044	263
RPL39L	116832	-0.008512764531154108	-0.004694825613402874	220
RPL4	6124	0.0994130342704056	-0.03839835170209531	28
RPL41	6171	0.003309109697492736	0.01692726874382402	254
RPL5	6125	0.06772750812286707	-0.027025248920447636	263
RPL6	6128	0.059229038994267194	-0.028370983421134914	263
RPL7	6129	0.08973651001491753	-0.03369552777186155	28
RPL7A	6130	0.040039315748584096	-0.022591675838084184	263
RPL7L1	285855	0.05543153185011179	-0.03132878616377724	263
RPL8	6132	0.0965466840629286	-0.037175743730560915	28
RPL9	6133	0.09629507052148202	-0.0361632222574759	28
RPLP0	6175	0.05143610372148381	-0.0054431404877079105	258
RPLP1	6176	0.02070359706813461	0.00665449515569025	90
RPLP2	6181	0.03287819410479938	0.003163951776897847	258
RPN1	6184	0.001883168961809578	-0.0011608947581018857	175
RPN2	6185	0.0023738530623575614	0.0018018255228606653	175
RPP14	11102	-0.003141061835514439	-0.005235991990877224	20
RPP21	79897	-0.006731765812624662	-0.0010222415921944262	156
RPP25L	138716	-0.0034772913848134714	0.0014731756353545072	215
RPP30	10556	0.006685649038234882	-0.008322279012371958	139
RPP38	10557	-0.008015783865733192	-0.005169968373614325	46
RPP40	10799	-0.007103141107861995	-0.0041037610199847925	180
RPRD1A	55197	-0.009731962720739541	-0.011168495417598692	187
RPRD1B	58490	-0.008370785992147793	-0.006981657904959582	296
RPRD2	23248	-0.002100151887104988	-0.000246900521716642	10
RPS10	6204	0.059714222380059925	0.007882370659900922	258
RPS11	6205	0.1081991266735817	0.01717857303867111	21
RPS12	6206	0.0732276694882527	0.011172849034668362	21
RPS13	6207	0.10116314670460538	0.015531845110768789	21
RPS14	6208	0.104756106508331	0.016896339626792108	21
RPS15	6209	0.10122745224816278	0.01687541982664583	21
RPS15A	6210	0.09601866202286495	0.01476672177204483	21
RPS16	6217	0.10531615623049018	0.01629055793333251	21
RPS17	6218	0.10440818747253425	0.016953942967315727	21
RPS18	6222	0.1028010497380406	0.01672098485135273	21
RPS19	6223	0.07957129573888544	0.010976230531771497	21
RPS19BP1	91582	0.01609288880595144	-0.010551621670519188	252
RPS2	6187	0.08162181804813569	0.010143451548723693	21
RPS20	6224	0.0848347583501011	0.01245771051403521	21
RPS21	6227	0.06095438219744782	-0.0032653440182246604	184
RPS23	6228	0.10649154730445394	0.01698777830238629	21
RPS24	6229	0.0806622604019413	0.011600219154698128	21
RPS25	6230	0.050792881348785866	1.2917605438949499e-05	184
RPS26	6231	0.05964541349622445	0.0077340463705368335	258
RPS27	6232	0.05023491159866029	0.014597609596817652	258
RPS27A	6233	0.0648741490770368	0.009812835209871671	258
RPS27L	51065	-0.008532035491593235	-0.0033796162661271973	11
RPS28	6234	0.08854121524271458	0.012003664793966595	21
RPS29	6235	0.07951954207610029	0.011635373388472104	21
RPS3	6188	0.061944239701283696	7.482804135828525e-05	184
RPS3A	6189	0.08263789267058282	0.012457157426445696	21
RPS4X	6191	0.10329546065030999	0.016588583742052833	21
RPS5	6193	0.10809037184351103	0.017090979933643644	21
RPS6	6194	0.08637050593872792	0.012555693060922897	21
RPS6KA1	6195	-0.0033456881078855996	0.0019183539996642353	295
RPS6KA4	8986	0.0029497969462037783	0.007265858243939921	8
RPS6KB1	6198	-0.006646650997194056	-0.005916710361620561	117
RPS7	6201	0.07528321136840271	0.004599035497096041	21
RPS8	6202	0.10092121166921017	0.01687111989387282	21
RPS9	6203	0.1074091271550318	0.01698919355146861	21
RPSA	3921	0.07803571806949815	0.01152742439488714	21
RPTOR	57521	0.009198586771723525	-0.012009451407301378	72
RPUSD2	27079	-0.0098729234425412	0.0010107407295950083	11
RPUSD3	285367	-0.007490640078442556	-0.00457527080349348	160
RPUSD4	84881	-0.008732701169019573	-0.007862290815140003	238
RRAD	6236	-0.006105435845621715	-0.0014292498649742876	206
RRAGA	10670	-0.00011060372512964899	-0.010336033242380768	105
RRAGC	64121	-0.0015443193512694425	-0.005759159900118114	64
RREB1	6239	-0.007614150187148159	0.0030014507990020396	167
RRM1	6240	0.02167462543752902	0.058119431308266946	32
RRM2	6241	0.012528599079325287	0.04230439498096317	32
RRN3	54700	0.0592069296236578	-0.022364865717355714	291
RRP1	8568	0.028621169989476926	-0.026581189312042848	23
RRP12	23223	0.0372160555538649	-0.013394774259030537	5
RRP15	51018	0.028766939281418692	-0.02662076980809722	23
RRP36	88745	0.030951026622350646	-0.01450172237335574	5
RRP7A	27341	0.031185999334351393	-0.014455322663898814	5
RRP9	9136	0.044035485170158345	-0.02088147125530228	253
RRS1	23212	0.039757726949886545	-0.031942353936747325	23
RSAD1	55316	-0.007802231963880267	-0.0006901555721474949	176
RSL1D1	26156	0.02043651698301104	-0.021748699861977853	68
RSL24D1	51187	0.06169925116244566	-0.03813378523855388	233
RSPH10B2	728194	-0.006888967163827025	-0.0017895976720466128	259
RSPH4A	345895	-0.0078637556032098	-0.007998323799077433	94
RSRC2	65117	-0.006332817084887483	0.002701381779489864	179
RSU1	6251	0.027979511686125974	0.01270170514627239	84
RTCB	51493	-0.004991094467964226	-0.006261418327858058	117
RTEL1	51750	0.011232690174192324	0.034452470887254304	34
RTF1	23168	-0.00387476880727166	0.005402253578819677	181
RTF2	51507	-0.011095919010037153	0.0048802860281221055	49
RTKN	6242	-0.003207984401332821	0.0032692995440884096	65
RTL10	79680	-0.007879902715200044	-0.0037134320647119294	78
RTN3	10313	-0.00397905162459324	0.0010626868465543247	157
RTRAF	51637	-0.007037192142677636	-0.005862591019367275	185
RTTN	25914	-0.005557331706450299	-0.010279805900628304	187
RUBCN	9711	-0.00851617984964381	-0.007523963331033513	108
RUNX1	861	-0.009964778439316419	-0.005033810527155284	97
RUNX2	860	-0.006475189048012982	-0.004185432136841899	48
RUVBL1	8607	-0.013111959057654679	0.00266032295736468	22
RUVBL2	10856	-0.013032859338304548	0.002143567890116289	22
RXRA	6256	0.00010373852229807567	0.005155242865136252	9
RXRB	6257	-0.007288218431969145	-0.008762477650929515	24
RYR3	6263	-0.010542801721756059	-0.004043084538719727	11
S100A11	6282	0.00308523745916019	0.018168003243642906	14
SAA2	6289	-0.0021820228887110197	0.0019129476708579145	63
SAAL1	113174	-0.003948163575147275	-0.001489712249682275	185
SACM1L	22908	-0.0004574478977105668	0.003053579168833517	135
SAE1	10055	0.0019428642271966065	-0.003608638500331021	206
SAFB	6294	-0.0038404335795415015	-0.0004309244298443444	59
SAMD4A	23034	-0.006466344400715433	-0.003048464814433901	143
SAMD4B	55095	0.0010044538467925482	-0.0035884215251763972	158
SAMHD1	25939	-0.008040532935279694	-0.008797294983081804	77
SAMM50	25813	-0.006912052373242905	-0.003651926464109502	222
SAP130	79595	-0.010549808176440422	0.003143747419941491	70
SAP18	10284	-0.006021062582756472	-0.006296663731356129	58
SAP30BP	29115	-0.009752526859387217	0.028747256475527644	61
SARDH	1757	-0.004405626847162628	0.0004240713560473658	67
SARNP	84324	-0.007070948621494221	-0.005302784561346689	170
SARS1	6301	0.02952165036958343	-0.0035879552292286	71
SARS2	54938	-0.008946940590435083	-0.005869729930885578	201
SART1	9092	-0.007371943725412663	0.012871453444511101	300
SART3	9733	-0.0036257643460357834	0.00386749053354167	63
SASS6	163786	0.0020622476636038313	-0.008037162340438884	35
SATB2	23314	-0.009182451226124638	-0.007322967178311319	153
SBDS	51119	-0.0009148848822070007	-0.004979763051592041	118
SBK1	388228	-0.007654144870490217	-0.0023124319101838643	120
SBNO1	55206	0.01532813609720931	-0.0030337648538792776	126
SCAF1	58506	-0.012693204340074794	-0.0037714757877129303	89
SCAF11	9169	-0.0006853701217096076	-0.0061480798153592964	64
SCAF4	57466	-0.009315593136676825	-0.005302229547141477	41
SCAF8	22828	-0.000516615114400373	-0.004573588406619682	174
SCAND1	51282	-0.009499170103542292	-0.007626134988588492	130
SCAP	22937	0.003911431935453234	-0.008524396040146183	128
SCD	6319	0.005011703883140505	-0.008874343900679777	151
SCFD1	23256	0.007927133908149205	-0.005568648958262305	64
SCGB1C1	147199	-0.007340178495486769	0.003437110087683031	2
SCGB1D1	10648	0.003639105047372555	0.009238726793037791	171
SCGB2A1	4246	0.0044900142434049885	0.007425300691026233	13
SCMH1	22955	-0.005156948955747342	-0.0036514245613384075	27
SCN4A	6329	-0.00739469215521266	-0.0005832603028365471	36
SCNM1	79005	-0.005722913077820699	-0.0035075933956806317	47
SCO1	6341	-0.009804597811683143	-0.004439780050082312	134
SCO2	9997	-0.009639887695041224	-0.006802376941787541	134
SCPEP1	59342	-0.005326184336417316	-0.0017712240086356621	234
SCRIB	23513	-0.007596499712213759	-0.0007532066401228458	164
SCRN2	90507	-0.007438627790855177	-0.002311475553100058	221
SCRT1	83482	-0.0062931469755701614	0.0018263525277115722	92
SCUBE1	80274	-0.009582497027925924	-0.005296436328227688	43
SCYL1	57410	0.002215928028296882	0.006542915493702574	8
SDAD1	55153	0.06593563104212263	-0.04106349341015243	233
SDC1	6382	-0.009267691220922265	-0.0054881583132427554	37
SDE2	163859	-0.007663771032634608	0.012760789780538228	69
SDF2L1	23753	-0.01286600157069719	-0.011833733016472297	228
SDHA	6389	-0.0026712216979766644	0.005339230899543454	275
SDHAF1	644096	-0.013544844076780246	-0.012903238451999203	115
SDHAF2	54949	0.003972445651974047	0.008491751505112326	171
SDHAF4	135154	-0.009723880550866437	-0.007595776000042923	202
SDHB	6390	-0.00896929644684215	-0.007477433465596091	245
SDHC	6391	-0.004276525276032827	-0.007502053227495948	213
SDHD	6392	-0.004258090032994422	-0.003077190229225835	143
SEBOX	645832	-0.009014595986323554	-0.00019690302605156833	36
SEC13	6396	0.011006441532383721	-0.023643064287077548	128
SEC16A	9919	0.002079055303629528	-0.007163480856514528	128
SEC23B	10483	-0.00852888608649068	-0.008455722701015925	174
SEC23IP	11196	-0.00421952446512243	-0.007108396630894751	192
SEC24A	10802	-0.0026911844534335634	4.0829823984235584e-05	67
SEC61A1	29927	0.035936042924886745	0.016383323548213275	144
SEC61A2	55176	-0.008092981314192267	-0.006062110382205628	302
SEC61B	10952	0.004202997519186573	0.007708418848693644	90
SEC61G	23480	0.03151582029724154	0.014690614694504963	84
SEC62	7095	0.010943092005260743	0.005345841114988959	175
SEC63	11231	0.003426908235277341	-0.002996211558233389	190
SECISBP2	79048	-0.007943522848897827	-0.005373477768349913	73
SEH1L	81929	0.015665486255910344	-0.01593677344258624	72
SEL1L	6400	-0.01356487045318704	-0.0007795100256911201	29
SELENON	57190	-0.006571514309530976	-0.006656969245024949	16
SELENOW	6415	-0.011823462818544088	-0.01023947647613501	115
SEM1	7979	-0.007458530037833111	-0.002266361465416124	283
SEMA3F	6405	-0.010195652630353885	-0.008274851539750503	55
SEMA6B	10501	-0.011960976152111492	-0.003489686055197369	29
SENP1	29843	-0.003893219033498874	0.004341687601363439	80
SENP6	26054	-0.006895085027511694	0.01420458340442895	39
SEPHS1	22929	-0.007916319143090579	-0.004916478443830107	283
SEPHS2	22928	-0.005361290122770458	-0.003397570336042951	53
SEPSECS	51091	-0.011285944138815047	-0.012204315784206962	187
SEPTIN9	10801	-0.004677859248541256	-0.006367971612869481	208
SERBP1	26135	0.0012767363406873938	0.015835257978249768	14
SERF1B&SERF1A	8293&728492	-0.006140178364754272	0.000275456303061999	86
SERF2	10169	-0.0023385728730210696	-0.0015290464804146762	188
SERINC4	619189	-0.009130993054862802	0.0014440821208756567	11
SET	6418	0.0008508450251213567	0.012179840295654573	3
SETD1A	9739	-0.006003727544926117	-0.0029087889497818585	53
SETD1B	23067	-0.011379786362093938	0.01505318880267876	39
SETD2	29072	-0.008315965579881665	-0.00023103164581895545	83
SETD5	55209	-0.0020756855266763773	0.0011015470879409718	45
SETDB1	9869	-0.004752510893864163	-0.0009622147781020715	274
SETX	23064	0.0065390142918682155	-0.008462164476551981	64
SEZ6L2	26470	-0.006444452489940111	-0.0004339495289903333	53
SF1	7536	-0.007346295870802321	0.0026459608818971	132
SF3A1	10291	0.006212808965651938	0.03303209884630773	17
SF3A2	8175	0.004445169055604226	0.03196480800589835	17
SF3A3	10946	0.005630890826530766	0.03464277123260967	17
SF3B1	23451	0.0035693385785913537	0.0325125008135783	17
SF3B2	10992	0.006540151095137382	0.037041238858969004	17
SF3B3	23450	0.008341252844184107	0.045320320376515864	17
SF3B4	10262	-0.010043579371761556	0.029078265051093913	61
SF3B5	83443	0.0074638131022432405	0.04359576866992982	17
SF3B6	51639	-0.009532968609978239	0.030759183115489284	61
SFPQ	6421	0.04024872242160543	0.022543305647464734	144
SFR1	119392	-0.007508030836538987	-0.00285506130338026	59
SFSWAP	6433	-0.014473734266059544	-0.00024268195427492952	15
SFTPB	6439	-0.006546338129086948	-0.00476718276683443	160
SGCA	6442	-0.0035030445590888784	0.00705515537003647	1
SGCE	8910	-0.005858983073759838	-0.003653711097442495	214
SGF29	112869	0.0051472619716819755	-0.01043658281785417	72
SGMS1	259230	-0.00498828334742144	-0.006354273150692238	101
SGO1	151648	-0.00903202167359489	-0.0055712901603589965	145
SGPL1	8879	-0.009661518620263772	-0.007605231118402642	170
SGPP1	81537	-0.008983858830552598	-0.007265419164334737	202
SH3BP1	23616	-0.007129241856742664	-0.005701977300545402	117
SH3GL1	6455	-0.01192691401562788	-0.00030513492565884226	49
SH3PXD2A	9644	-0.006331092980352277	-0.0013616398680689344	229
SH3RF2	153769	-0.008032916722075716	-0.005030183570597141	273
SHB	6461	-0.00859024167708412	-0.006888032861470839	230
SHC1	6464	-0.004810726987528389	0.004282563317228344	10
SHE	126669	-0.0038232032763209534	-0.0011877660957732112	10
SHFL	55337	-0.011865964442152252	-0.005719281234957683	110
SHLD1	149840	-0.0101937409880741	-0.004412663642972041	119
SHMT1	6470	-0.010606641775975412	-0.0062908358039556545	150
SHMT2	6472	-0.005031926548421646	-0.00134327791917699	169
SHOC2	8036	-0.011343183524089109	-0.004222376059268602	89
SHOX2	6474	-0.006590494059585665	-0.006585148278687805	40
SHQ1	55164	-0.00813693886890548	-0.005029392979070552	41
SIGLEC1	6614	-0.01289762293191169	-0.012975455684443898	103
SIGLEC14	100049587	-0.007661196957772045	-0.006347466651343092	57
SIGLEC6	946	-0.009544361279661087	-0.0076730685027543485	74
SIK1	150094	-0.005078046864689527	0.0028723948999763503	157
SIK3	23387	-0.001729357704661372	0.0034267620228035623	157
SIMC1	375484	-0.009961350698383921	-0.008298090350974188	130
SIN3A	25942	-0.009186937624513563	0.010981824709426507	49
SINHCAF	58516	-0.006807484545602353	7.378051100467964e-05	120
SIPA1	6494	7.910076990033227e-05	0.0028624694158882725	26
SIRPA	140885	-0.008894492367794956	-0.0060740137477766675	212
SIRT6	51548	-0.009957384358271903	-0.006895900866862753	110
SIRT7	51547	-0.004562331959602339	-0.002452007122916807	234
SIVA1	10572	-0.005904219571823218	0.0005749215751122656	217
SKA1	220134	-0.00683758148885974	0.007842692191096987	25
SKA2	348235	0.000794453849623795	0.013567441728275375	25
SKA3	221150	-0.0024022762176363504	0.0032516126780363797	231
SKAP1	8631	-0.007528152824753654	-0.00022287467038412698	36
SKI	6497	-0.008966805137837795	-0.007116255745509225	189
SKIV2L	6499	-0.005571983738091318	-0.005264473233125235	48
SKP1	6500	-0.009693457826924386	0.003352608409423647	235
SKP2	6502	0.004241854580852483	0.026784292701041795	34
SLAMF1	6504	-0.0036552241331461862	0.003383702520184634	10
SLAMF9	89886	-0.0016458012882783783	0.008231936779761929	38
SLBP	7884	-0.0006220809203571042	0.01468734337962578	157
SLC16A1	6566	0.004260238811649911	0.013251417924056584	3
SLC16A3	9123	-0.0028739146604448403	0.0034646141922385428	166
SLC16A5	9121	-0.007352478333053747	-0.004434785146266848	88
SLC1A5	6510	-0.008768849488300486	-0.006664560227504098	145
SLC20A1	6574	0.009534612466017962	-0.007268812046859459	98
SLC22A12	116085	-0.007533179004651509	-0.005433943007367124	154
SLC22A17	51310	-0.007123415890500564	-0.0025915894441814412	73
SLC22A25	387601	-0.0026118236434993125	0.0005709886524219548	26
SLC22A8	9376	-0.0004988620738152831	0.0025332208234322452	26
SLC23A3	151295	-0.003367534082159133	-0.006100470484160895	100
SLC25A1	6576	-0.010767654707009053	-0.005813444124644922	66
SLC25A10	1468	-0.008260445959579872	-0.0007983339135414472	11
SLC25A18	83733	-0.007945170979655957	-0.004114411450338086	221
SLC25A19	60386	-0.0066937107264750705	0.004717424819451988	1
SLC25A22	79751	-0.0026684369950629315	-0.0029531990140125087	158
SLC25A25	114789	-0.005760471833424733	-0.002345633070332169	274
SLC25A26	115286	-0.008152651127751421	-0.005435616155571253	41
SLC25A28	81894	-0.0029705031399291275	-0.0026405886650849373	99
SLC25A3	5250	-0.0062822199486306405	-0.006074301472783197	24
SLC25A42	284439	-0.013234329645522645	-0.007305269117870639	50
SLC25A48	153328	-0.008490592004117437	-0.005847670313014615	236
SLC25A51	92014	-0.0032310881162753726	0.0018310114158712999	248
SLC26A10	65012	-0.0034834555932529484	0.0013981128673175541	169
SLC26A8	116369	-0.005484910306153917	-0.005214403697745026	48
SLC29A1	2030	-0.004441068689687887	-0.0007854433902950836	38
SLC29A4	222962	0.0020450684663105606	0.009558175784492846	267
SLC2A1	6513	-0.0048887649942162895	-0.0037895582028803264	255
SLC30A9	10463	-0.006425409293550824	-0.006299386837221119	100
SLC31A1	1317	-0.006066087272608441	-0.0002581861178104948	86
SLC33A1	9197	-0.002556621108633981	-0.004818056081479813	222
SLC35A1	10559	-0.004751489712134814	-0.00600899747310105	280
SLC35A2	7355	-0.004404900791448943	-0.0014718395010866795	194
SLC35B1	10237	-0.004356742315332837	-0.00038136212810264383	206
SLC35B2	347734	-0.005537168983303903	-0.0057803287132386465	104
SLC35C1	55343	0.004158107433831689	0.007689110841201349	13
SLC35D1	23169	-0.007939579069271119	-0.006145526356820131	114
SLC35E2A	9906	-0.008385397474037153	-0.004725300653564701	87
SLC35G3	146861	-0.006416295622417892	0.005238137147045079	1
SLC35G6	643664	-0.0035476598911161755	0.012889111688806236	75
SLC38A2	54407	-0.008672189787182082	-0.0004238815682616397	83
SLC38A5	92745	-0.004115179063863174	-0.0009695227376159991	194
SLC38A7	55238	-0.007759315869357257	-0.0031366859483891035	127
SLC39A10	57181	-0.0032636211656665174	-0.007605587386348403	192
SLC39A4	55630	-0.003571129503165118	0.006821811778698159	65
SLC39A5	283375	-0.007380610710802044	-0.004361209943002452	73
SLC39A7	7922	0.003263521270186182	0.006675296367451103	188
SLC3A2	6520	0.0021060812997035277	5.171306962047729e-05	190
SLC41A1	254428	-0.006760298000192942	-0.006415928195822976	236
SLC4A1	6521	-0.007244604730705992	0.0010625586142631626	215
SLC4A1AP	22950	-0.01150465246459365	-0.00624779079004274	47
SLC4A2	6522	-0.007262109195601973	-0.002499981590117258	216
SLC4A5	57835	-0.005240302342802929	-0.00207273211162319	31
SLC4A7	9497	0.004405998632228154	-0.00998013529905768	72
SLC52A2	79581	-0.005897084020532422	0.0012790344373216232	65
SLC5A1	6523	-0.008526935606727197	-0.0044456769319992625	78
SLC5A3	6526	-0.012666436166392042	-0.01237955658444771	93
SLC5A9	200010	-0.007638436212160819	-0.0054675294784603656	302
SLC66A1	54896	-0.006622994048700854	-0.005555389233583245	16
SLC6A17	388662	0.00483772727866159	0.01788046372140623	33
SLC6A18	348932	-0.0031773314409122206	0.0038735169384163776	9
SLC6A6	6533	-0.008920758817646608	-0.006841637251642364	270
SLC6A9	6536	7.223839341922968e-05	0.0067152096775042565	3
SLC7A1	6541	-0.011529421849179992	-0.00967541091389159	55
SLC7A5	8140	-0.007152510456019955	-0.005926902687108473	16
SLC7A6OS	84138	-0.0005897421151549684	0.008888778756880954	39
SLC9A3	6550	-0.004404793415462356	0.003622621938178404	166
SLC9B1	150159	-0.008414603041820599	-0.006100217374858818	173
SLF2	55719	-0.0026318365760487693	0.003081677329081353	45
SLFNL1	200172	-0.004812550925815449	-0.002902636887180909	27
SLIRP	81892	-0.007886302843457928	-0.007877847491151403	100
SLMAP	7871	0.002242201842698918	0.0021766352242689507	132
SLTM	79811	0.000359752661465486	-0.00849165692642162	19
SLU7	10569	-0.0014853146567068132	0.026178298007445144	61
SLX1A	548593	-0.0029996229653956805	0.005585713100092022	113
SLX4	84464	-0.003063465693575456	0.005913750688188216	91
SMAGP	57228	-0.003549198070215103	0.00837573218479576	0
SMAP2	64744	-0.005555158580403658	-0.004439952410027013	16
SMARCA4	6597	-0.009357550047103714	-0.0012060292200534097	289
SMARCA5	8467	-6.703661374966126e-05	-0.004379799765004808	155
SMARCAL1	50485	-0.005569475338423114	-0.005264604214416119	101
SMARCB1	6598	-0.011494016779364019	-0.0049498644217892025	121
SMARCC1	6599	-0.010107796046544444	-0.0075763273496342876	55
SMARCD1	6602	-0.01023002145894083	0.0004924790451637871	22
SMARCD2	6603	-0.0032632047975572364	-0.00359304151055419	244
SMARCD3	6604	-0.009794998438691437	-0.0070126633620219295	74
SMARCE1	6605	-0.010175878313448251	-0.005218673888167808	150
SMC1A	8243	-0.008019236214192099	0.0021271302757237785	289
SMC2	10592	0.0020424259159189844	0.015240433712388523	254
SMC3	9126	-0.00869294791028272	0.003724241192665594	289
SMC4	10051	0.0017274791265564804	0.015028071117456755	254
SMC5	23137	-0.004201765119816226	0.0016598454330650062	129
SMC6	79677	-0.007803473297909855	-0.004629563919244276	180
SMCHD1	23347	-0.010733943575923152	-0.007175398248099979	47
SMCR8	140775	-0.007278188722913458	0.00569338398343946	277
SMG1	23049	0.007214619734170746	0.0062024149587425175	266
SMG5	23381	-0.001091978232683187	-0.002360032924811879	10
SMG6	23293	-0.00012706131798242472	0.0021465147519890196	266
SMG7	9887	0.005791697638217552	0.00583853527897343	266
SMG8	55181	-0.011582652788716181	-0.004037934349623407	207
SMG9	56006	-0.010744296418538076	-0.007813904946592653	6
SMIM29	221491	-0.009026255654181983	-0.009244308858309264	94
SMIM7	79086	-0.0090712330651808	-0.0005886571520587028	29
SMN1&SMN2	6606&6607	-0.014513974668935276	0.0005118180404692516	49
SMNDC1	10285	-0.012817724835820228	0.0027328866454399397	49
SMR3A	26952	-0.009420929102594169	-0.007481981236357156	209
SMTN	6525	-0.007154339010264415	-0.0036324113595696036	20
SMU1	55234	0.006617311526423504	0.04462229006896575	17
SMUG1	23583	-0.005469146303610149	0.0037791809806084274	0
SMURF2	64750	-0.011560791640681608	-0.007535933393087819	66
SNAP23	8773	-0.009463770674141649	-0.0022314561969465603	208
SNAP29	9342	-0.008197732534507235	-0.005497756380589407	88
SNAP91	9892	-0.005255717934632998	-0.006332523542922844	280
SNAPC1	6617	-0.010504996588904584	-0.005429064323995029	228
SNAPC2	6618	-0.013905278131256953	0.0023203606703627077	49
SNAPC3	6619	-0.012699463577035669	-0.0018511244701522305	132
SNAPC4	6621	-0.015060369478031289	0.0007596733932934852	49
SNAPC5	10302	-0.01289029919710937	-0.003960307419782056	89
SNF8	11267	-0.007735179890974219	-0.0022286384817764627	36
SNHG32	50854	-0.00798914136359617	-0.005875569457960788	88
SNIP1	79753	-0.004148164636177649	0.01268877791679516	235
SNRNP200	23020	-0.006973304024984585	0.033690789155560535	85
SNRNP25	79622	-0.016605485218455476	0.0013944384386757414	15
SNRNP27	11017	-0.003814752040850243	0.004222026399149937	300
SNRNP35	11066	-0.016408284929046342	0.0013797159793058709	15
SNRNP40	9410	-0.0032006580919586238	0.0021335090439440238	9
SNRNP48	154007	-0.015380942950924806	0.0009463268327058275	15
SNRNP70	6625	-0.009853075516954014	0.01938189176043939	61
SNRPA	6626	-0.015237519197951023	0.0007350576412132879	49
SNRPA1	6627	0.007862769928359659	0.04322902591246305	17
SNRPB	6628	-0.010713927215961814	0.02926544116775281	61
SNRPB2	6629	-0.012951563369173238	-0.004930585325037487	146
SNRPC	6631	-0.01032889299510658	0.0039038924835704688	22
SNRPD1	6632	-0.01085582809501268	0.03628370120823583	61
SNRPD2	6633	-0.010991298843511839	0.039268363748499534	61
SNRPD3	6634	-0.010955327411626496	0.03947927245550015	61
SNRPE	6635	-0.010311062062611762	0.02911806269402466	61
SNRPF	6636	-0.010976143845977462	0.039202379365544014	61
SNRPG	6637	-0.00987106561741398	0.0399155513000117	61
SNU13	4809	0.002133527150665732	0.041364485112081475	17
SNUPN	10073	-0.014491568567496001	0.00031967593236647044	49
SNW1	22938	-0.00911740680928392	0.027786171481932	61
SNX15	29907	-0.005726865488919867	-0.0009882104269580386	63
SNX17	9784	0.00044010899018989745	-0.005186493585213452	301
SNX32	254122	0.0006407603885098907	0.0032716747828926236	133
SNX33	257364	-0.0077343011136933575	-0.003152422201422402	43
SOCS3	9021	0.012328599077017773	0.002032829111898173	181
SOCS7	30837	-0.00973524735620115	-0.008893953232078694	77
SOD1	6647	-0.009026853213411155	-0.003422639177614469	191
SOD2	6648	-0.0107866763735607	-0.008851503870482252	152
SOGA3	387104	-0.010412740712604202	-0.00859904801131445	56
SON	6651	-0.00883339111037851	0.0010498139361026489	83
SOS1	6654	-0.010258059047882098	-0.006060443306439696	108
SOX10	6663	-0.007169398989642336	-0.0022262656210874144	222
SOX12	6666	-0.006655501844015133	-0.005472713665334159	16
SOX15	6665	-0.008178958892322152	0.0010945366178438027	2
SOX4	6659	-0.011375351428686972	-0.011622493920071768	103
SOX9	6662	-0.002091655188827542	-0.003096661647863377	99
SP1	6667	-0.003977194740143166	-0.0022592470369462965	151
SP2	6668	-0.008524824428240447	0.00046486874182367915	83
SP3	6670	0.0006051909414857376	-0.004819555452846749	128
SP5	389058	-0.007811851462649317	-0.005782470646659096	59
SP8	221833	-0.0036276197305839366	0.002166993227679193	163
SPACA7	122258	-0.006375200642081106	-0.00047100086952903564	60
SPAG4	6676	-0.009746624314228984	-0.007909384600708504	108
SPAG5	10615	-0.007662494644539182	0.0011640037314845204	83
SPAG7	9552	-0.005952662064903404	-0.002092845208824001	2
SPAG9	9043	-0.010233031712628649	-0.0006724005350513099	46
SPAST	6683	-0.007094540028057009	-0.00769976601463367	247
SPATA31A3	727830	0.0029785543582272794	0.016535572889438913	54
SPATA31A5	727905	0.0017158420642036773	0.01828385213686615	75
SPATA31A6	389730	-0.010815864469983968	-0.00888445344035269	153
SPATA31A7	26165	0.0033678829935841507	0.02021811741954384	75
SPATA5	166378	0.013547919541562457	-0.0185405153837781	68
SPATA5L1	79029	-0.011268133872856911	-0.002676006166008906	89
SPATC1	375686	-0.005554500684623889	0.0028154438394216957	125
SPATS2	65244	-0.003542163186887393	0.00413955073152827	80
SPC24	147841	-0.00955447932322152	-0.0003802381767319619	11
SPC25	57405	-0.00244276305625141	0.00663343740888298	240
SPCS2	9789	0.006962972320689853	0.020051572084253053	33
SPCS3	60559	-0.008193036342246541	-0.007385153054688877	140
SPDL1	54908	-0.004393344767178937	0.0004649708589669208	240
SPDYC	387778	0.002621105829760826	0.006896939405235313	8
SPDYE1	285955	0.017305465268046206	0.03478188548905762	18
SPDYE2	441273	0.014801101789207554	0.02922889166702216	18
SPDYE2B	100310812	0.017627111655349203	0.032472944372694504	18
SPEN	23013	0.003541279631934321	0.007845106401231079	149
SPG21	51324	-0.006263531843102425	-0.004186408462511477	88
SPHK2	56848	0.01665362693230215	-0.019854284069842628	68
SPI1	6688	0.0034459324062697115	0.013239008637297748	171
SPICE1	152185	-0.010540551983419683	-0.007323388644579702	220
SPINDOC	144097	-0.0065298630314237745	-0.0034136017704847433	257
SPINT1	6692	-0.00899638500387705	-0.001702049651331078	11
SPNS1	83985	-0.005589266013088301	-0.0062106160768362765	53
SPNS2	124976	-0.00878848828652225	-0.0023117826371511496	2
SPOCD1	90853	-0.004312220534731758	-0.0018821924206980003	27
SPOUT1	51490	0.036871314267948874	-0.028241442942296427	23
SPPL2C	162540	-0.0066054240057068095	0.004176962514290707	1
SPRR2A	6700	0.006398036435133405	0.023492164176379778	14
SPRR2B	6701	0.0027196461864909967	0.012318381661976444	14
SPRR2D	6703	-0.007304836423113682	-0.0014934214255320848	120
SPRR2E	6704	0.002186217555399981	0.017175260863059573	14
SPRR2G	6706	-0.007189911009319607	-0.004864818241671095	283
SPRTN	83932	0.0061084250755667965	0.025094556347872717	52
SPRYD4	283377	-0.0034438496299982967	-0.0012396125707070382	255
SPTB	6710	-0.0023644731718649157	0.0026991821861495585	156
SPTBN2	6712	-0.0037483884778136663	-0.0008581877444244526	185
SPTLC1	10558	-0.007002613570406856	-0.005707015589127387	57
SPTLC2	9517	-0.008361854857077435	-0.006439032083713826	209
SPTSSA	171546	-0.00699314736934596	-0.007387820967097974	57
SQLE	6713	-0.00787144739564881	-0.004120801292814004	218
SRBD1	55133	0.0005209518587000287	0.01334487749635216	275
SRCAP	10847	0.009635982005384248	0.006748272165813179	149
SRD5A3	79644	-0.009605837253480288	-0.009031992033122313	223
SREBF1	6720	-0.0033527709116227987	-0.005222026022499053	192
SREBF2	6721	-0.009878888870027618	-0.0075835746638866055	202
SREK1	140890	-0.011774536284607087	-0.005554804060291054	43
SRF	6722	0.0006947472645320175	-0.003197365855496199	194
SRFBP1	153443	0.03285385089479337	-0.014207000497771865	5
SRM	6723	-0.009476434403523772	-0.006234608545673563	37
SRP14	6727	-0.004891088386718212	0.0015796886970299976	155
SRP19	6728	0.0058357370651965935	0.004432780461249178	237
SRP54	6729	0.01150014077868716	0.007665792384126621	237
SRP68	6730	-0.0040216378910459165	0.0006410575405850213	59
SRP72	6731	-0.001236903542502099	-0.0024449312019524123	293
SRP9	6726	-0.00326250659221134	-0.0032106222804041728	155
SRPK3	26576	-0.009476224315141928	-0.009729189929644222	94
SRPRA	6734	0.0063519084218712635	0.005575666090251501	237
SRPRB	58477	-0.011265220814731894	-0.011580749080446399	56
SRRD	402055	-0.0015467625590902243	-0.0014073529959665156	107
SRRM1	10250	-0.012733564539753054	3.97162838311326e-05	30
SRRM2	23524	-0.004792876745087172	0.003064383147200431	265
SRRT	51593	0.02462337164506203	0.01557668595373541	84
SRSF1	6426	-0.013146508564112962	0.002833318274076806	22
SRSF10	10772	-0.008491841959451324	-0.007730376377512849	94
SRSF11	9295	-0.01193585815056858	0.0002904898492649775	30
SRSF2	6427	-0.009495105824545616	0.026047139272436414	85
SRSF3	6428	0.0017731274377027282	-0.005160783895781969	72
SRSF4	6429	-0.0043171757601475754	0.0002628660355026379	295
SRSF6	6431	-0.012605166532279168	-0.007651557880351995	58
SRSF7	6432	-0.01450625330666836	0.0005775169469842817	15
SRXN1	140809	-0.00918509789149527	-0.008080254483590881	74
SS18	6760	-0.011131921688252626	-0.008233258885053453	124
SS18L2	51188	-0.005352192952363683	0.009180357015770541	167
SSB	6741	-0.002504200893596815	0.005085043416093784	196
SSBP1	6742	-0.004393917159087039	0.0017823597085652888	63
SSBP3	23648	0.002632261821881211	-0.0004904194590742495	181
SSBP4	170463	-0.01216788729081326	-0.0002527032074663066	30
SSC4D	136853	-0.0007411407070140462	0.008483957516083563	109
SSH2	85464	-0.005696153975519892	0.0025357034238667514	179
SSR2	6746	-0.005091801607673969	0.0035257547515080015	112
SSRP1	6749	-0.010708436463761822	0.015026466457676937	39
SSTR3	6753	-0.009751609497881467	-0.007648336413517793	251
SSU72	29101	-0.010299164896052603	0.005847656509555023	265
SSX2B&SSX2	6757&727837	-0.0041097156803015225	0.0005539009512277326	194
SSX4	6759	-0.007763059230581042	-0.005187379615050167	87
SSX4B	548313	-0.006982457307052154	-0.00469731432289185	87
ST13	6767	-0.010322588134518888	-0.004714864664803855	43
ST20	400410	-0.010097073666442477	-0.0004602611935384101	11
ST6GALNAC4	27090	-0.006809688752715868	-0.0023068881938804143	125
STAB1	23166	-0.010388301481409876	-0.005358943945262964	37
STAC3	246329	-0.0003084364747042745	0.0033263512532444557	45
STAG2	10735	-0.009277649538924853	0.0022451758453226707	289
STAG3	10734	-7.361542833379963e-05	0.00933751899172509	109
STAMBP	10617	-0.005030904261583888	-0.0012382611610696002	31
STARD7	56910	0.0034450118046771205	0.00558160917017933	54
STARD8	9754	-0.005285123130247967	-0.005959848655210682	174
STAT5A	6776	-0.005664637260622126	0.007872509205694423	1
STAT5B	6777	-0.006442758472384662	0.004360947308138664	1
STEAP3	55240	-0.003955582808845581	-0.0017337056547901194	185
STIL	6491	0.0031341108406712326	-0.007154952509404721	35
STIP1	10963	0.0037131174512363497	0.008363236292907215	132
STK11	6794	-0.012192159662504441	-0.009207023286421999	200
STK40	83931	0.019684735204158553	0.008064807136459504	84
STMN1	3925	-0.008209077809736051	0.005394417024355807	69
STN1	79991	-0.00015382048648563068	-0.010960233192212085	77
STRAP	11171	0.004428739905868876	0.006488068175863639	90
STRIP1	85369	-0.00014962031653511045	0.008559914528255158	277
STRN	6801	-0.008032672086523689	-0.005393126128656808	160
STRN3	29966	0.0031524921760618012	-0.004449645116353056	158
STRN4	29888	-0.00922604457685638	-0.00662895388178613	57
STT3A	3703	-0.008860439000999358	-0.00646249968924675	208
STT3B	201595	-0.009121074420429455	-0.009377220007849161	111
STUB1	10273	-0.007283704282198441	-0.0021125845959489562	60
STX10	8677	-0.012967389464102069	-0.004483209570940327	50
STX18	53407	-0.0003942971929340248	-0.005223510713417478	64
STX4	6810	-0.00665646109948058	-0.0027276459366324104	53
STX5	6811	-0.006350542042388528	-0.004208413114092181	257
STXBP1	6812	-0.00691763956970304	-0.0035880418102632876	255
STXBP3	6814	0.001168605112770061	0.011592521788920715	3
SUB1	10923	-0.007417031883508772	0.001988656527045481	69
SUCLG1	8802	-0.007159298587373225	-0.006554092533402707	285
SUCO	51430	0.004847499905432749	0.004411048589393251	8
SUDS3	64426	-0.011739604272720567	-0.0040865501614997845	232
SUGP1	57794	-0.010096548708485639	0.002076647594481221	20
SUGP2	10147	-0.011781648806791353	0.0013413738843697542	30
SUGT1	10910	-0.0066273125855980716	-0.002005709963946885	118
SULT1A4&SULT1A3	6818&445329	-0.0033254214162850267	0.0005808405758881599	113
SULT2B1	6820	-0.008602427899999036	-0.005835977711598741	147
SUMO2	6613	-0.0034396672249097137	-0.0022405044531752178	206
SUN2	25777	-0.00596103389435226	-0.001227880246660685	31
SUOX	6821	-0.003976985890202	0.008416061583808513	0
SUPT16H	11198	-0.01074676100099133	0.01413947841819356	39
SUPT20H	55578	0.00538138240263029	-0.009283235084876499	151
SUPT4H1	6827	-0.01143195305798159	0.010869940189578833	141
SUPT5H	6829	-0.006348824731738194	0.009225546773652664	141
SUPT6H	6830	0.0020206067364398903	0.025324786034912165	75
SUPT7L	9913	-0.002660161358045744	-0.0074161786545428685	53
SUPV3L1	6832	-0.0008587845434769858	0.002133083670979166	26
SURF1	6834	-0.004396984922036132	-0.002234301530385992	276
SURF4	6836	-0.013078095616000431	-0.0011410856762916655	29
SURF6	6838	-0.0032243153593350966	-0.003022243759002838	31
SUZ12	23512	-0.012129996608027773	-0.0038988504407669843	50
SV2A	9900	-0.0011320203304552787	0.010324916630061763	38
SYF2	25949	-0.006258624101586119	-0.0007452280544378314	239
SYMPK	8189	-0.01088597530374979	0.004121528808020582	265
SYNC	81493	-0.008467535404471241	-0.00789500263421558	24
SYNCRIP	10492	-0.0019631894160775315	-0.006817112859191094	118
SYNJ2	8871	-0.008128378576911894	-0.006183056056446044	245
SYNPO2L	79933	-0.0050586113143768685	0.002336889966199107	166
SYPL2	284612	-0.003021704175164457	0.003333618936455821	118
SYS1	90196	-0.007688464661851551	-0.006448928419231992	40
SYT12	91683	0.004155553860065798	0.006884273543675302	13
SYT15	83849	-0.0004206876176912797	0.012514911600807014	17
SYT2	127833	-0.005546357221810533	-0.0011706487086828048	244
SYT5	6861	-0.0098941180023089	-0.007601987358731872	201
SYT8	90019	-0.010539165642430902	-0.008426843858814412	159
SYVN1	84447	-0.01323477989525693	-0.0009636274635075147	29
SZRD1	26099	-0.005046411682270962	-0.0008176494246278199	142
TACC3	10460	-0.005309966981139128	0.009475492392887037	25
TADA1	117143	0.006398195008372732	-0.009092375956533583	151
TADA2A	6871	-0.013157859237893284	-0.0005318568273744256	22
TADA2B	93624	0.006284713551122895	-0.009102285080587575	151
TADA3	10474	0.00021371168388521056	-0.010201734586732373	105
TAF1	6872	-0.011389650786252044	-0.004027551489493949	205
TAF10	6881	-0.011197657564445978	-0.00495019202700343	205
TAF11	6882	-0.007842059084455488	-0.007899890602764125	47
TAF12	6883	-0.01089936169311314	-0.004693811175592889	205
TAF13	6884	-0.009349878772927055	0.0012509840621662588	92
TAF15	8148	-0.007128179472242273	0.005522786713210327	1
TAF1A	9015	0.019539967309305867	-0.020493436610437246	162
TAF1B	9014	0.019000122955909738	-0.0203988683660179	162
TAF1C	9013	0.021918101250772943	-0.021075985268510684	162
TAF1D	79101	0.020851600557616368	-0.02105874401105959	162
TAF2	6873	-0.011914651449980586	-0.004650653234806884	205
TAF3	83860	-0.012018185368235585	-0.005023538573625744	205
TAF4	6874	-0.011430726764302328	-0.005253242936832982	205
TAF5	6877	-0.011205588375524884	-0.005310427719473913	205
TAF5L	27097	0.0055039170360360245	-0.009187480706209472	151
TAF6	6878	-0.012427942511260883	-0.004767821458872258	205
TAF6L	10629	0.006120069462256672	-0.009463031292879363	151
TAF7	6879	-0.010912044649384719	-0.00541722202866624	205
TAF8	129685	-0.011973395658406126	-0.004721942102370191	205
TAGLN	6876	-0.007258259719471607	-0.007135090581944855	107
TAMM41	132001	-0.007624344647103991	-0.0029362417659229514	142
TANGO6	79613	-0.007539505335807169	-0.0022609958847617743	125
TAPT1	202018	-0.0019050562754541825	-0.005922255862271732	100
TARBP2	6895	-0.00407350057518427	0.008239341292415913	0
TARDBP	23435	0.01887818529072139	0.014564484275979594	76
TARS1	6897	-0.006882733378079861	-0.0005586625208973629	217
TARS2	80222	-0.002394535297762993	0.004217541138044934	10
TAZ	6901	-0.0063675795348154835	-0.007221692768559452	100
TBATA	219793	-0.005549807639958847	-0.002710202967268468	173
TBC1D16	125058	-0.004456659618046943	-0.00024690399990998915	45
TBC1D17	79735	-0.011609100028832016	-0.007410662838629129	6
TBC1D22B	55633	-0.006532573896373936	-0.005876370086818907	123
TBC1D28	254272	-0.007137120056749559	0.007355518892682725	277
TBC1D3	729873	-0.0024750369710934235	0.02220914001366091	75
TBC1D3B	414059	-0.0027670851625069145	0.02170467702705161	75
TBC1D3C	414060	-0.0028041866856259538	0.02262334624440608	75
TBC1D3F	84218	-0.0029699107715591973	0.02176969289984972	75
TBC1D3G	101060321	-0.0026680521323463697	0.02269141464296514	75
TBC1D3H	729877	-0.0018288715033211841	0.019615366223022523	75
TBCA	6902	-0.007585479073156875	-0.004128231184593317	259
TBCB	1155	-0.012496358833104881	-0.010294152132712092	200
TBCC	6903	0.015637679373944755	-0.005069851877848742	35
TBCD	6904	0.008414920765258594	-0.011816722796634593	44
TBCE	6905	0.002113259481466884	-0.010150810541886409	44
TBKBP1	9755	-0.0049765694924513845	0.010913253531185128	75
TBL1XR1	79718	-0.006461754241702794	-0.006573818366401814	101
TBL3	10607	0.07160444520857291	-0.031586243504431726	253
TBP	6908	-0.016888029088296248	0.0016107997621972868	15
TBRG4	9238	-0.006007487425763219	-0.0020438952628731625	234
TBXA2R	6915	-0.01056238526064871	-0.0036667436945519213	226
TCEAL4	79921	-0.01018641903232118	-0.008656296332879485	130
TCEAL9	51186	-0.012540881537303887	-0.011245554093051112	131
TCERG1	10915	-0.009734936482739973	-0.0006854352999731564	2
TCF3	6929	-0.01466769965253787	0.00014007821242205328	15
TCHP	84260	-0.006137571349937164	-0.003630359302834613	27
TCOF1	6949	-0.0030455028194825836	0.0017814295513637487	31
TCP1	6950	0.05850208584870628	0.02834063993749057	281
TDGF1	6997	-0.0009225876816462092	0.010503322054103705	91
TDP2	51567	-0.0084578812358813	-0.006947025128008182	94
TEAD1	7003	-0.009596063872062298	-0.0063737175521774775	228
TEAD2	8463	-0.01097317901270266	-0.008055043822363508	6
TEAD3	7005	-0.004326655512536515	-0.005270346187531376	123
TEAD4	7004	-0.002116155120153872	0.004682206160074165	91
TECR	9524	-0.012169445374606805	-0.001364434510508665	29
TEDC1	283643	-0.009109760423502965	-0.007296419355597332	230
TEDC2	80178	-0.0071599886366155805	-0.003195242011155775	51
TEF	7008	-0.008429875432264176	-0.004501301834319489	119
TEFM	79736	-0.0071514505557652925	0.004258387436484195	1
TEKT2	27285	-0.005767320270220079	-0.005602361589857851	16
TELO2	9894	-0.008422329514241747	-0.0045071899688160855	108
TEN1	100134934	-0.008290243495035448	-0.005097733298461668	218
TENT4B	64282	-0.0059770918289341855	-0.005347050160620117	60
TEPSIN	146705	-0.006856700317650703	-0.0003172252463279816	86
TERF1	7013	0.0036755724076938034	0.0224753549254341	14
TERF2	7014	0.01520659576678852	0.034991688908530424	18
TERT	7015	-0.005017368448107187	0.0023345603996811374	217
TESK1	7016	-0.002906639266753725	-0.0034411944734636414	107
TEX10	54881	0.007624034203041474	-0.010032175301817345	68
TEX101	83639	-0.01113812203480084	-0.007733098712387924	6
TEX19	400629	-0.006644662262223329	-0.006108077161332389	101
TEX29	121793	-0.00990997240838522	-0.007717586076814304	251
TFAM	7019	-0.00456710051458058	0.0005810473197729975	193
TFAP2C	7022	-0.00954890834563982	-0.007301629851608503	249
TFAP4	7023	-0.006083640199117781	-0.007066719061541886	44
TFB1M	51106	-0.011036399315299225	-0.00915464833170859	228
TFB2M	64216	-0.008408052546889852	-0.006682130716714432	24
TFDP1	7027	-0.01445085293851666	0.005527227677909327	22
TFG	10342	-0.006548744611843053	-0.0007608857615187066	222
TFIP11	24144	-0.010134822848228722	0.004606468751816489	49
TFPT	29844	-0.004511200418254422	-0.006494411006846159	107
TFR2	7036	-0.007699373033352229	-0.003760029563920853	260
TFRC	7037	-0.00430229885421412	-0.004200545043751137	175
TGFBR1	7046	-0.009588283051503962	-0.009769525519738155	111
TGFBRAP1	9392	-0.0028057956154195116	0.0009654581325839054	136
TGS1	96764	-0.0025705604663330897	-0.006126109882404839	301
THAP1	55145	-0.0079038345012019	-0.0025277081159784365	2
THAP11	57215	-0.0003976188863346513	-0.006732161529994801	284
THAP12	5612	0.007582052099915285	0.01063767507260288	90
THAP4	51078	-0.00960403495892074	-0.008368184868576331	74
THAP7	80764	-0.009088247541979988	-0.009468266211167572	116
THG1L	54974	-0.010917215933191842	-0.00763075402636677	119
THOC1	9984	-0.013290321852831237	0.01089382426430293	141
THOC2	57187	-0.012736193744086166	0.010582850265547472	141
THOC3	84321	-0.006359069611839318	0.0038125597076991173	157
THOC5	8563	-0.01279703658214013	0.009590948678161272	141
THOC6	79228	-0.006215037276408818	-0.0033346770916925636	255
THOC7	80145	-0.013303684777365219	0.00990712863545649	141
THRA	7067	-0.0056753811738915255	0.0007137168284675611	244
THRSP	7069	-0.0023396233359629284	-0.00036281728249574764	229
THUMPD1	55623	-0.006932232636619562	-0.003121583907159187	113
TIAL1	7073	-0.001377444671501869	-0.004862715575231978	174
TICRR	90381	0.014380373886934705	0.045189549963831545	32
TIE1	7075	-0.00900664418074861	-0.00754074838394406	130
TIGD1	200765	-0.007161886926747683	-0.006819370695198753	280
TIMELESS	8914	0.00846971911885936	0.033529334567137	34
TIMM10	26519	-0.002837980003543091	0.002938651726636195	63
TIMM13	26517	-0.0038933347030585827	-0.007082580959246137	53
TIMM17A	10440	-0.006837365256789284	-0.007158845412190145	94
TIMM22	29928	-0.007417894000151796	-0.0005733510429397619	215
TIMM23	100287932	0.01927409028988333	-0.00450421281407354	98
TIMM29	90580	-0.0067554927242434205	-0.00013359285510855447	239
TIMM44	10469	0.020572815661506677	-0.005715857363960502	98
TIMM50	92609	-0.006474290815203679	-0.006604719744115357	94
TIMM8A	1678	-0.009559516165062471	-0.012101094141494581	103
TIMM8B	26521	-0.012769220769692162	-0.011780165225636472	79
TIMM9	26520	-0.003981841341893324	-0.005587734201665051	40
TIMMDC1	51300	-0.008493787203581014	-0.00503535324937539	218
TINF2	26277	0.002697116349083383	0.020459073861211628	14
TIPARP	25976	0.008890183417068008	0.004658314218602721	181
TIPIN	54962	0.008752150334187735	0.033730534614844467	34
TIPRL	261726	-0.005139515895264492	-0.0004283585133955921	194
TKT	7086	-0.005033905861735177	-0.0003642019220567706	206
TLCD1	116238	-0.011850833449662711	-0.010303051306107104	294
TLCD3B	83723	-0.0032690415925894847	0.005478008080740481	113
TLE3	7090	-0.012719087122560913	-0.004171549238146801	58
TLK2	11011	0.029029914401694806	0.01632630518337278	84
TLN1	7094	0.046251393904087	0.020291991870353212	144
TM2D1	83941	-0.012084066287024069	-0.006913563869119164	97
TM2D2	83877	-0.01258799363569953	-0.006805817014778994	97
TM2D3	80213	-0.011927363895585697	-0.005938371479669807	97
TM7SF2	7108	0.001452104303773257	0.004216680132898381	8
TM9SF2	9375	-0.010732874532742	-0.004994330760114504	47
TM9SF4	9777	-0.0038885423052925604	-0.006132478783172273	20
TMA16	55319	0.022033547707499657	-0.023580353715688698	68
TMA7	51372	-0.00689645726142435	-0.0012432812547239526	227
TMCO3	55002	-0.008923667471595054	-0.00553878141343355	140
TMCO6	55374	-0.01022796060720737	-0.011024723898584611	103
TMED10	10972	0.001674663248467197	0.004365208940632471	8
TMED2	10959	-0.001582247290976794	-0.0003444182146001522	197
TMED5	50999	-0.004172400962823947	0.002612490315645362	217
TMED9	54732	-0.008695393692739788	-0.006222371821421974	46
TMEM104	54868	-0.005858065508573484	0.00019236654996559907	231
TMEM127	55654	-0.002935572651610462	0.0009703124321022277	63
TMEM130	222865	-0.004843103005998045	-0.00022588431502832437	224
TMEM131	23505	-0.006183230049337095	-0.007599604614889237	44
TMEM132A	54972	-0.00020746117208760435	0.0022362501503559416	26
TMEM143	55260	-0.013510409894823102	-0.012962763842746475	115
TMEM145	284339	-0.011042989265980322	-0.005211824363588479	43
TMEM147	10430	-0.009305027163558976	-0.006368890340645457	6
TMEM165	55858	-0.004504752464802774	-0.00663279405547409	107
TMEM167A	153339	-0.006251677021726471	-0.0025474964008504962	260
TMEM183A	92703	-0.00656594212935809	-0.0006083548789663411	86
TMEM189	387521	-0.00738172891462548	-0.007003033296716348	47
TMEM189-UBE2V1	387522	-0.007835181411489828	-0.009100536700298832	47
TMEM199	147007	-0.00792950449181436	0.0025910353105114124	1
TMEM200B	399474	-0.009321024022473996	-0.005452249111023004	37
TMEM201	199953	-0.0032898257505448404	-0.003617985439041071	67
TMEM208	29100	-0.005987303355612671	-0.0012211528256466121	82
TMEM209	84928	-0.011911244055742596	-0.005094508176166433	146
TMEM230	29058	-0.006365457408452456	-0.002167236719810211	180
TMEM240	339453	-0.0105078437278865	-0.007819090822836404	55
TMEM242	729515	-0.007268625869701638	-0.003909384719500174	203
TMEM258	746	0.0038983364849472036	0.006652591351029558	13
TMEM259	91304	-0.011707325133234652	-0.0027084616202990687	146
TMEM30A	55754	-0.01125597437588639	-0.012109939419416725	56
TMEM41A	90407	-0.007621703655650523	-0.008608056266205718	24
TMEM41B	440026	0.0009632167765920045	-0.004881339420361506	64
TMEM44	93109	-0.011976154930200284	-0.005211250571804827	58
TMEM63A	9725	-0.0092605604837805	-0.008089265808814089	115
TMEM63B	55362	-0.004395168121694843	-0.00335609736519764	198
TMEM64	169200	-0.013839613007196641	-0.01315377171779925	131
TMEM69	51249	-0.006559390010053718	-0.001732732022335627	180
TMEM82	388595	-0.0060267010598270745	-0.002546909607708384	27
TMEM87A	25963	-0.008715386925884252	-0.004198945971239999	89
TMEM97	27346	-0.00907833682487781	-0.0035127562575324434	256
TMOD4	29765	-0.0021455336448633917	0.0007446211447892732	10
TMSB10	9168	0.0003019447048940558	0.013506215257222875	52
TMUB2	79089	-0.005882388876362044	0.007446395918747307	1
TMX1	81542	-0.005992868169115762	-0.004616063841184571	185
TMX2	51075	-0.003776168210346722	-0.0002779489323404994	107
TNFAIP2	7127	-0.007744952869583648	-0.0031559223890192134	257
TNFRSF12A	51330	-0.010652860141866869	-0.00691770188881224	119
TNFRSF8	943	-0.005213396748196231	-0.00023706593105046977	163
TNKS	8658	-0.009516438792805101	-0.008109186194080189	189
TNNT1	7138	-0.0097514764748348	-0.0070304372184005585	201
TNNT2	7139	-0.008012899483999946	-0.004361483026852743	87
TNPO1	3842	-0.0015919964559397964	-0.005663694827208651	222
TNPO2	30000	-0.011633987047247265	-0.002953521171584812	226
TNPO3	23534	-0.0076743994008123765	-0.0007410464855664658	167
TNRC6A	27327	-0.01099379530490723	-0.004110608988696937	50
TNS2	23371	-0.004218317846289167	0.007784549249486734	0
TNS3	64759	0.026890326081372797	0.01334284151468875	84
TNXB	7148	-0.006787133928667528	-0.00438413698575465	82
TOB2	10766	-0.00906374618970143	-0.004641450034289606	78
TOE1	114034	-0.00927483003005007	-0.00679882173518136	220
TOMM20	9804	0.0026444323256810775	-0.0045669451523244475	194
TOMM22	56993	0.0026685796441332137	-0.006044670559558478	262
TOMM40	10452	-0.005365801045763281	-0.006850213597059515	268
TOMM70	9868	-0.010679358190285886	-0.006530989580448574	58
TONSL	4796	0.011218586147817008	0.03927690049969408	32
TOP1	7150	0.019367574147349253	-0.020643163105343924	162
TOP1MT	116447	-0.003955708500619951	0.007205115993928072	65
TOP2A	7153	0.012781666318342837	0.029809368992778706	102
TOP3A	7156	-0.007438559929619934	0.002075265876387481	2
TOP3B	8940	-0.006751461384224442	-0.0023303251667341294	78
TOPBP1	11073	0.010297063216994149	0.035968221247546873	34
TOR2A	27433	0.00040949798574891905	0.006883592576839151	90
TOX4	9878	-0.010704100275952156	-0.002840758036188069	97
TP53BP1	7158	-0.011316762403289536	-0.001094251934824245	89
TP53I13	90313	-0.008656234361659238	-0.0027107906224358765	148
TP53I3	9540	-0.008214616604277145	-0.007608585476043113	24
TP53RK	112858	-0.010503756418992665	-0.009152119973832152	202
TP53TG3B&TP53TG3	24150&729355	-0.005346633383330182	-0.002543518232444263	53
TP53TG3C	653550	-0.0032243784952208413	0.0050941134423591605	113
TP53TG3D	729264	-0.002991109309407913	0.005639399835804826	113
TP63	8626	-0.009719835559468672	-0.007428741210942271	108
TPBG	7162	-0.008776656999137893	-0.007416074813045884	55
TPBGL	100507050	-0.007424414168873207	-0.0036465704987977744	63
TPH2	121278	-0.008203755808191767	-0.006331020545246075	245
TPI1	7167	-0.0060222883105043494	0.0003802320537629585	229
TPM2	7169	-0.008988014467103381	-0.008469870661631447	202
TPM3	7170	-0.0036729551657081402	0.0008523634165981869	10
TPM4	7171	-0.012363513404584577	-0.010399065577043377	271
TPR	7175	-0.008896489425649053	0.00273508848264292	300
TPRKB	51002	-0.004841796153783736	-0.0014646378866998045	31
TPSG1	25823	-0.008933049930366543	-0.00524425937874946	271
TPT1	7178	-0.00274266536391693	-0.008240484071514629	53
TPTE2	93492	-0.00995033044771356	-0.00566968378695203	41
TPX2	22974	-0.008582598876869237	0.0003685420528504589	20
TRA2B	6434	-0.012164333304031601	-0.0071078204662274255	232
TRAF2	7186	-0.007100604931592175	-0.0045154382774999485	51
TRAF3IP1	26146	-0.00915283268888978	-0.008093683174502394	223
TRAIP	10293	0.013158331514308525	0.042616475307107875	32
TRAPPC1	58485	-0.004326889996286571	-0.006458677657944921	44
TRAPPC11	60684	0.0031923461745436035	-0.01066052373787881	72
TRAPPC2B	10597	-0.01112672429761654	-0.009957639862221923	202
TRAPPC2L	51693	-0.003692337283737396	-0.0011783558468629945	118
TRAPPC3	27095	0.001637754601067267	-0.009678492359672823	72
TRAPPC4	51399	0.006853195935228166	-0.012640846646217441	139
TRAPPC5	126003	-0.007582451090414669	-0.004337148665081972	123
TRAPPC6A	79090	-0.010246575867700617	-0.007129823080755895	6
TRAPPC8	22878	0.003151858940313526	-0.010621424701907	72
TREML2	79865	-0.007775161919660145	-0.005884723612443369	268
TRIAP1	51499	-0.007122582633941613	-0.005855945072939017	245
TRIM24	8805	0.0005782688576958856	0.0013666846582815787	149
TRIM28	10155	-0.009084886447780398	0.001526777469505115	70
TRIM33	51592	0.011357890325011714	0.007562853850523175	149
TRIM35	23087	-0.009072597890857499	-0.008352675498286647	111
TRIM37	4591	-0.007990920914237032	0.004521885792434622	235
TRIM41	90933	-0.010911954858828172	-0.010045087936101333	103
TRIM43	129868	0.011663717523177538	0.024843874647813624	33
TRIM44	54765	0.001998229274678189	0.008255085390129795	8
TRIM46	80128	-0.0034214549910232773	0.0035135193047287163	38
TRIM47	91107	-0.010291951701381249	-0.007991916032168334	152
TRIM48	79097	0.004355188668554255	0.010148475949952985	171
TRIM49B	283116	0.0005328310147422546	0.006568613879254635	8
TRIM49C	642612	0.014147213778299444	0.02644253222268431	33
TRIM52	84851	-0.009558283204107712	-0.0067879418005822745	172
TRIM54	57159	-0.007504432083202905	-0.008106919900102694	55
TRIM64B	642446	0.001997937661977073	0.0076038307383266834	13
TRIM73	375593	0.00012265755453211362	0.006412644901188732	109
TRIM74	378108	-0.004362785612333587	0.000406642054378116	224
TRIM9	114088	-0.007151903563678029	-0.0017493879510775423	244
TRIP12	9320	-0.004931655379765272	-0.004606302546945632	48
TRIP13	9319	-0.0015961209653494826	0.010180501106842021	65
TRIP6	7205	-0.007555681756118098	-0.005099853782474411	88
TRIR	79002	-5.841539352270632e-05	-0.0033967574014880236	197
TRIT1	54802	-0.00794380047689623	-0.008595917743366257	47
TRMT1	55621	-0.011615598451535413	-0.0025531900097857147	146
TRMT10C	54931	-0.004352981783664733	0.003912519451750631	240
TRMT112	51504	0.03576767013645095	-0.013695050839520191	5
TRMT2A	27037	-0.008744192979183668	-0.008964177334932329	111
TRMT5	57570	-0.010580235810416873	-0.009264623057121653	56
TRMT6	51605	-0.00736524959420614	-0.011971339985578849	77
TRMT61A	115708	-0.008340722010066061	-0.006765917588505709	88
TRMU	55687	-0.006650494385058636	-0.0001571790840604124	86
TRNAU1AP	54952	-0.0041253248174037615	0.003618305880401149	279
TRNP1	388610	-0.008913607278777635	-0.006912447260015513	251
TRNT1	51095	-0.011429560549908634	-0.009271769355102216	55
TROAP	10024	-0.004680023708468131	0.006914734800954676	0
TRPM2	7226	-0.006352570399529055	-0.0005807348820793174	176
TRPM7	54822	-0.01114271549006506	-0.004717651235604927	58
TRPV2	51393	-0.010066713063962781	-0.0026475817689982873	2
TRRAP	8295	-0.01120252892187784	0.0030786415865566774	22
TRUB2	26995	0.000517593067986048	0.00641027194816663	90
TSACC	128229	-0.0017464587321862764	0.002313276963663689	10
TSC1	7248	0.005293461228808675	0.004856272815350334	135
TSC2	7249	0.0006931966911066814	0.0027394347321876822	135
TSC22D2	9819	-0.0007596435334649949	-0.011597132193510235	286
TSEN15	116461	-0.007866843794184961	-0.004180952596973025	87
TSEN2	80746	-0.010004647878443912	-0.006406885828064455	172
TSEN34	79042	-0.0037113445339962067	-0.005363232456648055	107
TSEN54	283989	-0.00886537621628887	-0.004588350551553673	43
TSFM	10102	-0.005833200707937228	-0.00309086224868417	169
TSG101	7251	-0.007109512407133082	-0.005691952249066388	173
TSPAN31	6302	-0.00629638640219967	-0.00480472373792156	27
TSPYL1	7259	-0.01133960405893382	-0.005357160067998431	58
TSPYL5	85453	-0.007279021269309391	-0.00048079756238827065	112
TSR1	55720	0.03174406765904279	-0.01397763564902351	5
TSR2	90121	0.011927368126447898	-0.010557511853273874	252
TSSC4	10078	-0.011540981007424263	-0.010117005388446721	159
TSSK2	23617	-0.005215037067284998	-0.0032037145872463283	20
TSSK3	81629	-0.005249654066622668	-0.005617058197031573	16
TSSK4	283629	-0.0032808181845087646	-0.002766623833164496	40
TSSK6	83983	-0.010635642192226676	0.00010085185811105047	30
TSTA3	7264	-0.00519960301687013	0.0038764089730199333	65
TTC1	7265	-0.00757453252252695	-0.0024138184236936464	60
TTC14	151613	-0.006730231959555142	-0.0016741243953037643	143
TTC27	55622	-0.01193974666503848	-0.004221330885127146	58
TTC31	64427	-0.0017774859501998707	0.0035390178272210883	303
TTC37	9652	-0.006917031728995506	-0.004496346529385292	117
TTC39A	22996	-0.006620553624710562	-0.00548156222756923	236
TTC4	7268	-0.008419485800891075	-0.004719280130508345	87
TTC5	91875	-0.004341710183618387	-0.0047125810748277685	40
TTC7A	57217	-0.008419866590644406	-0.005997633908691828	140
TTF1	7270	-0.006217766961030239	-0.002705526251492841	216
TTF2	8458	0.003245367913983798	0.013851008207039094	3
TTI1	9675	-0.003710733301304875	-0.009543339828203113	105
TTI2	80185	-0.009410388262182018	-0.008283236679448585	212
TTK	7272	0.009897373061115603	0.02708571928963309	102
TTLL11	158135	-0.006570655955424722	-0.0031208474249396463	255
TTYH1	57348	-0.009615423069352865	-0.006786200191001332	211
TUB	7275	-0.00839902798045935	-0.00576559492927711	57
TUBA1A	7846	-0.004727839441008958	0.005398078416420586	0
TUBA1B	10376	0.012828149009913806	0.016948718637825523	33
TUBA1C	84790	0.01397133733141469	0.007374866012896228	33
TUBA3D	113457	0.0018359827668549156	0.014713977866909924	54
TUBA4A	7277	-0.009057204254221287	-0.007267035120342295	209
TUBB	203068	0.038136475108137294	0.012898403812281259	281
TUBB2A	7280	-0.0055957276998068	-0.007187716629238776	94
TUBB3	10381	-0.002194375813996794	0.007133381455679255	9
TUBB4A	10382	-0.009673034807852976	-0.0019029326287087565	106
TUBB4B	10383	0.013685042382475528	-0.006605304040904314	35
TUBB8	347688	0.0072420758179907825	0.021847012673093445	33
TUBB8B	260334	0.0038798352871088973	0.020735413296411584	52
TUBD1	51174	-0.0077024717023524	-0.007217837324086928	268
TUBE1	51175	-0.007242281131065355	-0.007919921213687547	94
TUBG1	7283	-0.008872459866499923	0.0016071706551587304	20
TUBGCP2	10844	0.0003453359457308106	-0.006784274796371437	20
TUBGCP3	10426	-0.004130201559075952	-0.0024384672965051344	20
TUBGCP4	27229	-0.009987353531382097	0.0031417603850587275	20
TUBGCP5	114791	-0.009732004230741984	-0.0008170383271203464	20
TUBGCP6	85378	-0.009055323952210982	0.0029037550152352393	20
TUFM	7284	-0.006910414005467679	-0.0019759098294793165	125
TULP1	7287	-0.005371864635919025	-0.005039718381926353	48
TUSC2	11334	-0.009610948549973967	-0.006893424749305141	130
TUT1	64852	-0.0006742074938188758	0.04003285716915537	17
TVP23C	201158	-0.008548189422503972	0.0007284632162220082	2
TWF1	5756	0.0003622180352103227	0.015369161123877628	75
TWISTNB	221830	0.04814875439074727	-0.029355868711146826	291
TWNK	56652	-0.0052610337474969055	0.00028310053760050556	59
TXN	7295	-0.0053089517913713895	-0.0015790580720032538	163
TXN2	25828	-0.009510119227150924	-0.005146729968944193	216
TXNDC17	84817	-0.007759462642056565	-0.002902643185146863	191
TXNL4A	10907	-0.00894874857766371	0.02897932932300311	85
TXNL4B	54957	-0.006468964058574854	-0.008993786536921034	47
TXNRD1	7296	-0.007265471273406915	-0.005290525148517577	137
TXNRD2	10587	-0.008180003296240227	-0.0032112372512552744	78
TYK2	7297	-0.012170595625845998	-0.003828289738247708	210
TYMS	7298	-0.009981789949013269	-0.007778355488144069	152
TYW1B	441250	-0.0057446403215628255	-0.0007623611532739365	224
U2AF1L5&U2AF1	7307&102724594	-0.011872545440680183	0.01960413572042619	61
U2AF2	11338	-0.013903245175564172	0.005934498040680455	22
U2SURP	23350	0.004709298895027645	0.010021852369027997	138
UAP1	6675	-0.005413046605346762	0.0009055284237557611	38
UBA1	7317	-0.00030668288129534916	0.008835376927407108	157
UBA2	10054	0.0009888050217893472	-0.0032985026080280615	206
UBA3	9039	-0.0008685408140637311	0.010756694159174388	157
UBA5	79876	-0.008932135429291766	-0.006410269014200882	108
UBA52	7311	0.08738772383994033	-0.03256489376523729	28
UBA6	55236	-0.008727240918394743	-0.006692581866437775	182
UBAC2	337867	-0.011839839209082744	-0.009656395897813677	228
UBALD1	124402	-0.0072777930305000845	-0.004005665337866495	120
UBAP1	51271	0.0034366858595647996	0.007948222410414563	237
UBAP2L	9898	0.0061567024300493035	-0.005944362883082593	243
UBASH3A	53347	-0.010990927939920066	-0.0055080224485636285	250
UBB	7314	-0.007439356224262738	0.004638199278120665	2
UBC	7316	-0.004025445568942199	-0.008098648736510118	44
UBE2A	7319	-0.006293554498088831	-0.008910634980086695	290
UBE2C	11065	-0.0009486577304499027	0.0007334890320715953	149
UBE2D3	7323	0.009106136587087013	0.003910738769245905	135
UBE2G2	7327	-0.011757916937124946	-0.005583239230383201	210
UBE2H	7328	-0.010195151056853513	-0.007165948511450118	97
UBE2I	7329	0.014229753296312124	0.028959993648757634	102
UBE2J2	118424	-0.0073056902408940045	-0.002422416142184712	227
UBE2K	3093	-0.003836704583289607	-0.0052593602387914105	273
UBE2L3	7332	0.0024547283662477624	0.008605931766569923	90
UBE2L5	171222	-0.011827091522494882	-0.007465707495716486	232
UBE2M	9040	0.006378113825423014	0.013091688380391039	76
UBE2N	7334	0.005003264611048724	0.004972038955311911	237
UBE2O	63893	-0.0043466914993053165	-0.003604344437363776	234
UBE2Q1	55585	-0.009362660383435601	0.004400487218047721	69
UBE2Q2L	100505679	-0.007868482326592895	0.007921100972969901	81
UBE2R2	54926	-0.009154707248759745	0.0024128970065288124	134
UBE2S	27338	0.0017447828242347404	0.001225473533148548	149
UBE2T	29089	-0.010168787857780085	-0.00906747518612962	111
UBE2Z	65264	-0.007976134414014237	0.0014689499543310118	11
UBE3D	90025	-0.009323378488104984	-0.00749115170746868	230
UBE4B	10277	-0.011896814115199803	0.0004273023253919457	97
UBFD1	56061	-0.009783635797624776	-0.006197996417837879	108
UBIAD1	29914	-0.004905044624777334	-0.004681443655329205	107
UBL5	59286	-0.00951450179233651	0.033444894473555656	85
UBQLN1	29979	-0.00851640028246693	-0.005635615526877701	168
UBQLN4	56893	-0.005842240777172751	-0.0025765318894179164	10
UBR4	23352	0.009774448192500496	-0.00403371663238997	35
UBR5	51366	0.0007332238038218269	-0.0016240960767950658	198
UBTF	7343	-0.005393574991373837	0.0025782441188084335	132
UBXN1	51035	-0.005847253490564252	-0.0027640373545559024	257
UCHL5	51377	-0.008969985645088678	-0.0073286505580995994	108
UCN	7349	-0.007189071198947866	0.0004544030582740062	92
UFC1	51506	-0.00396765613959062	-0.006089682368576988	192
UFD1	7353	-0.010115397650201583	0.0051893211115835395	179
UFL1	23376	-0.007142332422345641	-0.00932200465814809	247
UFM1	51569	-0.007660044382253916	-0.009422853488527153	284
UFSP2	55325	-0.011357910802819242	-0.01310601578120433	62
UGCG	7357	-0.010807415497521303	-0.008120425885348217	55
UGP2	7360	-0.004818949774011526	-0.0019355538294081203	31
UGT2B11	10720	-0.004448316189754282	-0.0062693640035836615	101
UIMC1	51720	-0.00757944276090237	-0.0004156205993194152	86
UMPS	7372	-0.005065985287014001	-0.003367730611380367	214
UNC119	9094	-0.004675033321702561	0.008442409085569308	1
UNC119B	84747	-0.006747826008187698	-0.0031852218005059226	169
UNC13A	23025	-0.01297943223826972	-0.003970500161251571	50
UNC13D	201294	-0.008879596884328883	-0.004070280259897014	191
UNC45A	55898	-0.004304379606536983	-0.004411777526259144	104
UNC50	25972	-0.004389196481867914	-0.007300747594927123	44
UNC5B	219699	-0.005589916595108505	-0.0028645884385429363	73
UNC79	57578	-0.007110613587554203	-0.004768300379144771	168
UPF1	5976	-0.0022670647802430213	0.0051304978289470095	63
UPF2	26019	0.005970370454490319	0.007492557778723731	266
UPF3A	65110	-0.007337927007072385	8.970141029291096e-05	239
UPK3BL1	100134938	-0.0005355720066681204	0.009166230383481718	109
UQCC1	55245	-0.002288563129884356	-0.0026358490427447322	99
UQCC2	84300	-0.004997005415263159	-0.006302357048657526	123
UQCC3	790955	-0.007092490107293258	-0.006235760190362076	173
UQCR10	29796	-0.00572299610376902	-0.0019372688587653759	260
UQCRB	7381	-0.008507412442890227	-0.0018115447217995557	256
UQCRC1	7384	-0.00814696160264124	-0.006117611881514179	88
UQCRC2	7385	-0.009288435121869408	-0.0055290469640442205	119
UQCRFS1	7386	-0.009299522574371612	-0.006100275315969726	228
UQCRH	7388	0.0021674124275702575	0.014034451127295315	3
UQCRQ	27089	-0.009998792056147574	-0.007797202716750494	6
URB1	9875	0.035765137478098105	-0.029279093058916964	23
URB2	9816	0.04184642914470779	-0.031036542204153382	23
URI1	8725	-0.011073605673464205	-0.0022517943142476553	132
URM1	81605	0.01257714262981707	-0.0057638369696484055	98
UROD	7389	-0.007813058060903036	-0.005707296320273745	37
UROS	7390	-0.006918782323394593	-0.003965028447688887	59
USE1	55850	-0.008812407372476364	-0.006439505619770878	272
USF2	7392	-0.008619870220254412	-0.006342955891293261	197
USH1G	124590	-0.00670587289553102	0.005493979411920622	69
USHBP1	83878	-0.011919397320489475	-0.004848052881027345	66
USP1	7398	-0.00017051509064997073	0.0027171239388552254	284
USP10	9100	-0.002048682369770468	0.011004822677537227	91
USP14	9097	-0.00838027219577818	-0.006738020673670336	182
USP17L12	100287205	-0.001245490490247034	0.011341493567213192	14
USP17L13	100287238	-0.008781341500133323	-0.005165061782575264	183
USP17L19	100287404	-0.0008827861041617033	0.013644727800014193	14
USP17L2	377630	-0.007122178124359483	-0.0008147507641187377	217
USP17L21	100287478	-0.009339783384094259	-0.00500296599787008	242
USP17L5	728386	0.0011026506863106883	0.01707826894705631	14
USP18	11274	-0.008153233084774385	-0.005421649077783868	218
USP19	10869	-0.005421296684934938	-0.0008120686747915813	120
USP32	84669	-0.007043938411007964	-0.0042308456984879	285
USP35	57558	-0.0012353591065856122	0.003215681441803716	241
USP36	57602	0.013706460833579383	-0.011776615349933803	252
USP37	57695	-0.007902152271985041	-0.005916477114783419	285
USP39	10713	0.005355277983605351	0.03416823221883146	17
USP4	7375	-0.009227190393508625	-0.006538313712511753	272
USP48	84196	-0.008317733085077437	-0.008738314939233565	199
USP5	8078	-0.00813957943829869	-0.0015568644428268878	256
USP6	9098	-0.009401088258533474	-0.0014423807325392047	2
USP7	7874	-0.011691824159057711	-0.0032589006731991023	97
USP8	9101	0.0005050784163638045	0.004483209300546007	237
USP9X	8239	0.0008599330002452908	0.003814644649897688	136
USPL1	10208	-0.010424235045236187	0.031125374443161203	61
UTP11	51118	0.0693565401237881	-0.005363253625398425	184
UTP14A	10813	0.03963691335872241	-0.014745572456999223	5
UTP15	84135	0.05036876181110876	-0.029913921190501912	291
UTP18	51096	0.06980694655931353	-0.03169673684154563	253
UTP20	27340	0.042557078832952996	-0.014414187718907505	5
UTP23	84294	-0.004965700193329883	0.0001754941451895042	193
UTP25	27042	0.012903109015609156	-0.013538768313768827	139
UTP3	57050	0.07276477726884732	-0.005945178504416988	184
UTP4	84916	0.06840449007655201	-0.031230116964890364	253
UTP6	55813	0.12403289897879416	-0.024968563061814823	288
UVRAG	7405	-0.0006527625947507194	-0.0007292729657001249	293
UVSSA	57654	-0.009976806466570936	-0.007353727122228259	296
UXS1	80146	-0.0054212385933672695	-0.0025269936406640578	196
UXT	8409	-0.005497608501180896	-0.004597354855582751	27
VAC14	55697	-0.005236401991015551	-0.0004187559832304222	82
VAPA	9218	0.003310471432638057	-0.008103697292442664	151
VARS1	7407	0.03106936280587132	-0.0027736968105717104	71
VARS2	57176	-0.004970949209238596	-0.002403538058961333	261
VASN	114990	-0.0076893977566916015	-0.0029024138670285045	127
VAT1L	57687	-0.0075099942442056295	-0.002349713689146079	112
VBP1	7411	-0.0010193858575375634	-0.011442196872497474	105
VCL	7414	-0.001556141313940184	0.0007569232556278639	45
VCP	7415	0.03810680658290497	0.03180167839966733	76
VCPIP1	80124	-0.0036066395125607218	-0.0018506617851292526	219
VCX3A	51481	0.0008384045592330889	0.014682006014354	14
VDAC1	7416	-0.004406182904548271	0.003338408433605986	166
VDAC2	7417	-0.005420805243059291	-0.0012649581826330147	31
VEZT	55591	-0.0069469630764125495	-0.007118366962206489	57
VHL	7428	-0.00717966516121067	-0.0003588011363719889	257
VIRMA	25962	-0.012950532673644958	-0.007499094349373951	42
VKORC1L1	154807	0.004150231099342754	-0.007088486488416382	128
VMA21	203547	-0.010099123297861733	-0.008671251658336878	130
VMP1	81671	0.002635086079889898	-0.007899007207710442	64
VOPP1	81552	0.000722087296838488	0.013994326719298964	14
VPREB1	7441	-0.005539815502827232	-0.002349841543435103	198
VPS13D	55187	-0.008965180333792566	-0.0052395500573308215	127
VPS16	64601	-0.005436648636075635	-0.004744098983031118	123
VPS18	57617	-0.00634931076329719	-0.0024163506510316885	123
VPS25	84313	-0.007992659118457982	0.000250271428436497	207
VPS26A	9559	-0.00703735506456187	-0.004381759738153506	219
VPS28	51160	0.0040311801599288355	0.005694414235128252	237
VPS29	51699	-0.00044573127307443003	-0.010185817859854134	105
VPS33A	65082	-0.005888872216294157	-0.004726343801392286	245
VPS35	55737	-0.006477278424368397	-0.005524793548261259	127
VPS36	51028	-0.01145179975593519	-0.008896127002095428	232
VPS37A	137492	-0.006298720702086993	-0.003178048655131496	114
VPS37B	79720	-0.007173011373779962	-0.004751486321184219	292
VPS37C	55048	0.0037566047584387382	0.00859329510428256	171
VPS39	23339	-0.007455010202561703	-0.004123015185975778	123
VPS41	27072	-0.00543859645401585	-0.004929402768868661	123
VPS45	11311	-0.005693968230468944	-0.0033931279809216613	160
VPS4A	27183	0.003427784636445315	0.021732397043075134	102
VPS4B	9525	-0.010841152272426173	-0.009851659883449453	159
VPS51	738	-0.0016067106727735928	0.0040750395921503564	193
VPS52	6293	-0.004256237025721574	-0.004525455684753878	198
VPS53	55275	-0.004884403314423925	-0.007975897119337437	213
VPS54	51542	-0.004419873286919598	-0.0028044156093216407	31
VPS72	6944	-0.0023904826512178142	0.0038428154834329654	38
VPS8	23355	-0.009393942332503685	-0.006998976652665197	108
VRK1	7443	-0.007125599456704367	-0.006740382369361256	247
VRTN	55237	-0.0023439792179469504	0.0019035971569407045	67
VSX2	338917	-0.0043234350807922085	-0.0012726291645574418	219
VTI1B	10490	-0.003539846084353262	0.0009565678704070231	156
VWA1	64856	-0.0027908644292458993	0.005425954710036779	109
VWA7	80737	-0.008442209095023715	-0.012358053505048212	225
VWA8	23078	-0.010414943998703246	-0.008956481575952859	153
WAC	51322	-0.0018391137929180891	-0.00714009801337154	290
WAPL	23063	-0.006618995366100768	-0.00723263108376915	44
WARS1	7453	-0.007270156421137713	-0.004683987311758406	114
WARS2	10352	-0.00018628067887415582	0.003246344178338631	45
WASHC2C	253725	-0.0074622291885556085	-0.005019038932885273	59
WASHC3	51019	-0.009518418895766455	-0.006778711153805009	271
WASHC4	23325	-0.010659110292297883	-0.00896751038925521	271
WASHC5	9897	-0.0066976197654847	-0.0029958657769383248	143
WASL	8976	0.002171655636804667	0.001800879648489684	96
WBP1	23559	-0.005723065319044927	-0.002180422899689943	31
WBP11	51729	-0.00580300109361707	0.0117934204735587	235
WBP1L	54838	-0.0008679591289665756	-0.0018126041350259164	149
WBP4	11193	-0.012212720868972682	0.0016321087380408925	22
WDHD1	11169	-0.0007741866930424654	0.013721097548366026	129
WDR1	9948	0.0038261655482359743	0.009410895360124414	287
WDR12	55759	0.047379757969619324	-0.034081122338078015	23
WDR18	57418	-0.006043237300723215	-0.0029136564468079315	123
WDR24	84219	0.007616267016251288	-0.010784681070711687	72
WDR25	79446	-0.01457541876400945	-0.0009469080125301239	15
WDR26	80232	-0.011208187419851369	-0.008752987000784328	97
WDR3	10885	0.06986865441754923	-0.031784475264297334	253
WDR33	55339	-0.000843516855356949	-1.4730870655575322e-05	265
WDR36	134430	0.06986865441754923	-0.031784475264297334	253
WDR4	10785	-0.008721682661566234	-0.005529735685338023	57
WDR43	23160	0.11757845875839518	-0.0223783676074407	288
WDR44	54521	0.00121913801836306	0.00042768450924903813	197
WDR46	9277	0.04630317465256214	-0.022736658828472124	253
WDR48	57599	-0.004252237105011873	-0.003084547198126811	137
WDR5	11091	-0.001144694056358927	-0.005385519801412234	290
WDR54	84058	-0.005768426178955954	-0.0038853675756642648	133
WDR55	54853	0.007816104387445361	-0.013396460859971395	68
WDR59	79726	0.0010955019363822266	-0.009612058858212837	105
WDR61	80349	-0.00814099992179463	0.00042985074451727846	167
WDR62	284403	-0.008621637688392391	0.0012174538290397035	235
WDR66	144406	-0.007088457880270223	-0.0025431760843877944	246
WDR7	23335	-0.00808050066494236	-0.005483239965053024	209
WDR70	55100	-0.00615088120374176	0.008982705618991838	69
WDR73	84942	-0.00846731934905876	-0.001224781505416708	106
WDR74	54663	0.05453560744325122	-0.035978820882109276	23
WDR75	84128	0.05046236369825783	-0.030355931769757885	291
WDR77	79084	-0.007436129794647774	-0.004289742212972667	41
WDR82	80335	-0.014299043846424594	0.007070982160773828	22
WDR83	84292	-0.012300788748111052	-0.0024429294785094924	50
WDR83OS	51398	-0.01242379527828619	-0.004915763117691764	146
WDR86	349136	-0.008906441897878602	-0.007202809860519737	249
WDR88	126248	-0.010762325403090193	-0.006856352425328453	201
WDR92	116143	-0.008679870630758821	-0.0037256518516417896	218
WDTC1	23038	-0.00655019145274466	-0.003052879709398141	168
WEE1	7465	0.0011042578491017225	0.004324558365537967	26
WHAMM	123720	-0.0074630314883329125	0.005052957038519021	81
WIPF1	7456	-0.003034127516489036	-0.0021994629858950203	188
WIPF2	147179	-0.007850508871816536	-0.0015584193531740275	36
WIPF3	644150	-0.0038847042807114256	0.002874658972583093	163
WNK1	65125	-0.0003833970039039358	-0.011715860230678552	286
WNK4	65266	-0.004553579728483551	0.012831711449490855	75
WRAP53	55135	-0.0085310968645326	-0.00013212714027604258	2
WRAP73	49856	-0.0066687475567166555	0.0015130886109612411	167
WSB2	55884	-0.008986518640039153	-0.005431705992023397	134
WTAP	9589	-0.012765135740150625	-0.006931409817496728	42
WWTR1	25937	-0.0090119410824947	-0.004526729972318149	89
XAB2	56949	0.006735332121623106	0.03838523251838486	17
XPA	7507	-0.009702927274821475	-0.008500468058083162	189
XPO1	7514	0.03131524647617496	0.017510223932109683	144
XPO5	57510	0.002423629740197491	-0.008414486721454659	118
XPOT	11260	-0.007820933988514895	-0.005680230668695296	242
XPR1	9213	-0.00713870554237026	-0.0048452452833778505	114
XRCC1	7515	-0.008924531056081316	-0.004174980200795409	155
XRCC2	7516	-0.005749364966776596	-1.022059121370583e-05	86
XRCC3	7517	-0.00629178014895141	-0.0013612534229069172	180
XRCC4	7518	-0.009798534932014536	-0.0075590383923368285	238
XRCC5	7520	-0.0007654705139555166	0.004593003646095619	138
XRCC6	2547	-0.007080293105093872	0.0011898669069857553	239
XRN1	54464	-0.006709337307483706	-0.00035937563893535194	227
XRN2	22803	0.00137992453284059	-0.009720562711849935	231
XXYLT1	152002	-0.01087046246887157	-0.009597254820527354	251
XYLT2	64132	-0.008619708862392928	0.0007177572817195138	20
YAE1	57002	-0.011121590005025914	-0.005403092384364242	41
YAF2	10138	-0.012575104454687598	-0.011485836599381958	93
YAP1	10413	-0.002583103498649414	0.00233374240064891	240
YARS1	8565	0.021937380782676697	-0.005473413940037706	98
YARS2	51067	-0.002366609851766494	0.008946174052138354	91
YBEY	54059	-0.011215754256349797	-0.006132434149058156	150
YBX1	4904	-0.0005558188965535526	0.007130767745327422	181
YBX2	51087	-0.008897115526006595	0.002468542313619589	81
YBX3	8531	-0.008077039551791898	-0.0011176883765364768	177
YEATS2	55689	-0.013721128006600318	0.0013744967782410643	22
YEATS4	8089	0.006645101818164138	0.0002897441327904461	190
YIPF3	25844	-0.004998018058301528	-0.005105234465091332	48
YIPF5	81555	-0.007766254501131583	-0.007621510414515616	192
YIPF6	286451	-0.006537471799650216	-0.0070794320336654065	174
YJEFN3	374887	-0.010905487018375442	-0.0006501561959916156	30
YJU2	55702	-0.008618678560009849	0.02353180396640244	61
YKT6	10652	0.00523070750570209	-0.007573436425568124	64
YLPM1	56252	-0.010175420022348869	-0.005778760748073119	37
YME1L1	10730	0.0030395135587423846	-0.003636444778264912	197
YPEL1	29799	-0.007795670122413977	-0.0032661928874154725	222
YPEL3	83719	-0.00487611843749473	-0.0019709165987505735	53
YPEL5	51646	-0.010562870198965534	-0.0075226151229445025	97
YRDC	79693	0.0030981824789532804	-0.01027831873447768	19
YTHDC1	91746	-0.013436229913905723	-0.004220942701517039	42
YTHDF2	51441	-0.005085143075360956	0.0008535278669017324	246
YWHAZ	7534	0.002774073810211358	0.019683613637199074	14
YY1	7528	0.007679632647573112	-0.007349619810213547	252
ZACN	353174	-0.005341266911632954	-0.0038175424506243284	234
ZBED1	9189	-0.007970335375202963	-0.002817990933628795	177
ZBED2	79413	-0.011529132799557992	-0.005457224829502232	58
ZBTB10	65986	-0.005741630523530089	-0.0008967186154369945	206
ZBTB11	27107	-0.01103606788956957	-0.003150669412317995	83
ZBTB12	221527	-0.006754192465385424	-0.003762483815965254	160
ZBTB17	7709	-0.0022925946593299394	-0.007255679138150401	19
ZBTB2	57621	-0.010700864530107185	-0.006579362047685707	121
ZBTB39	9880	0.0067605560313935414	0.005141768606998298	149
ZBTB4	57659	-0.010284503406513724	-0.0030203426789729188	2
ZBTB45	84878	-0.0045253381295609655	0.0027651568709759103	129
ZBTB47	92999	-0.008945645455629035	-0.005605158852791796	37
ZBTB7A	51341	-0.007477298160645577	0.0035808958399480358	80
ZBTB7B	51043	0.004046825624712598	0.009002298078884727	90
ZBTB8OS	339487	0.0006837324173235239	-0.00790962525699771	262
ZBTB9	221504	-0.004311374657291951	-0.0030916158272248874	198
ZC3H10	84872	-0.004823019921586912	-0.002444435080947639	73
ZC3H11A	9877	-0.0055285359655667474	0.003474102895842137	80
ZC3H13	23091	-0.012538665014845952	-0.00812984400538074	42
ZC3H18	124245	-0.012658881649228109	0.0002260880542825003	30
ZC3H3	23144	-0.008489966239233551	-0.003737346843432287	177
ZC3H4	23211	0.007834561383425896	0.010700159962133143	138
ZC3H7B	23264	-0.008098360434952014	-0.0033933176180779173	78
ZC3H8	84524	-0.007024455621994828	-0.003854708821268146	220
ZC3HC1	51530	-0.011227077364081845	-0.004313488831496007	121
ZCCHC14	23174	-0.007866751070338315	-0.004830662685650941	137
ZCCHC3	85364	-0.010092551960189017	-0.008893120650118592	130
ZCCHC7	84186	-0.00869731317501138	-0.008676458205400214	24
ZCCHC9	84240	0.039092681691938	-0.013577436523417105	5
ZCRB1	85437	0.0010716762403894969	0.007256497627660987	181
ZDHHC16	84287	-0.005033372282162073	-0.0011403011148250904	234
ZDHHC19	131540	-0.01015632895990849	-0.008371055631487885	251
ZDHHC22	283576	-0.002553279736400319	0.0013181469299227441	67
ZDHHC24	254359	0.0003008216728205288	0.0020674075403972385	26
ZDHHC7	55625	-0.008274835668618316	-0.005366760415677296	168
ZDHHC8	29801	-0.006544714913042642	-0.007561209665225764	47
ZEB1	6935	0.003769980955933119	0.0027965933551055994	158
ZEB2	9839	-0.002877176081486415	-0.0011725004649499684	188
ZFAND5	7763	-0.007102910749572082	-0.0030282401914443176	227
ZFC3H1	196441	0.005946668561366161	-0.00999117508420423	243
ZFHX2	85446	-0.004178816254351499	-0.002539049177641645	40
ZFP36	7538	-0.0061824707184299525	-0.0035209567138055823	155
ZFP36L1	677	-0.008026234416757537	-0.006527829328413828	283
ZFP36L2	678	-0.007770186987056425	-0.004989121115484421	283
ZFP57	346171	-0.0064239357371814925	-0.0035638138490259727	101
ZFP64	55734	-0.007156665523995915	-0.007378293080509045	301
ZFP69B	65243	-0.007098794209506509	-0.006267440223033885	24
ZFP91	80829	-0.006868885638467193	0.0005333146139343419	176
ZFR	51663	0.004507806558057635	0.013080370935220156	33
ZFX	7543	-0.004722357931217241	-0.004984969271507904	47
ZFYVE21	79038	-0.009652757010677526	-0.006206036781061933	249
ZGLP1	100125288	-0.011860588537931805	-0.0026035053570225303	29
ZGPAT	84619	-0.009874559768650886	-0.007684119331359271	230
ZGRF1	55345	-0.007220710170466366	-0.006609542679570543	223
ZKSCAN1	7586	-0.00687704063439275	-0.002458251501528056	259
ZKSCAN5	23660	-0.008185476706085396	-0.00469805753112105	260
ZMAT2	153527	-0.009074967731711327	0.02688972069603461	61
ZMAT5	55954	-0.014962008983872208	0.000315535060263821	15
ZMIZ1	57178	-0.010784996531793824	-0.0055262688300731005	242
ZMYM3	9203	-0.010179448554330355	-0.01385961551685684	225
ZMYND8	23613	-0.007064530879701545	-0.0010841371779098097	83
ZNF100	163227	-0.01113620668562654	-0.0059213639543967056	66
ZNF131	7690	-0.0032689920470247453	0.0016991720281576586	163
ZNF133	7692	-0.009618701238579073	-0.007433796639235822	130
ZNF138	7697	-0.0041575784048252205	-0.0016816488971480763	194
ZNF143	7702	-0.006825518953446035	-0.004919135783020495	145
ZNF155	7711	-0.009196722808246613	-0.004445047656758291	155
ZNF169	169841	-0.010002416037536087	-0.005684088047398181	41
ZNF174	7727	-0.007455056564121727	-0.0033617424599307385	60
ZNF185	7739	-0.009713276117413551	-0.008719957237869308	189
ZNF205	7755	-0.00816393421580265	-0.005918855966558665	140
ZNF207	7756	-0.016542923020745736	0.0014097439077142575	15
ZNF217	7764	-0.0062344558585889645	-0.004896000516847119	104
ZNF219	51222	-0.004719617155842277	-0.005649879343457039	40
ZNF22	7570	-0.006662566548683399	-0.004886595512167234	101
ZNF236	7776	0.025824451044584838	0.008334695956425395	278
ZNF24	7572	-0.008525088761453893	-0.006163657199509792	238
ZNF253	56242	-0.012002641617329852	-0.006861508848448411	146
ZNF283	284349	-0.008984532538411761	-0.0035067262573079375	155
ZNF284	342909	-0.01110554287310238	-0.006542168789007758	110
ZNF286B	729288	-0.008654089836733131	-0.003932104656662979	173
ZNF317	57693	-0.010356018182587357	-0.006487117358470713	110
ZNF322	79692	-0.0027796765567450134	0.004805853179721463	9
ZNF333	84449	-0.012552772171220245	-0.0023208200602976917	29
ZNF335	63925	0.007622658293691951	-0.012566540994166334	35
ZNF33B	7582	-0.004090062336179959	4.717598666709948e-05	163
ZNF367	195828	-0.0062825777148350975	-0.004325018209249133	27
ZNF383	163087	-0.009692249600965932	-0.00553998362649252	155
ZNF395	55893	-0.009474886614729908	-0.007463780790169323	74
ZNF407	55628	-0.009429321752100202	-0.000351321275596243	22
ZNF431	170959	-0.01248580969222624	-0.004866637789919281	50
ZNF445	353274	-0.006766211340246219	-0.00214400234009556	227
ZNF468	90333	-0.010471372049931166	-0.009518209445643537	189
ZNF469	84627	-0.005183366901679278	-0.0007528076144795143	82
ZNF486	90649	-0.011253277477561874	-0.009548947016406477	55
ZNF492	57615	-0.010756593189318814	1.461645219713695e-05	30
ZNF506	440515	-0.008286377486368247	-0.0021936876743908866	127
ZNF511	118472	-0.0076034920096541255	-0.0036010413809971446	216
ZNF513	130557	-0.011630244904862584	-0.006700430658696916	242
ZNF525	170958	-0.010275831464928095	-0.008756091636527236	130
ZNF526	116115	-0.009944760578806045	-0.007241467257853502	6
ZNF541	84215	-0.011719012989655886	-0.00900730674141649	6
ZNF559	84527	-0.011046481640011329	-0.005946809081057497	119
ZNF574	64763	0.020383671391864283	-0.020896132554263192	68
ZNF580	51157	-0.0118527997152392	-0.0094695364687674	6
ZNF593	51042	-0.0012727050332702818	-0.008760051005658343	16
ZNF622	90441	-0.005098541782552145	-0.000851922854579246	51
ZNF629	23361	-0.002790739956090265	0.0062339721270010685	113
ZNF638	27332	0.006461914381198062	-0.010500462173731727	19
ZNF658	26149	-0.006676599838552503	-0.0034702256244674478	260
ZNF674	641339	-0.0029700260574544927	0.00462895792782628	9
ZNF675	171392	-0.009476182821665945	-0.006963825985221224	170
ZNF676	163223	-0.006103092277771569	-0.0026407566821972624	260
ZNF687	57592	-0.0004818021717388634	-0.001652125528949642	10
ZNF688	146542	-0.006086375132164268	-0.0025882429642094945	53
ZNF69	7620	-0.010923188731617541	-0.005288455161558019	110
ZNF691	51058	-0.005452158718125867	-0.003978044849341092	27
ZNF696	79943	-0.0038764529010864137	0.007818103248034258	65
ZNF705A	440077	-0.0049978638873908994	0.0035926232476052246	80
ZNF714	148206	-0.01249010268292789	-0.004616186488509596	146
ZNF718	255403	-0.009620780702965851	-0.00776800414065051	230
ZNF720	124411	-0.004266607968450488	0.0019949826996378166	113
ZNF728	388523	-0.011327662192257937	-0.009654009885233739	271
ZNF738	148203	-0.011916892483206034	-0.004136867338343999	66
ZNF74	7625	-0.009404297742863745	-0.00483114316554709	78
ZNF763	284390	-0.009324041722874161	-0.0060431984022854095	250
ZNF771	51333	-0.009060854440735101	-0.005952630447062347	152
ZNF781	163115	-0.009280113925054238	-0.004962435921637037	110
ZNF830	91603	-0.001868116224979009	0.00023628633064105836	243
ZNF85	7639	-0.011448094397279035	-0.00523694924915418	150
ZNF91	7644	-0.01141024146907779	-0.005774458660870742	66
ZNHIT1	10467	0.0026122870099360637	0.015423376282416239	54
ZNHIT2	741	-0.0048551772321343434	0.00716510316398661	132
ZNHIT3	9326	-0.006334822931173168	-0.0032927830095756186	20
ZNHIT6	54680	0.02094651508313859	-0.015818568300023223	139
ZNRD1	30834	0.04779621779609255	-0.031018590379593078	291
ZNRD2	10534	0.002334047135393881	0.005105597895653527	13
ZP1	22917	-0.00023732171747811576	0.0029324384305328692	26
ZPBP2	124626	-0.005875892998456052	-0.0012961713988913714	147
ZPR1	8882	0.01432369999911156	-0.006173984995269296	98
ZRANB2	9406	-0.0017312970995518424	0.003168877445870066	276
ZRSR2	8233	-0.01777976936233553	0.0016900466531907807	15
ZSCAN5B	342933	-0.01024721164045281	-0.006939075374920155	201
ZSWIM7	125150	-0.008575353320871837	-0.0022477831752984135	2
ZSWIM8	23053	-0.007961665718541556	-0.0015738430951564588	20
ZW10	9183	-0.008510318071441857	-0.009343620244372115	192
ZWILCH	55055	-0.011900565479114207	-0.006617713143719308	89
ZWINT	11130	-0.0030629000193760007	0.0024607622195355235	45
ZYX	7791	-0.005215181420159103	-0.003280627167219614	229
ZZZ3	26009	-0.014431209465695597	0.0008952144105286077	22
nontargeting_0_0	-1	-0.00832161158634455	-0.007569448946032422	107
nontargeting_0_1	-1	-0.011087626368357088	-0.009750778237636868	202
nontargeting_0_2	-1	-0.01518256244995781	-0.016518983182275723	62
nontargeting_0_3	-1	-0.015027092301433	-0.01512701682190695	95
nontargeting_10_0	-1	-0.014844489151265187	-0.015332165233454055	12
nontargeting_10_1	-1	-0.01471720649162896	-0.013563686898235429	93
nontargeting_10_2	-1	-0.014166057297697689	-0.014183760405911362	7
nontargeting_10_3	-1	-0.012116915705321758	-0.009083609701535739	79
nontargeting_11_0	-1	-0.011121470879942558	-0.010163741342491322	189
nontargeting_11_1	-1	-0.014934797169657356	-0.015111944178802295	95
nontargeting_11_2	-1	-0.016769731796497562	-0.01673043541842055	4
nontargeting_11_3	-1	-0.016467254470657576	-0.017485246165373114	4
nontargeting_12_0	-1	-0.0165017004515968	-0.01750506781670529	7
nontargeting_12_1	-1	-0.015214919611252842	-0.01521179653925369	95
nontargeting_12_2	-1	-0.014732237995495999	-0.014702447336178067	95
nontargeting_12_3	-1	-0.015803451065183792	-0.016801550489284427	12
nontargeting_13_0	-1	-0.01603120147570883	-0.01661655325542481	7
nontargeting_13_1	-1	-0.015205911035290846	-0.014732092104070303	93
nontargeting_13_2	-1	-0.01699136673262966	-0.017982950507570004	4
nontargeting_13_3	-1	-0.015462874379839646	-0.015487694010461791	4
nontargeting_14_0	-1	-0.014912944852011849	-0.015925399394715614	12
nontargeting_14_1	-1	-0.01613026824949202	-0.01697804870058378	7
nontargeting_14_2	-1	-0.015128155684789868	-0.014998867348181686	93
nontargeting_14_3	-1	-0.015171768574551082	-0.015223551908960029	7
nontargeting_15_0	-1	-0.01369943845788475	-0.016684788756483233	225
nontargeting_15_1	-1	-0.015326820904011213	-0.015909445480615587	7
nontargeting_15_2	-1	-0.013713202453361176	-0.013857024953447853	12
nontargeting_15_3	-1	-0.015207486735112066	-0.015555107697065454	79
nontargeting_16_0	-1	-0.016960204001533186	-0.017859933831373527	4
nontargeting_16_1	-1	-0.014738415679531597	-0.016328990341160674	12
nontargeting_16_2	-1	-0.011324890501200223	-0.015248681090514818	225
nontargeting_16_3	-1	-0.015820521882296264	-0.01800330023209465	225
nontargeting_17_0	-1	-0.01366294555423162	-0.014507215736238458	178
nontargeting_17_1	-1	-0.012014767692639063	-0.010531113669563994	124
nontargeting_17_2	-1	-0.015156054400242378	-0.01527511352722522	7
nontargeting_17_3	-1	-0.015412785958797507	-0.016816124593028513	62
nontargeting_18_0	-1	-0.015552276005470054	-0.015472467235142113	93
nontargeting_18_1	-1	-0.009396084911605587	-0.01103218335179749	189
nontargeting_18_2	-1	-0.013681582507839364	-0.010921120890717114	93
nontargeting_18_3	-1	-0.004479062856529925	-0.004713599039725713	154
nontargeting_19_0	-1	-0.014016674017650027	-0.016628059626401643	225
nontargeting_19_1	-1	-0.014636385455940166	-0.01570149946792287	62
nontargeting_19_2	-1	-0.012287589876769752	-0.012121824513274544	178
nontargeting_19_3	-1	-0.017105469253370444	-0.018167911655114836	4
nontargeting_1_0	-1	-0.015578943145845733	-0.015255870906259057	93
nontargeting_1_1	-1	-0.007721972761695011	-0.006128378327768901	183
nontargeting_1_2	-1	-0.007829161136969269	-0.006103518688488325	208
nontargeting_1_3	-1	-0.01622647027028929	-0.01744943482395926	12
nontargeting_20_0	-1	-0.009985086635880568	-0.006670284344723507	209
nontargeting_20_1	-1	-0.016750638330002024	-0.01812366978998044	4
nontargeting_20_2	-1	-0.01590131227892661	-0.016800391245784033	62
nontargeting_20_3	-1	-0.010902172583703932	-0.010468390466311938	56
nontargeting_21_0	-1	-0.015163088519653482	-0.015418321062747781	7
nontargeting_21_1	-1	-0.013834010470060318	-0.015020406940887047	178
nontargeting_21_2	-1	-0.012785792961754257	-0.011784135407359933	93
nontargeting_21_3	-1	-0.011640051089252021	-0.010824860384476562	273
nontargeting_22_0	-1	-0.013346740370647257	-0.01442954471962601	12
nontargeting_22_1	-1	-0.016077345570398614	-0.017393229331781015	62
nontargeting_22_2	-1	-0.015998015870989184	-0.016649939141046528	7
nontargeting_22_3	-1	-0.015755294245123737	-0.016896168821373153	12
nontargeting_23_0	-1	-0.015232940913241375	-0.017447947945940713	4
nontargeting_23_1	-1	-0.016092999486199307	-0.016884869125646584	7
nontargeting_23_2	-1	-0.009104052859953282	-0.0073243145571989686	170
nontargeting_23_3	-1	-0.015569781465419083	-0.016340983633453494	12
nontargeting_24_0	-1	-0.016140878482659674	-0.017449482169842483	62
nontargeting_24_1	-1	-0.015212555769587547	-0.015572534753300492	7
nontargeting_24_2	-1	-0.013289040558979181	-0.013194801605119915	95
nontargeting_24_3	-1	-0.016110749714658697	-0.017015736028743563	7
nontargeting_25_0	-1	-0.011390736942061594	-0.010773609453357376	124
nontargeting_25_1	-1	-0.01056919194231714	-0.01011800763133708	189
nontargeting_25_2	-1	-0.013240025482139268	-0.014256605025383303	178
nontargeting_25_3	-1	-0.01224793682841092	-0.011714645812440545	115
nontargeting_26_0	-1	-0.012978914884252757	-0.01477221473047646	7
nontargeting_26_1	-1	-0.01551285670401082	-0.015967045007143008	12
nontargeting_26_2	-1	-0.01424686140516694	-0.013930476308243622	79
nontargeting_26_3	-1	-0.014213297860231094	-0.014217129133836612	115
nontargeting_27_0	-1	-0.013292003179454266	-0.012633269787744785	178
nontargeting_27_1	-1	-0.015013152231629318	-0.015241420499444257	7
nontargeting_27_2	-1	-0.01497472173299747	-0.01519443165333376	79
nontargeting_27_3	-1	-0.015761211704825816	-0.015330252474143114	93
nontargeting_28_0	-1	-0.014105789782621517	-0.014314156662394146	131
nontargeting_28_1	-1	-0.009932310035142963	-0.007440848806832941	271
nontargeting_28_2	-1	-0.014115211072072397	-0.013904067993139722	131
nontargeting_28_3	-1	-0.012876296064114803	-0.009973751299252612	232
nontargeting_29_0	-1	-0.013315439925090542	-0.014699733357846963	12
nontargeting_29_1	-1	-0.0163203273661253	-0.017308570702291373	7
nontargeting_29_2	-1	-0.017157425630408767	-0.01861107505144207	4
nontargeting_29_3	-1	-0.008740529804185514	-0.01201973576535859	200
nontargeting_2_0	-1	-0.015773357857351355	-0.016525873266408694	7
nontargeting_2_1	-1	-0.005346118658048302	0.004495865310948005	0
nontargeting_2_2	-1	-0.01285457054019175	-0.012555906942630594	131
nontargeting_2_3	-1	-0.017428579996953172	-0.0187438833944847	4
nontargeting_30_0	-1	-0.015863063023817296	-0.017400883021478283	4
nontargeting_30_1	-1	-0.014018595646070022	-0.013780972541671797	7
nontargeting_30_2	-1	-0.01531105858711386	-0.015915628114447165	7
nontargeting_30_3	-1	-0.004965265038690867	-0.007363170806729108	178
nontargeting_31_0	-1	-0.013420570750678373	-0.012723637689232025	159
nontargeting_31_1	-1	-0.013746441943573225	-0.015759893852833284	62
nontargeting_31_2	-1	-0.01616443969764299	-0.017247413622355934	12
nontargeting_31_3	-1	-0.016703658075669293	-0.01787348983470832	4
nontargeting_32_0	-1	-0.015223414184761997	-0.015417659511859125	7
nontargeting_32_1	-1	-0.01564546473082372	-0.016361570472125057	12
nontargeting_32_2	-1	-0.015046661228076193	-0.014571378092066075	4
nontargeting_32_3	-1	-0.009754106103374235	-0.008896086514549345	189
nontargeting_33_0	-1	-0.014721077314153104	-0.015506599483738037	12
nontargeting_33_1	-1	-0.016450733399431115	-0.017375932274951888	12
nontargeting_33_2	-1	-0.01690757466523579	-0.0180893223230073	4
nontargeting_33_3	-1	-0.010210675197011942	-0.013095987114361874	56
nontargeting_34_0	-1	-0.01591066501504463	-0.01681459255925497	12
nontargeting_34_1	-1	-0.013611887780884577	-0.013314102562505689	115
nontargeting_34_2	-1	-0.0075265735856864975	-0.005381807251806149	124
nontargeting_34_3	-1	-0.013265160530538308	-0.012680151574868863	7
nontargeting_35_0	-1	-0.009694225975103834	-0.007898903935494401	230
nontargeting_35_1	-1	-0.017132757255600393	-0.018280784133357323	4
nontargeting_35_2	-1	-0.014923287145431305	-0.014438409275737831	93
nontargeting_35_3	-1	-0.0139669771859731	-0.014226020085820114	152
nontargeting_36_0	-1	-0.015555897100868419	-0.016726000856837953	12
nontargeting_36_1	-1	-0.013839639519502818	-0.012701203299006276	93
nontargeting_36_2	-1	-0.01401917904744075	-0.01270400555460796	95
nontargeting_36_3	-1	-0.014179531619579227	-0.013626610110505566	79
nontargeting_37_0	-1	-0.016801575321413995	-0.017919563930391645	4
nontargeting_37_1	-1	-0.01382072561991791	-0.014861424349611796	178
nontargeting_37_2	-1	-0.012180327437240929	-0.0119518870929487	189
nontargeting_37_3	-1	-0.014051788871763924	-0.014176662097914025	95
nontargeting_38_0	-1	-0.01475281489254274	-0.015657964256034707	7
nontargeting_38_1	-1	-0.014312599473602935	-0.01442896160013674	95
nontargeting_38_2	-1	-0.008992016913730992	-0.008396309489761262	202
nontargeting_38_3	-1	-0.01610454768325302	-0.01743091625632424	4
nontargeting_39_0	-1	-0.01721048511777255	-0.017737254344295104	4
nontargeting_39_1	-1	-0.011588299095630536	-0.010747395547489462	94
nontargeting_39_2	-1	-0.015637514235003577	-0.01609088446709228	7
nontargeting_39_3	-1	-0.01501360808236401	-0.01550425229418278	95
nontargeting_3_0	-1	-0.01345875969159787	-0.012868300305638862	95
nontargeting_3_1	-1	-0.017129116556821603	-0.01887172720071796	4
nontargeting_3_2	-1	-0.01484383436254089	-0.015226063529276995	7
nontargeting_3_3	-1	-0.016686415768160833	-0.0176859391052512	7
nontargeting_40_0	-1	-0.011397354233600658	-0.010982521346369189	115
nontargeting_40_1	-1	-0.004457631437189226	-0.003522669983704511	107
nontargeting_40_2	-1	-0.01589271114446792	-0.017360656823468597	4
nontargeting_40_3	-1	-0.01712732829533052	-0.01805276480408162	4
nontargeting_41_0	-1	-0.015487358066689194	-0.016365900712094504	7
nontargeting_41_1	-1	-0.013374406061248303	-0.012627656987065488	79
nontargeting_41_2	-1	-0.013446892397603119	-0.01294867125691262	124
nontargeting_41_3	-1	-0.009092430249274159	-0.004298395547264315	238
nontargeting_42_0	-1	-0.014144016300767044	-0.013862001394438671	95
nontargeting_42_1	-1	-0.016342969249392596	-0.01625732388121273	4
nontargeting_42_2	-1	-0.01592509805753907	-0.01661051343676037	12
nontargeting_42_3	-1	-0.01707885875563872	-0.017552604365421928	4
nontargeting_43_0	-1	-0.010508176212959965	-0.009678677613180758	131
nontargeting_43_1	-1	-0.015230352600739159	-0.016563187188348556	62
nontargeting_43_2	-1	-0.009361641423076255	-0.011267289353717245	178
nontargeting_43_3	-1	-0.009796463911212971	-0.010262601798882838	56
nontargeting_44_0	-1	-0.014252829228053458	-0.015644299861071322	12
nontargeting_44_1	-1	-0.014062320395915092	-0.015770224260996262	62
nontargeting_44_2	-1	-0.01187008406083556	-0.011233107870266268	62
nontargeting_44_3	-1	-0.009439398335676367	-0.009812799053851075	187
nontargeting_45_0	-1	-0.015070977172520296	-0.015709225804979562	7
nontargeting_45_1	-1	-0.007504572116180685	-0.013539346547453793	225
nontargeting_45_2	-1	-0.00914539783986392	-0.008024793985961488	273
nontargeting_45_3	-1	-0.01614895408697876	-0.017369417230379228	12
nontargeting_46_0	-1	-0.01370117441194241	-0.013049404366634307	131
nontargeting_46_1	-1	-0.013639102698519083	-0.01461677854801132	225
nontargeting_46_2	-1	-0.015280992946115698	-0.015042751185569957	93
nontargeting_46_3	-1	-0.016427798041714257	-0.017536742072375572	7
nontargeting_47_0	-1	-0.01540573648629931	-0.016357072565228333	12
nontargeting_47_1	-1	-0.016163623801710988	-0.017943239560166878	4
nontargeting_47_2	-1	-0.013610284185349784	-0.01283451871593678	79
nontargeting_47_3	-1	-0.014409723669227466	-0.015980323640802662	62
nontargeting_48_0	-1	-0.016474540896671937	-0.018352378248164027	4
nontargeting_48_1	-1	-0.014144048538699681	-0.013955548792675571	131
nontargeting_48_2	-1	-0.01706007503023193	-0.01819412268295145	4
nontargeting_48_3	-1	-0.009275740062344249	-0.009025576607063433	94
nontargeting_49_0	-1	-0.012416157332094307	-0.0113530535801395	131
nontargeting_49_1	-1	-0.011600710221478688	-0.011218292040393707	95
nontargeting_49_2	-1	-0.01513784099240122	-0.015723595261395214	12
nontargeting_49_3	-1	-0.01362532213723527	-0.013874684961753042	178
nontargeting_4_0	-1	-0.01659337336126435	-0.018251075706226336	12
nontargeting_4_1	-1	-0.014047176139337798	-0.014489621142278907	95
nontargeting_4_2	-1	-0.01447337159368858	-0.014368466594332182	12
nontargeting_4_3	-1	-0.013532831635746171	-0.013526404471480466	79
nontargeting_50_0	-1	-0.0173936267616419	-0.018924453669898002	4
nontargeting_50_1	-1	-0.014820161159448593	-0.015616503193973695	7
nontargeting_50_2	-1	-0.010293526798256805	-0.009569044484088875	77
nontargeting_50_3	-1	-0.016768973931956054	-0.017493472528174063	4
nontargeting_51_0	-1	-0.01078269984507359	-0.009519859361737527	124
nontargeting_51_1	-1	-0.014841634470635533	-0.0161896123611522	4
nontargeting_51_2	-1	-0.014308137527275817	-0.014484657853825862	115
nontargeting_51_3	-1	-0.015080224724285914	-0.015567043137777972	95
nontargeting_52_0	-1	-0.016141778769695393	-0.017446752298730203	4
nontargeting_52_1	-1	-0.014560817635386223	-0.014330933841250592	202
nontargeting_52_2	-1	-0.017139423208965804	-0.01806285842466608	4
nontargeting_52_3	-1	-0.006578502299642641	-0.008257817322203721	178
nontargeting_53_0	-1	-0.01473706474289922	-0.01517035351751946	7
nontargeting_53_1	-1	-0.01548017284816326	-0.016846734043615485	62
nontargeting_53_2	-1	-0.01302903098561842	-0.013195128701521962	131
nontargeting_53_3	-1	-0.014829228249427975	-0.014687014533514184	93
nontargeting_54_0	-1	-0.015764425050839272	-0.016429695125323537	95
nontargeting_54_1	-1	-0.012679659591090263	-0.01403834551728513	178
nontargeting_54_2	-1	-0.014122576203252944	-0.014877442022785767	7
nontargeting_54_3	-1	-0.0018958281590020641	-0.007988806337644067	208
nontargeting_55_0	-1	-0.014987163732744953	-0.014593004540885787	93
nontargeting_55_1	-1	-0.009826113821568415	-0.00850187897333514	209
nontargeting_55_2	-1	-0.010993663190116909	-0.011116143914201527	56
nontargeting_55_3	-1	-0.016488256246818565	-0.018071252462584415	4
nontargeting_56_0	-1	-0.013649045011433507	-0.013029129881444503	12
nontargeting_56_1	-1	-0.010705942147613935	-0.008920438918794904	95
nontargeting_56_2	-1	-0.01131965016989869	-0.013579237118161279	225
nontargeting_56_3	-1	-0.003638402088540394	-0.005003078665632608	100
nontargeting_57_0	-1	-0.017566035743351176	-0.018995052685110456	4
nontargeting_57_1	-1	-0.00881007610460043	-0.009429046045455022	174
nontargeting_57_2	-1	-0.016048653666701267	-0.016884903521703208	62
nontargeting_57_3	-1	-0.012397243833687035	-0.012356653059445492	131
nontargeting_58_0	-1	-0.008167571187578137	-0.007464185576063691	140
nontargeting_58_1	-1	-0.01601774045720971	-0.016960768883270413	12
nontargeting_58_2	-1	-0.015976191377865743	-0.01707882579181343	12
nontargeting_58_3	-1	-0.014242710593295604	-0.014295331773794625	115
nontargeting_59_0	-1	-0.00946639824614143	-0.007923734036148536	115
nontargeting_59_1	-1	-0.013448420520681063	-0.012401129762474218	55
nontargeting_59_2	-1	-0.01536095733890732	-0.015601416565946796	12
nontargeting_59_3	-1	-0.016343175808309036	-0.01720325050013287	7
nontargeting_5_0	-1	-0.013586786502089599	-0.014608996090854691	62
nontargeting_5_1	-1	-0.016623846507746454	-0.01830317309287921	12
nontargeting_5_2	-1	-0.014956879169928435	-0.015469259408784032	62
nontargeting_5_3	-1	-0.011529421138902056	-0.010941087983154676	95
nontargeting_60_0	-1	-0.013181703261661702	-0.01387071818660363	56
nontargeting_60_1	-1	-0.014805331849254547	-0.015156525824061282	95
nontargeting_60_2	-1	-0.01360820830157972	-0.013046740094715297	131
nontargeting_60_3	-1	-0.01644295048132132	-0.017188147330205968	7
nontargeting_61_0	-1	-0.011513920468649335	-0.010712519621313903	62
nontargeting_61_1	-1	-0.015418504170927426	-0.014743809841418916	93
nontargeting_61_2	-1	-0.014856150170240504	-0.014283406087816098	93
nontargeting_61_3	-1	-0.007835821016501873	-0.007231383843840508	115
nontargeting_62_0	-1	-0.014255605550731828	-0.011297915762777569	4
nontargeting_62_1	-1	-0.014946371012784601	-0.014879715542674964	178
nontargeting_6_0	-1	-0.016234065801116627	-0.017304629468642526	12
nontargeting_6_1	-1	-0.01557302331315297	-0.016680858575204047	62
nontargeting_6_2	-1	-0.01389468790189302	-0.013319796291238186	12
nontargeting_6_3	-1	-0.016480859258103928	-0.01802797360199973	4
nontargeting_7_0	-1	-0.011132416467445515	-0.010156409007984354	131
nontargeting_7_1	-1	-0.013592828224929425	-0.013524656360116832	116
nontargeting_7_2	-1	-0.014611931996723134	-0.015868832938922606	12
nontargeting_7_3	-1	-0.007396099267359873	-0.006179973024626624	292
nontargeting_8_0	-1	-0.015320580354039992	-0.016426874898407943	7
nontargeting_8_1	-1	-0.01645152943935352	-0.017402656010170527	12
nontargeting_8_2	-1	-0.016223998278339553	-0.01752593160088308	62
nontargeting_8_3	-1	-0.015137139089918341	-0.014894544471001154	93
nontargeting_9_0	-1	-0.014610709074848446	-0.015619946370927066	62
nontargeting_9_1	-1	-0.016060326019836424	-0.016866963295109606	7
nontargeting_9_2	-1	-0.01608786979847518	-0.016259389743596718	4
nontargeting_9_3	-1	-0.016061723626626532	-0.016613817644976304	7
