gene_symbol	gene_id	PHATE_0	PHATE_1	cluster
AAAS	8086	-0.007929202122483006	0.00013953311712863566	90
AAGAB	79719	-0.010037221148287617	-0.0011624284469205926	112
AAK1	22848	3.036006578030075e-05	-0.004769102624126035	141
AAMP	14	-0.002383001327431336	0.03433583263489365	0
AARS1	16	-0.009657855983629724	0.00022299612468300187	47
AARS2	57505	-0.0016390246620605572	-0.004804048141278354	197
AASDHPPT	60496	-0.022887463500955895	0.007241225588133665	22
AATF	26574	-0.008454492236580473	-0.0002556573170697398	95
ABCA3	21	-0.013652078672300887	0.0011146336513070908	97
ABCB10	23456	-0.00660059683282712	-0.001703374755980772	158
ABCB7	22	-0.018315487974310443	0.0059044713181252454	2
ABCE1	6059	0.004699360143586012	-0.003215658655891521	82
ABCF1	23	-0.015565589842726085	0.007872295956556662	191
ABCG1	9619	-0.013613006313535675	0.0012383328606699225	91
ABHD11	83451	-0.011410111735523363	8.080110495204826e-05	192
ABHD13	84945	-0.01795924530480561	0.0058109810656444055	226
ABHD16A	7920	-0.001401438554705473	-0.0024225636060705167	11
ABHD17A	81926	-0.0016312665398452145	-0.0031085163133032084	124
ABI3	51225	0.002628818630200394	-0.006251907741407464	62
ABL1	25	-0.006647747451314008	-0.0021286737471544396	158
ABT1	29777	-0.004941313979990702	-0.002221142262547344	47
ACACA	31	-0.005731817253194296	-0.002334662555602347	12
ACAD8	27034	-0.014165783429957944	0.0007194143736091399	163
ACAD9	28976	-0.004553717597952375	-0.0038302049837943613	165
ACBD3	64746	-0.0032134666115827518	-0.003362523286957229	83
ACBD4	79777	-0.00726248249580641	-0.002728995596161975	67
ACD	65057	-0.010750610434753088	-0.0012673377109199842	71
ACHE	43	-0.0026087976246694645	-0.0018600580084307077	207
ACIN1	22985	-0.002286588928549492	-0.003047446008012774	103
ACLY	47	-0.0017058217294997147	-0.0038840883998232114	103
ACO2	50	0.0005523082812713705	-0.005420293829703593	166
ACOT12	134526	-0.008443413875229632	0.0006186227993242095	201
ACP5	54	-0.005042260967679517	-0.0005729486124265251	95
ACRBP	84519	-0.014381806207114921	0.001942501117528106	80
ACSF2	80221	-0.011371292437956489	0.0007433620224345237	8
ACSL3	2181	-0.0037245518514330933	-0.0036625062178191167	33
ACSL4	2182	-0.016559795730711122	0.0026094638015424776	52
ACTA1	58	-0.013936905722563054	0.0013739744325119915	71
ACTB	60	-0.0016288546277686152	-0.0038417700443912853	12
ACTG1	71	-0.01572546354207462	0.002995667939678196	226
ACTG2	72	-0.007063528210449672	-0.0032105239427520013	7
ACTL6A	86	-0.014486210683771178	0.0016334409247598396	71
ACTL7A	10881	-0.015556144646934429	0.0030046962720501618	120
ACTR10	55860	0.05066037849787711	0.00013616797621927867	4
ACTR1A	10121	0.04575575132379834	-0.002707053862410497	4
ACTR1B	10120	0.02384920261693929	-0.007543601353817908	59
ACTR2	10097	-0.005915880195530769	-0.0025999200727413506	96
ACTR3	10096	0.005694706898243232	-0.00340825905878841	25
ACTR5	79913	-0.0017990592959293082	-0.003768645175465679	107
ACTR6	64431	-0.006445454740905308	-0.002480626087338843	244
ACTR8	93973	-0.002901781196018307	-0.00387475808282202	8
ADAM11	4185	0.0012683877846756653	-0.005626801003882847	177
ADAM33	80332	-0.0013219652099654468	-0.0029658356212057396	19
ADAMTS7	11173	-0.013199961826773859	0.0015583219086424966	34
ADAMTSL4	54507	-0.018290275222025604	0.003599516168660783	135
ADAMTSL5	339366	-0.007881997785532228	-0.001896028530255395	215
ADAR	103	-0.017188924784382324	0.0028332184841094316	195
ADAT2	134637	-0.015379815457251146	0.0016484783844085203	84
ADAT3	113179	-0.019063605288900214	0.004726476875595661	22
ADCY3	109	-0.004753734904930926	-0.0033619644191249997	110
ADGRB2	576	-0.006947288786824273	-0.0021974962717357443	112
ADGRG1	9289	-0.013536955717806852	0.0017574918692126575	50
ADNP	23394	-0.0023695047375286277	-0.003645635085306318	149
ADO	84890	-0.010779088931986733	0.0005239741270830036	202
ADPRHL2	54936	-0.006798038490183427	-0.0019393737534093957	148
ADRM1	11047	-0.005665081962498032	-0.002309903799759856	130
ADSL	158	-0.009692628883888728	-0.00020093134525543107	44
ADSS2	159	-0.003265257133070311	-0.001857865146842292	81
AEBP1	165	-0.002369479668941322	-0.004520596327286665	209
AFDN	4301	-0.015031696209733755	0.0023752024949121177	39
AFF1	4299	-0.005290196611381403	-0.0007582666603223187	121
AFF2	2334	-0.007197141165987299	-0.0011116295948693906	215
AFG3L2	10939	-0.006897122924537208	-0.0008224327067489747	23
AGAP2	116986	-0.0035626550801578167	-0.0015261880598902411	188
AGAP4	119016	-0.010255347597042427	-0.00096184844764219	34
AGAP5	729092	0.021614380426633172	-0.00922574611452494	1
AGAP6	414189	-0.0034070711489875686	-0.0035387271815711103	68
AGAP7P	653268	0.009391984733922953	-0.00721889939964662	10
AGAP9	642517	0.00893235176180707	-0.004808844656876216	31
AGBL4	84871	-0.009887946461160932	-2.6930739331959056e-05	60
AGBL5	60509	-0.00842551168169598	0.0012991395745109108	94
AGO1	26523	-0.004669467538227891	-0.004737816447732281	7
AGO2	27161	-0.012492513794635765	2.4475978553982144e-06	84
AGPAT1	10554	-0.01096907933206764	0.0017389836402329692	11
AGPAT5	55326	-0.004468953071918289	-0.0032173523424186426	151
AGPS	8540	-0.01118562644309997	0.0002237493262770874	203
AGT	183	-0.003408036929461094	-0.002774227707465664	151
AGXT	189	-0.011504840504402513	-0.00031612172130049057	229
AHCTF1	25909	-0.00888672445466194	0.0009130651055734717	41
AHCY	191	-0.0165866191747928	0.0029615216882895637	231
AHCYL1	10768	-0.013800793413172929	0.0015529253398483686	169
AHNAK2	113146	-0.01294738842571281	0.001137020031487192	210
AIFM1	9131	-0.011658720391524066	0.0014242269561449818	16
AIFM3	150209	-0.012168287668685922	0.0043176432898441655	13
AIP	9049	-0.004779678641498864	-0.003854433597647171	55
AJM1	389813	0.0024981521863842887	-0.003674066253942534	19
AK2	204	-0.009071187902792849	0.00026176808959892805	121
AK4	205	-0.011585145003173244	-0.00029588149595112246	163
AK6	102157402	0.0019381125337527003	-0.005673921956230958	62
AKAP1	8165	-0.010461873173638806	-0.0002982502200324379	8
AKAP17A	8227	-0.01083376487333722	-0.0009666569092904265	112
AKAP8L	26993	-0.009106127452663197	-0.001796270871130186	233
AKIRIN1	79647	0.022261127804096344	-0.009777202568655668	221
AKIRIN2	55122	-0.010518877648012591	-0.0005448766744174615	138
AKNAD1	254268	-0.0028625968007759935	-0.004731324812793488	166
AKR1A1	10327	-0.01449234216991488	0.0025645157947221902	159
AKR7A3	22977	-0.0028052165458860826	-0.003934570894652456	89
AKT1S1	84335	-0.016553315122157596	0.0025745898634764353	153
AKT2	208	-0.0047163403181641915	-0.001859065896024198	23
ALAD	210	-0.01340547576697208	0.002154246000836582	120
ALAS1	211	-0.002894689286333118	-0.003899946478559254	62
ALDH18A1	5832	-0.01570434355896994	0.0038791336906557213	116
ALDOA	226	-0.01487079444315073	0.0039016307130611294	72
ALDOC	230	0.0032806390303505915	-0.005667054161805351	62
ALG1	56052	-0.009693659858111601	-0.0008842247719794582	115
ALG11	440138	-0.0064935389601749015	-0.002818981502606657	21
ALG12	79087	-0.007568614493352185	-0.0015294836471841896	144
ALG13	79868	-0.01289686267445257	0.005542542330878031	181
ALG14	199857	-0.003997479334848659	-0.004100836922996552	17
ALG1L	200810	0.005729839960343279	-0.00507059100563009	76
ALG2	85365	-0.007850980117018794	-0.000280179405966339	235
ALG5	29880	-0.013438919067917832	0.002250264852361328	137
ALG6	29929	-0.0052470283251253875	-0.0033449267214094975	212
ALG8	79053	-0.010119629029150328	0.0015602116419824313	133
ALMS1	7840	-0.013703468629017591	0.0023111048645094606	80
ALS2CL	259173	0.008865582934621793	-0.005933269610914916	29
ALX3	257	0.0073409104564247495	-0.006334925843492853	46
ALYREF	10189	-0.016387843902114913	0.003669752509752411	86
AMBRA1	55626	-0.0056725880923902666	0.0033048522188709488	164
AMD1	262	-0.009438206480510903	-0.0011331234318843785	111
AMDHD2	51005	-0.010205313750646774	-0.0003065252542964732	65
AMER2	219287	-0.009936174065283118	-0.00027935079832887386	172
AMFR	267	-0.013928192489432143	0.001562540122486651	219
AMHR2	269	-0.0002514492223385164	-0.0034485038343849512	19
AMY1A	276	0.001558653609495697	-0.005014811694391905	68
AMY1B&AMY1C	277&278	0.0013432985664368657	-0.0036118871965346764	74
AMY2A	279	-0.02219258785947392	0.006390592764247689	14
ANAPC1	64682	0.061979798645018624	0.009463732955648783	4
ANAPC10	10393	0.03425870098796708	-0.0009362608363404796	4
ANAPC11	51529	0.04772126085638456	0.001533712855496352	4
ANAPC13	25847	0.013224762835252866	-0.005653403183368394	46
ANAPC15	25906	0.015386129161704825	-0.004148396564528707	117
ANAPC2	29882	0.0633741594114212	0.009992688123798868	4
ANAPC4	29945	0.06267024277557397	0.009216028321660994	4
ANAPC5	51433	0.060184132352902105	0.00645212086954311	4
ANAPC7	51434	-0.018657007390162277	0.003874729159183799	135
ANKHD1	54882	-0.017944079692964212	0.0032519879025304046	32
ANKHD1-EIF4EBP3	404734	-0.010921727133561113	0.000705824988866232	192
ANKLE1	126549	0.002913955402523372	-0.006705496725896844	18
ANKLE2	23141	-0.014524162751511523	0.0025055725402136257	49
ANKRD11	29123	-0.010202840766206865	-0.0007493510974880171	56
ANKRD13C	81573	-0.0029868631255827826	-0.0023479574288271304	205
ANKRD17	26057	-0.01176730432854106	0.0008010019112664566	48
ANKRD20A1	84210	0.0327335309283974	-0.01188581094990761	1
ANKRD20A2	441430	0.031334917035824174	-0.010636628737465974	20
ANKRD20A3	441425	0.024255921382014736	-0.01010251261101909	20
ANKRD20A4	728747	0.022146614886820744	-0.0003260543412273705	24
ANKRD31	256006	-0.010217602308324237	-0.0003556782452803821	235
ANKRD35	148741	-0.008753148140296966	-0.0009802338464532008	95
ANKRD36B	57730	-0.015290039434073217	0.0025527217676511275	80
ANKRD49	54851	-0.016339712175466793	0.002887496758972653	86
ANKRD52	283373	-0.00011760809970261495	-0.005203799012357623	55
ANKRD54	129138	-0.012171302102993962	0.0018763007895710678	152
ANKS1A	23294	-0.0023732854621926723	-0.004402226255556468	166
ANKS6	203286	-0.0072711311804824754	-0.0006214996097556997	130
ANLN	54443	-0.016281973270062054	0.0027168059101448927	84
ANO2	57101	-0.016546465050722457	0.0024325043570744926	5
ANP32B	10541	-0.01439907091519633	0.0016007151373538537	50
ANP32E	81611	-0.011461044393972726	0.0012838149443026659	159
ANTXRL	195977	-0.003002342840421598	-0.003948659058531998	142
ANXA9	8416	-0.004185787617060991	-0.003536729289967175	68
AP1G1	164	-0.012991453318629144	0.001119201217864894	169
AP1G2	8906	-0.013205089569148468	0.0007759342831962672	219
AP1M1	8907	-0.004850352156342033	-0.003672220458863439	244
AP2M1	1173	0.001976043805879945	-0.006896389323240004	55
AP2S1	1175	-0.007749637672367663	-0.0019192710878623705	156
AP3B1	8546	-0.0031173693106234125	-0.003932114058723999	42
AP3D1	8943	-0.010165289726426555	-0.001058007627987418	28
APC	324	-0.018838794522434036	0.004200098792770777	80
APC2	10297	-0.011784496228982977	-0.00048438888000689785	198
APEX2	27301	-0.013052405038374447	0.0013779659637778924	50
API5	8539	-0.01492697801387697	0.0038024782792701007	49
APOBR	55911	-0.01426174822297644	0.0021258809461558127	49
APOC1	341	0.0030127596457026028	-0.006581294422946705	224
APOLD1	81575	0.005413918821941229	-0.0020622063146220216	131
APRT	353	-0.014250993376049906	0.002494477962517179	184
AQP7	364	0.03579626249477217	-0.01002897414107767	20
AQR	9716	0.05548672419654321	0.008204069091902327	119
ARCN1	372	-0.016172881122060122	0.0030049802022933682	91
AREL1	9870	-0.013778446732956952	0.001796619233874498	92
ARF1	375	-0.015577639543202756	0.0015074509053250524	146
ARF3	377	-0.014705620207978717	0.00227669531544171	86
ARF4	378	0.012390980540841187	-0.005716031511108626	76
ARF6	382	0.00045727186536388914	-0.005333242188620487	33
ARFRP1	10139	-0.008198730354050747	-0.0013476259503631032	8
ARGFX	503582	-0.008740511749875874	-0.001213977108197954	87
ARGLU1	55082	0.0026201805825072626	-0.004733727693789019	88
ARHGAP11A	9824	-0.0024645915214531653	-0.0017907894727992222	63
ARHGAP11B	89839	-0.009016687225419739	-1.3300495963717482e-06	75
ARHGAP23	57636	-0.008780673611393482	-0.0017671754794023832	123
ARHGAP33	115703	-0.01128130620199504	-0.0007775516039438036	123
ARHGAP45	23526	-0.01905316797757218	0.005051370315668377	2
ARHGAP9	64333	-0.010156824332771323	0.0013315589298670083	41
ARHGEF15	22899	-0.0060276565815876515	-0.0036158994468001443	21
ARHGEF28	64283	-0.012753667016703062	0.0009076347398238052	73
ARHGEF35	445328	-0.0007513394127947096	-0.005412714439958776	6
ARHGEF4	50649	-0.0032117942493845295	-0.00384558596387035	165
ARHGEF5	7984	-0.005428115861151501	-0.0029797545832593083	228
ARHGEF7	8874	0.008496455304152257	-0.006471184873867169	108
ARID1A	8289	-0.010812541547604745	-0.000384200832757053	150
ARID2	196528	-0.006075395083189134	-0.0015610068290607035	41
ARID3A	1820	-0.006918108640261624	-0.0009309115943500339	122
ARID3B	10620	-0.011293648825970823	0.000654857919659321	183
ARID3C	138715	0.034536123032922604	-0.011194504575462559	20
ARID4B	51742	-0.005712404167104049	-0.0029333313369739335	99
ARID5A	10865	0.015744235125916713	-0.005770480176731698	196
ARIH1	25820	0.0185523710478744	-0.014294232507081008	57
ARL1	400	-0.010640528525970444	-0.0001733331686064943	180
ARL17A	51326	-0.00863439072395926	-0.0012792724715759499	8
ARL17B	100506084	0.010799592943841179	-0.010950539643676023	177
ARL2	402	-0.00823324194019523	0.008054677634002597	191
ARL4D	379	0.001563492883187804	-0.0068816567261444535	53
ARL8B	55207	-0.0046326383472003645	-0.0028853634555252045	23
ARMC5	79798	-0.01196280007425287	0.00039616840118767864	34
ARMC6	93436	-0.013861139029882017	0.0017102065862322257	219
ARMC7	79637	0.007895383237341897	-0.005946977015965566	59
ARMC9	80210	-0.01473698287886011	0.002290238711433935	100
ARMH1	339541	-0.013169727528691994	0.0022790467867815052	129
ARMH3	79591	-0.013787617774261775	0.0015322348585711332	120
ARNTL2	56938	-0.008445998251480355	-0.0008656686156041043	48
ARPC2	10109	-0.014399848465015951	0.0032094074969408553	13
ARPC3	10094	-0.012261846719393244	0.002828679024429775	139
ARPC4	10093	-0.014756985493970547	0.003604962120198101	104
ARPC4-TTLL3	100526693	-0.013402255575527879	0.0006633883721819857	71
ARPP19	10776	-0.008808773170170271	0.0013872893737346113	72
ARSA	410	-0.019304992387459852	0.004362196937041486	58
ARSB	411	-0.007939966237964356	0.0001296369795035422	181
ART5	116969	-0.0032110959419246942	-0.003938577405344258	233
ARVCF	421	-0.012578567390176154	0.003566720908706674	72
ASB6	140459	-0.013228844856395442	0.0016049269406568094	49
ASCC3	10973	-0.010308803958759574	-0.0011335618900448542	115
ASCL5	647219	-0.00992734009923046	-0.001192988261186028	17
ASF1A	25842	-0.008107603716739097	-0.0004717208112491957	121
ASF1B	55723	-0.008030087620797852	-0.0015616327692942107	102
ASH1L	55870	-0.013539214675084623	0.001165369363717973	171
ASH2L	9070	-0.004047283775806305	-0.0019378796711860165	87
ASL	435	-0.002151717703210091	-0.003606517869471473	85
ASNS	440	-0.017325784954562547	0.004615630255861885	2
ASPM	259266	-0.018842538857531524	0.003909233060274102	80
ASPSCR1	79058	-0.011787894407367884	0.0007852341880958323	102
ASS1	445	-0.01614055459698696	0.003842768141297663	72
ASTN1	460	-0.017508763822121486	0.004769518006883116	181
ATAD5	79915	-0.0034918870475846788	-0.002949844839946613	15
ATF1	466	0.009865386455806795	-0.006301011675536576	76
ATF4	468	-0.009251545978218334	0.0010373693633179794	63
ATF5	22809	-0.01489500941671808	0.001724361689022141	172
ATF7IP	55729	-0.012500022619336375	0.0011030521355032985	5
ATG2A	23130	-0.01571252399772882	0.0023274988531808358	159
ATG4B	23192	-0.016342635391304098	0.006655879936477823	100
ATG4D	84971	-0.018374872626222328	0.007349285268208821	187
ATG9A	79065	-0.0002867464253145178	-0.0058620383223141346	18
ATIC	471	-0.01457244089260509	0.001986927396285415	49
ATL2	64225	-0.015787002336072352	0.0038456754809059667	49
ATMIN	23300	0.0004391189324787827	-0.004803464643598848	141
ATP13A1	57130	-0.008926795916708577	-0.0007154795697663775	56
ATP1A1	476	0.007918775253610186	-0.005756285235187424	36
ATP1A2	477	9.133697849002247e-05	-0.003746179631555534	85
ATP1B3	483	-0.015974077482475178	0.004043061340265441	72
ATP23	91419	-0.006708597244010768	-0.002661093889566474	232
ATP2A2	488	-0.015642888804741194	0.0018766035466280218	54
ATP2B1	490	-0.010368990472104102	0.0005125652899919718	130
ATP2B4	493	-0.0003386000790192227	-0.005332683574375731	166
ATP2C1	27032	-0.014119124638767423	0.0017207708155635272	16
ATP5F1A	498	0.02257295591121926	-0.0010456258654075702	24
ATP5F1B	506	0.008431536808690186	-0.007761783241419712	57
ATP5F1C	509	-0.006632165366659547	-0.0007908134700152336	15
ATP5F1D	513	-0.014933529779835917	0.0019109553330674128	120
ATP5F1E	514	-0.005889847945095306	-0.0022405369704374526	194
ATP5MC1	516	-0.0026373442791716942	-0.002829402318237296	186
ATP5ME	521	-0.002196590638903842	-0.0032035448955990086	128
ATP5MF	9551	-0.001736207768855797	-0.0036345325884830602	85
ATP5MF-PTCD1	100526740	-0.014288944605855898	0.0011159474139256038	163
ATP5MG	10632	-0.018156338830266953	0.003912945916006088	135
ATP5MGL	267020	-0.014215613650332632	0.0015785074753551485	113
ATP5PB	515	-0.003475196296169512	-0.0036502771600045716	99
ATP5PD	10476	-0.011312845548220462	0.0016633636282285921	37
ATP5PF	522	-0.014977358554631818	0.0030224609285604102	5
ATP5PO	539	0.0002393273093304122	-0.003715752369304193	228
ATP6AP1	537	-0.019886136996719306	0.005933439347192666	2
ATP6AP2	10159	-0.009070062294760737	-0.00047590261874300827	147
ATP6V0A1	535	0.003492095812387008	-0.0068401026848135624	62
ATP6V0A2	23545	-0.004629749256053328	-0.0024405891853689523	83
ATP6V0B	533	-0.01140959764861182	-0.0002497130012671095	71
ATP6V0C	527	-0.002865470745411995	-0.0020670856031127474	15
ATP6V0D1	9114	-0.0022993920213329765	-0.003977988427241834	157
ATP6V0E1	8992	-0.002653371192362063	-0.0035047384990458635	83
ATP6V1A	523	-0.0011816652099444524	-0.004006402718446386	89
ATP6V1B2	526	-0.019208917380677835	0.004533983602941026	2
ATP6V1C1	528	-0.003849793153503859	-0.002888579596887958	15
ATP6V1D	51382	-0.009651271056596317	3.463834615359477e-05	239
ATP6V1E1	529	-0.012224533828982302	0.0015367144419853552	37
ATP6V1F	9296	-0.014500565085532277	0.003229788406547444	160
ATP6V1G1	9550	-0.009503097852989452	0.00021081563226627134	216
ATP6V1H	51606	-0.002378480568294898	-0.004533078506585364	237
ATP8B3	148229	-0.00896804063428375	0.0006158012898588827	45
ATPAF2	91647	-0.0035009986426807224	-0.004154070379276646	230
ATR	545	-0.0024728531189849093	0.007261995457300419	72
ATRIP	84126	0.005219713492133105	0.0006655223249138799	72
ATRX	546	-0.014978692792410991	0.004536090104822829	65
ATXN1	6310	-0.01701264090296947	0.0027691780546050056	66
ATXN10	25814	-0.011559161082505947	-0.00027770211234267515	247
ATXN2	6311	-0.007152230310693957	-0.0030696072945851564	21
ATXN2L	11273	-0.013274198437651853	0.0020209162296453823	109
ATXN7L1	222255	-0.01886928861285506	0.005429679611126632	2
ATXN7L3	56970	-0.006261219443996687	-0.002332141153803556	8
AUP1	550	-0.00861953687552551	0.0008489895724679138	23
AURKA	6790	0.05743650190267239	0.015217593620269771	98
AURKAIP1	54998	-0.01874547096590071	0.004243501582416455	97
AURKB	9212	0.00430567452312347	-0.003195174387779917	46
AXIN1	8312	-0.011572313910281247	0.0014137155449172648	113
AZIN1	51582	-0.020856005328196234	0.005747171087047423	2
B3GAT3	26229	-0.0072100682344901626	-0.001475587629648013	126
B3GNT2	10678	-0.016386093672496653	0.007003453770843885	100
B3GNT3	10331	0.0009944021620744772	-0.007003062779339997	6
B3GNT4	79369	-0.013592728056494667	0.001378022792519366	179
B4GALT3	8703	-0.006950225135286654	-0.0022622387347226193	230
B4GALT5	9334	-0.011714681662167475	0.0014097879339002484	65
BAG2	9532	-0.00998492134011109	0.00011633035202357436	65
BAG6	7917	0.007875750658087611	-0.006426884303011192	88
BAK1	578	0.009167287368244617	-0.004884591525691608	174
BANF1	8815	-0.008839882183585356	-0.0004133018718612049	124
BANP	54971	0.003123735621500976	0.012218694624835946	9
BAP1	8314	-0.006552180756901249	-0.0015143021510563614	47
BARD1	580	0.01527822383860026	-0.008889928676997944	46
BASP1	10409	-0.01400119638878966	0.0032322407090497733	109
BATF2	116071	-0.0060141275081826056	-0.0013486534968126817	144
BAZ1B	9031	0.008303033199991079	-0.005752868935642062	25
BAZ2A	11176	-0.017934292547491085	0.008377065273599625	106
BBS1	582	-0.009255661734226378	-0.0014592641702391505	194
BBS9	27241	-0.012531706026196012	0.0018235441342437917	60
BCAM	4059	-0.013727917252120272	0.0015490627819231342	69
BCAN	63827	-0.015818360061325108	0.002427708172589123	5
BCAP31	10134	-0.01907494647156431	0.004813145679028247	66
BCAR1	9564	-0.012113587175400458	0.0026670578086300397	39
BCAS2	10286	0.027328379595481976	-0.007229168595214846	168
BCAS3	54828	-0.010681773345766737	-0.0003923953573160765	132
BCCIP	56647	-0.0114868780456314	0.0017229792025527221	37
BCDIN3D	144233	0.01343442749840561	-0.010086113417686273	10
BCL2	596	-0.013497654572526219	0.0035626432297532246	13
BCL2L1	598	-0.017528840585169413	0.003318389514247076	32
BCL2L2	599	-0.009730335456038464	-0.0008608886866905702	56
BCL9L	283149	-0.014567050906530474	0.00106172626537086	48
BCLAF1	9774	-0.011510792304199503	0.0013331470015253122	45
BCR	613	0.0007840824500856551	-0.0019469408222906228	154
BCS1L	617	-0.0010935746542030914	-0.004311441016711537	12
BDP1	55814	-0.014786286585308008	0.00632378439337285	13
BECN1	8678	-0.0017586985285357988	-0.004086221739032522	62
BEND3	57673	-0.0065006276605367305	-0.001972286217493834	111
BET1	10282	-0.015046809556766308	0.0013507312042077887	146
BHLHA15	168620	-0.016692244305489785	0.003447528499732624	195
BHLHE22	27319	-0.016676555173875736	0.002751601986173358	52
BICDL1	92558	0.0033711599582119454	-0.004826621625385719	140
BICDL2	146439	-0.012453436595729794	0.0015870138242415005	235
BICRA	29998	-0.004969252494733234	-0.0026244345940549516	95
BIRC2	329	-0.017530766034501707	0.0030309187214904217	135
BIRC5	332	0.000543471369139566	-0.0024543260338803566	175
BIRC6	57448	-0.003611476097825831	-0.003311815087945781	149
BLM	641	-0.008381841282110947	-2.4343096029164965e-06	19
BLOC1S3	388552	-0.01939579953426239	0.005101806350163861	86
BMS1	9790	-0.001388859047333651	-0.0035159398142375225	68
BNIP1	662	-0.004993788603282631	-0.001357481579198935	75
BOD1L1	259282	-0.013787916281305579	0.0029724070555205546	100
BOLA2&BOLA2B	552900&654483	-0.016714862269492658	0.002451279363931504	5
BOP1	23246	-0.012882290338145646	0.008391353764618609	26
BORA	79866	0.028652171787931807	-0.005865423682543971	168
BORCS5	118426	-0.004611792472123801	-0.004326440944030585	217
BORCS7	119032	-0.004660338735499722	-0.003615713344402513	99
BORCS8	729991	-0.012655240298483866	0.0007074968749912773	183
BORCS8-MEF2B	4207	-0.007360281671225871	-0.0014366731644890479	183
BPNT1	10380	-0.0025378254619071333	-0.004434854805285449	228
BPTF	2186	-0.009406953005048894	7.22042902947383e-05	112
BRAF	673	-0.015747118576458528	0.0026588535573420285	37
BRAP	8315	2.976033469219496e-05	-0.005805879856131418	197
BRAT1	221927	-0.002802963241741349	-0.005209878976590958	224
BRCA1	672	-0.01389334343355581	0.0007818036710193257	225
BRCA2	675	-0.008340147465354676	0.003445521587406991	72
BRD1	23774	-0.005252046536817935	-0.002814796671825037	134
BRD2	6046	-0.011068668622190516	-0.00026123058690585084	212
BRD4	23476	0.002112058997019938	-0.0055588070838249425	141
BRD7	29117	-0.011221403978027223	-0.0010121411723693018	67
BRD8	10902	-0.00854058002977723	-0.0002654406528050612	15
BRD9	65980	-0.010029713110436237	-0.0012132838117785629	67
BRF1	2972	-0.015259795700128505	0.007064018819136722	91
BRF2	55290	0.08233573504486472	0.01804096138768775	3
BRIP1	83990	-0.012153164915362558	0.000790899871761926	201
BRIX1	55299	-0.006988141501455603	0.017282832052728014	26
BRK1	55845	-0.009863539035264176	-0.0021841260982508773	190
BRMS1	25855	-0.014120433537520825	0.002266448191447998	27
BRPF1	7862	-0.0035715500826685553	-0.002368600943623802	70
BSCL2	26580	-0.0038497053067431996	-0.002023314124998292	15
BSG	682	-0.01400385516636021	0.0027990848259757065	39
BTAF1	9044	-0.0003652520265670685	-0.0037624740567363084	214
BTBD17	388419	-0.012725110550685327	0.001668610129496715	160
BTBD9	114781	-0.00022211624519466434	-0.004653311305650094	15
BTF3	689	-0.011240473799851486	0.0010048548620354384	54
BTF3L4	91408	-0.007675182942576236	-0.001641043862608087	132
BUB1	699	0.0039041065012951686	-0.005115429502118112	205
BUB1B	701	-0.009970502097698834	-0.0003440999071863364	8
BUB3	9184	-0.013106991400031732	0.0012430062572834739	145
BUD13	84811	0.04925905575080946	0.002364315082048027	119
BUD23	114049	-0.00950611806302416	0.011657289719511356	9
BUD31	8896	0.08396726251361575	0.018867032583932065	3
BYSL	705	-0.014364892925597575	0.0019971298736563693	198
C11orf68	83638	-0.008849333221697533	-0.00021083521783850793	41
C12orf10	60314	-0.006185705871387655	0.0009221569711797124	11
C12orf45	121053	-0.010006330758032644	0.0016690505016668813	225
C12orf49	79794	-0.007466745823029892	-0.000896748476745711	12
C12orf56	115749	-0.0019612573178726805	-0.003908933723386027	89
C12orf65	91574	-0.0031367663680002557	-0.002845845759409732	156
C14orf93	60686	-0.01908482847982312	0.004413075665092444	195
C15orf41	84529	-0.0007996735209208934	-0.00526620762932258	55
C16orf71	146562	-0.010346317570728104	-0.000775079396561944	81
C16orf72	29035	-0.0006698736933903086	-0.0018255443207105771	41
C16orf86	388284	-0.012406554909281208	0.0017539534572839463	60
C16orf92	146378	0.002054957763207106	-0.004863957589655763	107
C17orf49	124944	-0.015991481507309703	0.0021337315061542178	54
C17orf50	146853	-0.008932446649977463	-0.0009287705597346074	111
C17orf58	284018	-0.006669832227727634	-0.0014657036376366167	130
C17orf97	400566	-0.019732002213610128	0.004381218756868072	153
C18orf21	83608	0.013279472043025474	-0.0033438685422362835	51
C18orf32	497661	0.002305472417107303	-0.0031771163461041104	228
C19orf25	148223	0.00238038486125765	-0.005680234767759863	61
C19orf38	255809	-0.008579919635978317	-0.0012954852021834027	95
C19orf53	28974	-0.00842574955290721	0.0009923523025955577	94
C19orf54	284325	-0.00784173938114935	-0.0020007177697152125	175
C19orf67	646457	-0.0014041749815832943	-0.005852606477490074	21
C19orf84	147646	0.010127833453950984	-0.007382080251130899	177
C1D	10438	-0.015438259379195414	0.001974109330176966	123
C1QBP	708	-0.010659350952081266	-0.000709939501533985	33
C1QTNF1	114897	-0.00984567513715378	-0.000591115904815557	158
C1QTNF4	114900	0.018713073890149992	-0.00966869265775861	30
C1orf100	200159	-0.012549248975335065	0.00019724347213784653	192
C1orf109	54955	-0.016193950155059655	0.0042267925153257535	136
C1orf127	148345	-0.013832458225875937	0.0014781743853877365	169
C1orf131	128061	-0.016398420431717166	0.013123097063551706	106
C1orf74	148304	-0.014267766634457286	0.0009244463746787447	163
C2orf27A	29798	0.01684775863661922	-0.0051118020957025565	59
C2orf27B	408029	0.03582133915486709	-0.0073788820904771785	20
C2orf50	130813	-0.0004566776909083844	-0.005666919303448666	36
C2orf68	388969	-0.006340272282452	-0.0011059047223035375	144
C3orf36	80111	-0.006757926478617898	-0.0005100918660343294	131
C3orf38	285237	-0.014048240696049373	0.0011555470908888418	79
C4A	720	-0.00015360376279591577	-0.004299793399508476	143
C4orf19	55286	0.004415124463205836	-0.005162308472279196	214
C4orf46	201725	0.0016913902313738347	-0.003039535502472494	131
C5orf30	90355	-0.015887105059776873	0.0023011596548108914	159
C6orf132	647024	-0.016256494300486975	0.0028297899672651184	84
C6orf15	29113	0.001836701523700508	-0.0020051884527635686	38
C7orf26	79034	-0.013009879749323782	-0.00017306548496866632	67
C7orf50	84310	-0.01897262735432126	0.005368052571467417	187
C8orf33	65265	-0.01377734546562107	0.001512722046810573	34
C9orf129	445577	-0.00013948926079806494	-0.006271519722455146	197
C9orf16	79095	-0.004611457529604704	-0.0034582583995693187	36
C9orf163	158055	-0.01960688167961634	0.00553903348364307	2
C9orf78	51759	-0.008698165953163193	-0.0012836390092120637	179
CA5A	763	-0.00913754252902327	0.0007319690264404673	150
CA7	766	-0.001191682596441945	-0.005254424282469561	18
CAB39	51719	-0.003464787155916099	-0.001233224143026535	15
CABIN1	23523	-0.014631737566361649	0.0034725351529277834	39
CABP4	57010	-0.0020124894382054694	-0.004453967674974132	141
CACNA1A	773	-0.007218683203348233	-0.0022822686825138532	71
CACNA1G	8913	-0.0030715487807255765	-0.005296458515255763	17
CACNA1S	779	-0.0032355455052293313	-0.003453154444940269	83
CACNB3	784	-0.002946896608806074	-0.003587494647096373	15
CACTIN	58509	-0.0033687783777830087	-0.0034782137671385124	12
CACUL1	143384	-0.0033554504780549757	-0.005387978863698462	7
CAD	790	-0.0017758718305176237	-0.005130319591080663	175
CADM4	199731	-0.007697960687308851	-0.0022754013254625938	56
CALCB	797	-0.001340559101869449	-0.004497536145205595	61
CALCOCO1	57658	-0.01384164603725015	0.0017848242210399435	226
CALD1	800	-0.004657124480920322	-0.0003573252505334326	23
CALM3	808	-0.016099140375405326	0.0031273018201687145	104
CAMKK2	10645	-0.0023292835064580943	-0.00394796912257595	83
CAMLG	819	-0.005022507767742899	-0.0036785477211035717	233
CAND1	55832	0.019838640025312302	-0.012518402531430429	57
CAP1	10487	0.0010097052106465233	-0.005693203864272547	82
CAPN9	10753	-0.01346099774402455	0.0019490627816718372	181
CAPRIN1	4076	-0.001081582147872823	-0.0015770116895132407	19
CAPS	828	0.011093097242595	-0.004781209545450416	174
CAPZB	832	0.024403073679431925	-0.017931601517343	57
CARD10	29775	-0.015017786395791414	0.0019231098930730692	231
CARM1	10498	-0.005590466093916518	-0.00020799216994334116	74
CARNMT1	138199	-0.009380279129285374	-0.0006510432038418013	203
CARNS1	57571	-0.01023913495074224	-0.00020938154429295675	172
CARS1	833	0.005767239177941666	-0.0047463209732904	178
CARS2	79587	-0.002382312507361506	-0.0032124517357990474	205
CASC3	22794	-0.010049612975387675	-0.0010682176359659182	56
CAST	831	0.0001109814078419686	-0.0053441116374419225	42
CASTOR2	729438	-0.0039499126251947925	-0.0010827586901585662	94
CASTOR3	352954	0.0006609885305389575	-0.006000346852287888	61
CASZ1	54897	-0.0027252902311800074	-0.004643030392210167	17
CBFA2T3	863	-0.011002828901903747	-0.0007302799133811617	247
CBFB	865	-0.0061504600755218795	-0.0016432318529834814	151
CBLB	868	-0.012320907272888787	0.0012941478871429958	43
CBLL1	79872	-0.016034760630964207	0.0036252870085919813	69
CBLN1	869	-0.00045727204077879093	-0.00366377566297395	15
CBWD1	55871	0.0291290783060811	-0.010169403119108812	20
CBWD2	150472	0.01964473053059279	-0.008664235121731353	10
CBWD3	445571	0.028858407085752238	-0.010582696961820062	20
CBWD5	220869	0.007865327056593681	-0.005868548592741337	140
CBWD6	644019	0.029674349180638302	-0.01156770245408728	20
CBX1	10951	-0.01028779665894585	-0.0007507901160242368	182
CCAR1	55749	0.0016302022977126936	-0.004196887490363668	19
CCAR2	57805	-0.013835858384351968	0.0005118861324447468	92
CCDC106	29903	-0.01600923959988193	0.002240875266065944	32
CCDC107	203260	0.032382563442427605	-0.011728050484076635	20
CCDC114	93233	-0.007500608565657609	-0.001540079361412826	111
CCDC115	84317	0.01162293268739943	-0.007538668697988023	88
CCDC116	164592	-0.007752787265843459	-0.0013658247913694588	96
CCDC12	151903	-0.005716079299163753	-0.0016973500329911348	23
CCDC130	81576	-0.00841602524841754	-0.0019741918995548014	152
CCDC137	339230	-0.012460693537032634	0.0010288737218457195	101
CCDC144A	9720	-0.0025393429003569153	-0.0035989012244928525	115
CCDC144NL	339184	-0.007946755877671493	-0.00192937995169672	237
CCDC157	550631	-0.003851757145469289	-0.0015895419052194067	143
CCDC174	51244	0.020668469695672036	-0.008172126116199422	30
CCDC180	100499483	-0.0003770909729760611	-0.005669443147190028	7
CCDC184	387856	0.0035999825317532823	-0.005908070108949026	166
CCDC22	28952	-0.004163992794857807	-0.002146106788449255	110
CCDC27	148870	-0.0040607340314243335	-0.003717307439532534	142
CCDC30	728621	-0.015026538165079381	0.0016261473012778886	146
CCDC36	339834	0.00890917527263281	-0.006339812000435078	25
CCDC43	124808	-0.019508492696941066	0.006338703262474924	22
CCDC47	57003	-0.012063851137780982	0.001685006290539989	212
CCDC51	79714	-0.000414856720110592	-0.0015196956083966642	40
CCDC58	131076	0.004376597039410679	-0.0036517151999176725	31
CCDC59	29080	-0.004062122574956386	-0.0024071180252161917	15
CCDC6	8030	-0.019112007798725943	0.005805620847230988	52
CCDC61	729440	-0.011087364651276287	-0.0009207062323450956	111
CCDC71L	168455	-0.016937322963052167	0.003701842914473328	91
CCDC74B	91409	0.028522313231881303	-0.005383571604949765	196
CCDC78	124093	-0.011149947765985175	0.0009406222648937363	87
CCDC84	338657	-0.020849537965921462	0.008450256243551823	14
CCDC85B	11007	-0.007720533567515319	-0.0015258049296117044	158
CCDC86	79080	-0.009060759296404	0.0015739892409155137	27
CCDC96	257236	-0.0003416389992416004	-0.004283894957995561	61
CCER1	196477	-0.015475767930066449	0.002421607146649026	104
CCER2	643669	0.005901897646543695	-0.005354730877740041	29
CCNA2	890	0.02262158003099322	-0.0073408366120474335	35
CCNB1	891	0.012061348655508595	-0.005721048417499041	10
CCNC	892	-0.0038946205572349397	-0.0030126153724729017	12
CCND1	595	-0.00924183648903412	-0.0007106322516602677	124
CCND2	894	-0.0074443407124731515	-0.002025517386190651	81
CCND3	896	-0.0016904021172436795	-0.0038856691809565627	237
CCNF	899	-0.013089342039113175	0.0019064003521485555	150
CCNH	902	-0.016851891524869392	0.0028828262307975666	173
CCNK	8812	0.004670898389196391	-0.0065648946931641545	141
CCNL1	57018	-0.010848205529088889	0.00263656025516895	72
CCNL2	81669	-0.010695146058235275	0.0004738232952606948	45
CCNT1	904	-0.009530489903466327	-0.0013274920199302432	232
CCP110	9738	-0.01185967803758768	-0.00010540175301779725	229
CCR10	2826	-0.0025467905181035364	-0.00458999976913922	110
CCS	9973	-0.0036753093480336053	-0.0036535842232919666	228
CCT2	10576	0.02775595470453035	0.037509721462117326	211
CCT3	7203	0.021410901739430534	0.03341055931152276	211
CCT4	10575	0.02525281983524767	0.037128191501670085	211
CCT5	22948	0.02363805098485787	0.03594292920327063	211
CCT6A	908	0.024634427273092434	0.03645248202430164	211
CCT7	10574	0.027914612442874256	0.03707824129177241	211
CCT8	10694	0.018486470047543745	0.034869772367004274	211
CD101	9398	-0.0077963254321584356	-0.001643991825178475	217
CD164	8763	-0.01600432879792014	0.0013969376978995253	32
CD19	930	0.003870127069686895	-0.005948827042343738	62
CD1D	912	-0.0009686759581536513	-0.004940975996464631	165
CD22	933	-0.013564317839734252	0.0028324903523934877	129
CD27	939	-0.008908225527156732	-0.0007119330849422765	47
CD276	80381	-0.01250433156536761	0.003535093215953542	129
CD2BP2	10421	-0.009872036797352428	0.0006139243576234018	129
CD3EAP	10849	-0.0011196071228828915	0.006303330400326155	117
CD5	921	-0.013384505969731548	0.00144605267052844	160
CD81	975	-0.015271890125552893	0.007321079555848443	191
CD8A	925	0.01685964506039852	-0.007311871998276386	220
CD8B	926	0.027954587765960527	-0.006171581999595894	196
CDAN1	146059	0.015340675391102692	-0.00894803491631126	10
CDC123	8872	-0.006549631834482458	-0.002029736480306674	111
CDC16	8881	0.06164936684441522	0.008503043990253948	4
CDC20	991	0.08069717247726546	0.02422915217503075	4
CDC23	8697	0.06194788875729515	0.008579408424277108	4
CDC25A	993	-0.0009358590236195715	-0.004859607840976408	18
CDC25B	994	-0.012575131577038953	0.0010685634283731657	49
CDC25C	995	-0.010217671783047723	-0.0006616321573640462	222
CDC26	246184	0.028784964395164526	-0.004898634792290657	4
CDC27	996	0.06419151762250515	0.0012909733582363904	1
CDC34	997	-0.004327798246036529	-0.003439981357249446	89
CDC37	11140	-0.0030222482846946554	-0.004645355705106548	7
CDC40	51362	-0.010155573649537175	0.0011296934932983167	227
CDC42	998	-0.0093181960281687	0.0003979294792813615	44
CDC42EP2	10435	0.0016716378960336623	-0.0036296580214395576	19
CDC42EP4	23580	-0.01043149864146889	6.294251750585857e-05	128
CDC42SE1	56882	-0.0062238411929217766	-0.003333329824468516	197
CDC45	8318	0.04221010517197296	-0.014970017585051372	1
CDC5L	988	0.07706542655501591	0.011867563918447541	3
CDC6	990	0.06557865412750859	-0.0012063574791702774	1
CDC7	8317	0.04159832528471487	-0.014546199709671907	1
CDC73	79577	0.0009406441593019451	-0.005812258122928195	12
CDCA3	83461	-0.013935910073339955	0.0017272452057736003	34
CDCA4	55038	-0.0046347299328668165	-0.004049365412089769	33
CDCA5	113130	0.08466107511487889	0.02981391824664761	4
CDCA8	55143	0.0004544412240941698	-0.006011110089048431	18
CDH15	1013	-0.006727536538530707	-0.002383403571957938	47
CDH24	64403	-0.004657877271915657	-0.0011256748669306446	19
CDH5	1003	-0.0070905480857660855	-0.0015064413460559672	8
CDIPT	10423	-0.02033784481863891	0.005701040660459616	22
CDK1	983	0.0270856125084016	-0.005019900251785152	168
CDK10	8558	-0.011102335757196047	0.001995625753444211	60
CDK11A	728642	0.0033063838393069403	-0.006116218898974405	6
CDK12	51755	0.011881511731181304	-0.0076999495556126975	35
CDK13	8621	-0.005494246525486853	-0.0034126654575566354	17
CDK2	1017	-0.007378657169866639	-0.0017985727107891888	15
CDK2AP2	10263	0.017900807253683693	-0.009584734319591141	30
CDK4	1019	-0.0009244870785258024	-0.0021361960964472225	31
CDK5RAP2	55755	-0.007780782146606971	-0.001256152973989529	150
CDK6	1021	-0.01387626892539942	0.002255791597763294	50
CDK7	1022	-0.013943617164241485	0.0019025164176478336	49
CDK8	1024	-0.0008235820196202338	-0.004621363126070963	12
CDK9	1025	-0.015495730245838201	0.0019916658478755854	179
CDKL2	8999	-0.004358600284306969	-0.001800699535544435	74
CDKN2AIP	55602	-0.015407173187530947	0.0015425180286729313	32
CDKN2AIPNL	91368	-0.00294314681907465	-0.002815012846010923	107
CDR2L	30850	-0.01550914557839044	0.0021136731714653453	146
CDS2	8760	-0.014827069547210994	0.0025485556483994657	54
CDT1	81620	0.017051225195071372	-0.008737012631406598	77
CDV3	55573	-0.008715726629019168	-0.001862827206403905	152
CDYL	9425	0.000812423394304293	-0.006905032883288992	6
CEACAM5	1048	-0.017930801671461515	0.003669675885162302	153
CEACAM6	4680	-0.017323052712299197	0.0030273920806605952	199
CEBPA	1050	-0.00672886593218021	-0.0020410015314741275	148
CEBPB	1051	-0.0050913500243118925	-0.0004288200345574347	47
CEBPD	1052	-0.013327024454233368	0.0006268463975760174	192
CEBPE	1053	0.001823692423190272	-0.007207836764680537	177
CEBPZ	10153	0.0007048114347851052	0.03300117359511633	0
CELF1	10658	-0.010908797664123905	0.0010048118506248377	5
CELF6	60677	-0.0013756840245172767	-0.004974473676731631	55
CENPA	1058	0.004088642108685413	-0.0029866331050458885	51
CENPC	1060	0.06505751099680758	0.015678876824974805	4
CENPE	1062	0.01874222645102809	-0.002392734949033426	24
CENPF	1063	-0.006568792450960853	0.0011077047373156807	63
CENPH	64946	0.07787930082443938	0.02417886316791093	4
CENPI	2491	0.07866346264238482	0.02466413757540003	4
CENPJ	55835	0.02127289236546779	-0.00108284304890935	174
CENPK	64105	0.08752863605743649	0.033111162047613364	4
CENPL	91687	0.06908722420414208	0.016408561111208586	4
CENPM	79019	0.06623030653849078	0.0128739432697009	4
CENPN	55839	0.07668306683126795	0.022670278899722677	4
CENPO	79172	0.009950908400746158	-0.0026047744509183077	117
CENPP	401541	0.010361761821569893	-0.007099241734651887	88
CENPT	80152	0.06987078728686272	0.017041815833083684	4
CENPV	201161	-0.009176791317798718	-0.0008889853424616776	201
CENPW	387103	0.08290648429586873	0.029065182879389286	4
CENPX	201254	-0.002522951381237963	-0.0021486604887011127	188
CEP131	22994	-0.006803920007414408	-0.0011643407677137544	124
CEP135	9662	0.0007186143243901052	-0.001827084188690586	170
CEP152	22995	-0.004229616865772075	-0.0019425225415216863	127
CEP164	22897	0.0035002189456207924	-0.00485683558050426	40
CEP192	55125	0.0636327104966512	0.01989841954919454	98
CEP295	85459	0.021168075446724357	-0.0032031429195321323	174
CEP350	9857	-0.002312110334246384	-0.003558498895828648	89
CEP55	55165	-0.002584271296317633	-0.002452866074306054	23
CEP57	9702	-0.014994886468278356	0.0015928816368785072	71
CEP63	80254	-0.01093702118652355	-0.000562925868485565	78
CEP68	23177	-0.005146450363195204	-0.002960762585677557	89
CEP85	64793	0.05213706528931618	0.009576875365719821	98
CEP97	79598	-0.005953858386634049	-0.0033219348091896297	99
CEPT1	10390	-0.008529695781090871	-0.0015281183879697574	182
CERCAM	51148	-0.01963558877736966	0.006215386264217893	136
CERS2	29956	-0.005179468249897653	-0.0016735457512034417	223
CERT1	10087	-0.006614597353115499	-0.0023581447073006473	96
CES2	8824	-0.011069056676154699	-0.0009373145674140876	209
CFAP20	29105	-0.006709144920919251	-0.0017845331043849582	234
CFAP298	56683	0.001951613011674829	-0.0025850877176006905	188
CFAP410	755	-0.006508435119875324	-0.0020089660975300865	87
CFAP97D1	284067	0.0008744610021452603	-0.0034172618809349448	25
CFB	629	-0.007577385486291631	-0.0005452883569321668	235
CFC1	55997	0.011761642002869799	-0.0073882242411655715	30
CFC1B	653275	0.018774617134998527	-0.008778367274142374	59
CFDP1	10428	-0.0001134393382811821	-0.0031308860536676908	64
CFL1	1072	0.01989901768771806	-0.015785981726785473	57
CFLAR	8837	-0.010581901594573149	0.0002933899422567623	27
CGB2	114336	-0.00864744147204049	-0.0009895952954498543	200
CGB3	1082	-0.00755855934419922	-0.0021825203271740945	28
CGB5&CGB8	93659&94115	-0.00025609754202528793	-0.004858272903086608	118
CHAF1A	10036	-0.0014231689091826897	-0.0031984482711798286	15
CHAF1B	8208	0.0010839488324754533	-0.0031538140483886716	15
CHAMP1	283489	0.0015985953165347517	-0.005348642371956337	88
CHCHD1	118487	-0.01157123412351567	0.000814519911652991	27
CHCHD2	51142	-0.003777931259152917	-0.004132857860600262	7
CHCHD3	54927	-0.013698243755415175	0.0016850325838949668	206
CHCHD4	131474	-0.017524061121278058	0.004054624153499405	187
CHCHD5	84269	-0.001180833214838161	-0.0026208053936573354	213
CHD1	1105	-0.004922215536294724	0.0013370949269558095	93
CHD2	1106	-0.010529585239009449	-0.0006546160819254866	185
CHD4	1108	-0.007324830268494002	-0.0027010114430401897	99
CHD8	57680	-0.008720359084591999	0.010988862395810801	26
CHEK1	1111	0.00907258527358281	-0.00898063512869316	177
CHERP	10523	0.02258132873262294	-0.005009870896741364	77
CHGA	1113	-0.010328096430157483	-0.0017643314954485928	200
CHGB	1114	-0.0024043675609247365	-0.004258201155181941	114
CHKA	1119	-0.008552391890280798	-0.0006096541906825065	64
CHM	1121	-0.013763548590264957	0.0022796519385761354	105
CHMP1A	5119	0.011614868688514867	-0.006351653486578862	46
CHMP2A	27243	0.00893034234928583	-0.007106656184190546	108
CHMP3	51652	-0.008349440180758472	0.0003029288826549381	96
CHMP4B	128866	-0.011905689430191694	0.0008211419036387667	101
CHMP4C	92421	-0.011571069190113439	3.5407154207584136e-05	48
CHMP5	51510	0.02032388252388939	-0.0073129816103697795	35
CHMP6	79643	-0.013006126956568834	0.00021174234510994654	112
CHMP7	91782	-0.01306901308255768	0.0010011179414490209	49
CHORDC1	26973	0.001417900657313331	-0.005579578310624037	108
CHP1	11261	-0.012164719811532592	0.0008546008606862113	192
CHRD	8646	-0.006439291669891175	-0.0034253856626254666	53
CHRDL2	25884	0.002126572583020232	-0.005342241971042237	186
CHRNA10	57053	-0.0017632814107173158	-0.006035680298329271	7
CHRND	1144	-0.017782627115377453	0.0031654254605247593	5
CHRNG	1146	-0.017550284438902882	0.002620099497914748	202
CHST4	10164	-0.0069490302969903136	-0.00242327846293476	176
CHST8	64377	-0.012662301200159529	0.002214546475665484	37
CHTF18	63922	0.0014530422699907959	-0.004789646996199317	227
CHTF8	54921	-0.004353439060649041	-0.00186294305227718	19
CHTOP	26097	-0.006681369771982513	-0.0022998227396623648	44
CIAO1	9391	0.01929453034217587	-0.005230045852359575	196
CIAO2A	84191	-0.019953587392428362	0.0054394364763854395	14
CIAO2B	51647	-0.001562591571405304	-0.002132669907792702	31
CIAO3	64428	-0.006176497378446539	-0.004331204556985005	138
CIAPIN1	57019	0.0013889560384900367	-0.0022087889814125165	213
CIB2	10518	-0.007246419277992713	-0.0009840348925325992	180
CINP	51550	-0.008301680773362704	0.0005929126705527777	90
CIP2A	57650	0.0073260241761682904	-0.00865991989316263	177
CIR1	9541	-0.008170930667400173	-0.00023318728922732787	203
CIT	11113	-0.016440401514614483	0.002726653297869342	104
CITED2	10370	-0.009180365208786118	-0.0017805860700930967	56
CIZ1	25792	-0.006186437308470423	-0.0024092270892952755	158
CKAP2	26586	-0.013875213899186743	0.0028072744488120806	160
CKAP2L	150468	0.017758926645759242	-0.00692717423809164	59
CKAP5	9793	0.07118422909688543	0.02095642336567638	243
CKS1B	1163	0.0300013606749074	-0.0094115273423318	125
CLASRP	11129	-0.006943311724456255	0.0009657806783258252	38
CLCC1	23155	0.009550965515168605	-0.004612078057698596	51
CLDN19	149461	-0.0086866957256508	-0.0012877310872382876	43
CLDN6	9074	-0.009193842223082541	-0.0015948438558056818	67
CLEC11A	6320	-0.008189166566542092	8.488639039822285e-05	87
CLEC18C	283971	-0.010761855743056008	-0.0007147579959242598	78
CLEC3B	7123	0.024454217109498695	-0.008798518490398038	10
CLK2	1196	-0.006701526015775911	-0.0014446113104794396	124
CLK3	1198	-0.004908498144035393	-0.0033280518512905618	194
CLNS1A	1207	-0.004367514302863518	0.0007220172588391193	19
CLP1	10978	-0.012321905152706208	0.006157358167122004	39
CLPB	81570	-0.0158948123287678	0.0033891440615345806	104
CLPP	8192	0.0011684323624875088	-0.0039903464832063175	128
CLPS	1208	-0.004865628001512332	-0.0007858254018707022	63
CLPTM1	1209	-0.014220431121549113	0.0019405207365566985	204
CLPX	10845	0.0007765154663639375	-0.005035356883472624	238
CLSPN	63967	0.0006645004880737446	-0.0057595260155765896	141
CLTB	1212	-0.0007929288448648	-0.0031463035418105934	19
CLTC	1213	0.028819501795311047	-0.004891640476188012	24
CLUH	23277	-0.005392311339638757	-0.002416832975361912	83
CMIP	80790	-0.019416162965345454	0.004261706159651087	52
CMPK1	51727	-0.010336685180189258	-8.820648060282546e-05	27
CMPK2	129607	-0.0005641497965907989	-0.005556538501640379	55
CMTR1	23070	-0.012732076100524438	0.0022688987835244733	109
CMTR2	55783	-0.016606998588365757	0.003843221833956642	39
CMYA5	202333	-0.01734827229094991	0.003714171278013693	195
CNEP1R1	255919	-0.011280184416043063	-0.0006562166389312349	123
CNIH4	29097	-0.015170783215177883	0.002123577867073925	105
CNN2	1265	-0.010551797777654621	0.0005027198470201672	160
CNNM3	26505	-0.001467440611692328	-0.002921427465484888	90
CNNM4	26504	0.019109096158624547	-0.00817821933555023	59
CNOT1	23019	0.033880547569605415	-0.01443280351434368	1
CNOT10	25904	0.0002493572588488581	0.00022505014612823112	11
CNOT11	55571	0.015591697372556503	-0.0049075907666654055	11
CNOT2	4848	0.023483079405167424	-0.012840050083566291	57
CNOT3	4849	0.026439779766686326	-0.015332684093750756	57
CNOT4	4850	-0.014658922663528681	0.003444201913744199	109
CNOT9	9125	-0.007949646550547994	0.014689475870570998	26
CNP	1267	-0.008082700715548684	-0.0010030460342794001	41
CNPY2	10330	-0.011852872248377583	0.0014967096723564272	41
CNTNAP1	8506	-0.0005648237084021372	-0.004646734179064126	81
CNTROB	116840	-0.01917139183855546	0.0046845140643902855	22
COA3	28958	-0.006262252084953672	-0.0035457864726225422	230
COA4	51287	-0.004931876040823262	-0.0017470582503132824	74
COA5	493753	-0.0030456775366161635	-0.0017968080408616268	131
COA6	388753	-0.0024182075219142105	-0.0034221018068398635	157
COA7	65260	-0.004045862005604838	-0.0029544749502387066	70
COASY	80347	-0.010665354759353717	0.001919820320790352	133
COG1	9382	-0.016837448122367794	0.002891749672000449	66
COG2	22796	-0.010776926820770725	2.3856755896379557e-07	16
COG3	83548	-0.004074718733581068	-0.002820994048663285	99
COG4	25839	-0.010621185222815483	-0.0008829590227341302	43
COG5	10466	-0.007372173491538459	-0.0012982505379498484	151
COG6	57511	0.0005152023007730215	-0.002347352064675534	25
COG7	91949	-0.0016538970911706904	-0.003889521569187972	118
COG8	84342	-0.012809416094721091	0.000422629059299198	48
COIL	8161	0.0012109103833696498	-0.004993074168481855	42
COL11A2	1302	0.003207844215801869	-0.00635724280994481	166
COL17A1	1308	0.0007720233952139026	-0.005344816761371593	42
COL2A1	1280	-0.004467280282674077	-0.0034351057342121203	194
COL5A3	50509	-0.0003768765990744203	-0.0044871252653151785	118
COL7A1	1294	-0.013381074231082321	0.002507252762127551	101
COMMD4	54939	-0.01016965091136847	-0.0011261858785942597	134
COMMD5	28991	0.001487155643349069	-0.00472687360037008	222
COMMD8	54951	-0.005417551766477232	-0.0011471908924243946	115
COMT	1312	-0.007984366309596754	-0.00035926958238393145	154
COP1	64326	-0.010016921735584555	-0.0008511278773984785	138
COPA	1314	-0.019004019243190895	0.004934303374061689	22
COPB1	1315	-0.014304923450844791	0.0036716019307056536	16
COPB2	9276	-0.005603353142508474	-0.0027414661446579164	47
COPE	11316	-0.006138364776281997	-0.003102365176153367	7
COPG1	22820	-0.022144461454642203	0.006965619472541708	58
COPS2	9318	0.007371126733184605	0.003551194609099349	117
COPS3	8533	0.001357245291983034	0.001283237104327432	117
COPS4	51138	0.016657658185133775	-0.00036930165200688175	117
COPS5	10987	-0.011691814657831362	0.002372437923877112	137
COPS6	10980	0.0017090985062770468	-0.004803400452468875	143
COPS8	10920	0.0005845395988754283	-0.0013389081399574846	38
COPS9	150678	0.0009765522379705089	-0.004386551391159858	74
COPZ1	22818	-0.007296217418628511	-0.0021462032148568074	134
COQ2	27235	-0.00685617826858416	-0.0029566153728045226	155
COQ3	51805	-0.013492767679207065	0.0015482862224426807	184
COQ4	51117	-0.01946075877424391	0.0062317107157398586	2
COQ5	84274	-0.009673012183304436	-0.0003561928050544002	43
COQ6	51004	0.007688355823589012	-0.00622978901676764	29
COQ7	10229	-0.01390601823570933	0.0005264871792718861	67
CORO6	84940	-0.009281116142760903	-0.0011099900375155496	81
COX10	1352	-0.014704135037543682	0.0018420011383890329	97
COX11	1353	-0.008326161763832468	-0.0012621959185906723	12
COX14	84987	0.0031482238954430603	-0.005422186600424815	57
COX15	1355	-0.013738675212098917	0.00231680441680709	109
COX16	51241	-0.015367841127910455	0.0026333554752518713	136
COX17	10063	-0.01871862630333665	0.004355317160468627	86
COX18	285521	-0.009151820788957708	-0.00036693958993790266	203
COX19	90639	-0.009305447347733687	-0.001300435373992577	200
COX20	116228	1.0944766641019665e-05	-0.0038534012979278952	128
COX4I1	1327	-0.0067782189539664	-0.001472488530141047	158
COX4I2	84701	0.008556496063113744	-0.0035605293914978873	174
COX5A	9377	-0.0032387199874199316	-0.0024174475255655387	124
COX5B	1329	0.014322196176267754	-0.00475090156498446	59
COX6A1	1337	-0.00922831788629335	-0.0017486050338969099	180
COX6B1	1340	-0.008993171267828504	-0.00010808029478321843	127
COX6C	1345	-0.010548907042074463	-0.0012944157632883877	200
COX7B	1349	0.005535052954419133	-0.004146855003893499	25
COX7C	1350	0.005539016529690378	-0.006070775731711114	64
CPAMD8	27151	-0.0069103791988277515	-0.0017835996489381043	241
CPD	1362	-0.012288132804909632	0.0010432515973174295	169
CPEB1	64506	-0.007604214692724518	-0.0017747037220996694	200
CPEB2	132864	-0.015865958009945006	0.0031194442078711524	32
CPEB3	22849	-0.005112627854339288	-0.0032482868073216834	107
CPNE7	27132	-0.0015619898442858098	-0.0031592937819247898	118
CPOX	1371	-0.0192241313063083	0.006149544089723128	2
CPSF1	29894	-0.0016873754474946837	-0.0018200895206488923	83
CPSF2	53981	-0.006898882530321444	-0.00011958879754007572	41
CPSF3	51692	-0.004789167575525525	-0.002021365631096128	124
CPSF4	10898	-0.015961715547814018	0.00221785510688915	73
CPSF6	11052	-0.010348362865446903	0.001653436175323214	171
CPSF7	79869	-0.005485754144340109	-0.0008082423631164064	19
CPT1A	1374	-0.016730481984415204	0.0037460405603827415	195
CR1L	1379	-0.016910423686226434	0.002869058891924694	163
CRACD	57482	0.008985648001925589	-0.003584876742906165	140
CRAMP1	57585	0.0026487334372605957	-0.005489607104376587	46
CRCP	27297	-0.01576382189287258	0.0027597893494756102	73
CREB3L4	148327	-0.005137807824373919	-0.002130216066622572	85
CREB5	9586	-0.007756914455414333	-0.001055662864068078	158
CREBBP	1387	-0.01639913850874079	0.002485474103056051	32
CRELD1	78987	-0.0017945553996544803	-0.0048250682046953805	12
CRIPT	9419	-0.009816370249438433	-0.0014528137741600007	114
CRK	1398	-0.014503250974991125	0.0016093839431196846	50
CRKL	1399	0.003927282264686482	-0.003021904892006991	25
CRLF1	9244	-0.011283768612124288	-9.266138166160657e-05	176
CRLS1	54675	0.0008319331287998911	-0.005219170164542641	162
CRNKL1	51340	-0.0009515516131214347	-0.0019034206056817886	207
CROCC	9696	-0.015433797724021708	0.0015073363418260642	32
CRTC1	23373	-0.012397455079207354	0.0011152013675646787	167
CRX	1406	-0.010502816581291008	0.0006343625171093654	130
CRYBB3	1417	-0.0007355822579297642	-0.0039567693459858725	205
CRYGB	1419	-0.0030954117149507433	-0.003037757109254049	122
CRYGC	1420	-0.0038433955547197444	-0.004807197519938855	18
CS	1431	0.02003749555169423	-0.015337836210395861	57
CSDE1	7812	-0.004594776775224153	-0.002100367870206621	74
CSE1L	1434	0.020651109074406412	-0.010877478033207153	57
CSF2RB	1439	-0.014482981342995766	0.0012017690745519906	92
CSH2	1443	-0.007479994132400839	-0.0015186734574335363	23
CSMD2	114784	-0.012077484209243317	0.0011490927246148542	208
CSNK1A1	1452	-0.010639196776101832	0.004049636734057221	170
CSNK1D	1453	-0.01024740692683022	0.000705768919153283	109
CSNK2A1	1457	-0.010543654371438888	0.0005648736643821722	101
CSNK2A3	283106	-0.002113515402314404	-0.004412517058649532	12
CSNK2B	1460	-0.015495659166501967	0.003029790295761917	198
CSPG4	1464	-0.00867876754185075	-0.002305297210443046	212
CSPG5	10675	0.00775597732482443	-0.006734321685067679	88
CSRNP1	64651	-0.0158610969491606	0.00324224369972356	73
CST6	1474	-0.009067220692408114	-0.001443162386530744	123
CSTF1	1477	-0.010741106231429823	0.00011560261061603237	185
CSTF2	1478	-0.020736668130909786	0.0050520721586353075	22
CSTF3	1479	0.00046939122420268625	-0.004806956794932659	18
CT45A7	101060211	-0.014100501692606467	0.003639999464856303	139
CTAGE1	64693	-0.0019775727557697857	-0.003099026429142616	83
CTAGE4	100128553	-0.007261842325166598	-0.0010486991487736164	151
CTAGE9	643854	0.010296634760089888	-0.005261781149435086	59
CTBP2	1488	-0.011424868986666845	0.0015522134849100578	39
CTC1	80169	-0.010197256097857745	-0.0012612763626923824	16
CTCF	10664	-0.013526814852597106	0.0011479016924542686	235
CTDNEP1	23399	0.001126705683127471	-0.0032616194709794996	188
CTDP1	9150	-0.006349175883287821	-0.00022033281246507664	103
CTDSP1	58190	-0.0014035081821128902	-0.005061729439198558	224
CTDSP2	10106	-0.00542948989053341	-0.0029418920785582573	176
CTDSPL2	51496	-0.011203894800455081	0.004962205644804328	72
CTNNB1	1499	-0.013992510722882101	0.0026123774898904007	86
CTNNBL1	56259	0.022746135708131252	-0.008028478995456554	77
CTPS1	1503	-0.004218145132429873	-0.003882939488671017	89
CTR9	9646	-0.011329550103852717	-7.709496080196421e-05	183
CTSF	8722	-0.011503579774648241	0.0006498579869197546	34
CTTN	2017	-0.006077736548110552	-0.00168220312994001	70
CTU1	90353	-0.01764744229418391	0.0040722193785668786	2
CTU2	348180	-0.009556649785518066	-0.0016989461453712491	155
CTXN1	404217	0.0003154810834884168	-0.004343181297001348	70
CUL1	8454	-0.009030160072585423	-0.0005309138553197825	235
CUL2	8453	-0.007782129046596714	-0.00216744442452212	194
CUL3	8452	0.027889889046935894	-0.01669469666780099	57
CUL7	9820	-0.003488547611181802	-0.0047797079036444165	6
CUL9	23113	-0.011841765040037606	0.0007501097075931644	43
CUX1	1523	-0.008313533526631408	0.00024699830373250996	207
CUX2	23316	-0.008161373054794424	-0.0005649623872246207	192
CWC22	57703	0.061020740208640484	0.0064333140476681185	119
CWC25	54883	-0.0011531944022575608	-0.004645834852061116	62
CWF19L1	55280	-0.010059430959283338	-0.0007381982599994499	16
CWF19L2	143884	-0.00980942088611587	0.0018618373282114201	11
CXCL1	2919	-0.004463346635008002	0.0008779543258191322	38
CXXC1	30827	0.026620742003450614	-0.00663571387435957	196
CXorf56	63932	-0.018495828192908955	0.005055057382076552	116
CYB561A3	220002	-0.0012467665846254174	-0.004470233054206449	12
CYB5B	80777	-0.007913123617617632	-0.0025654656645677813	17
CYB5R4	51167	-0.016857416324688075	0.002910858199274618	80
CYC1	1537	-0.007207432467151691	-0.002480575084535616	67
CYCS	54205	-0.0017218694383718024	-0.0032644565432997773	15
CYFIP1	23191	-0.014654488764797342	0.00190814089963087	50
CYHR1	50626	-0.014053518203175288	0.0017269906130884041	97
CYP26A1	1592	-0.012436719074525166	0.0005434493922137663	183
CYP27B1	1594	0.011197576216063695	-0.008847420798777098	82
CYP2A13	1553	-0.012995849698926434	0.0031820175542005918	39
CYP4F11	57834	-0.005241465591789454	-0.001424417338824838	151
CYP4F2	8529	-0.011311128383737467	-0.0004107051310692148	67
CYP4F22	126410	-0.0035138438967618315	-0.003341411653509335	142
CYS1	192668	-0.01559031443434376	0.003471084728314109	195
DACT3	147906	-0.016807080813227057	0.003568665708695916	73
DAD1	1603	-0.0019077139346320336	-0.005334895730855648	165
DAP3	7818	-0.0077551133250016715	-0.0020086104887550907	248
DAPK3	1613	-0.016181686244111024	0.002528099940611682	169
DARS1	1615	-0.007527119192168809	-0.0005161873457461085	93
DARS2	55157	-0.016464735768955546	0.0022662352332153976	5
DAXX	1616	-0.01572488671373085	0.004732283913035733	13
DAZAP1	26528	-0.012869260177477852	0.002069055495356956	159
DBF4	10926	-0.0043354841096723854	-0.00213843929808327	15
DBNL	28988	-0.010609126150059746	-0.0008426225689127815	199
DBP	1628	-0.005883491197934602	-0.0028939472217450264	241
DBR1	51163	-0.012773895948461232	0.0006932357619111046	79
DCAF13	25879	-0.006785005953445385	0.007515100600462488	9
DCAF15	90379	-0.002090127111429486	-0.0031603557551609343	154
DCAF4	26094	-0.019000270406688516	0.00450552655126422	14
DCAF6	55827	-0.0013030962229143542	-0.002334734754697477	121
DCLRE1B	64858	0.020519864102371672	-0.01534479973782894	138
DCPS	28960	0.000999394113938865	-0.005902189891917679	6
DCTN1	1639	0.03102777906427135	-0.008621153121532546	125
DCTN2	10540	0.04058572945433833	-0.003597081523828115	4
DCTN3	11258	0.03991576987161079	-0.010568140135248445	20
DCTN4	51164	0.0386187785516854	-0.00401357667586242	4
DCTN5	84516	0.04141628255094615	-0.0033499017464778055	4
DCTN6	10671	0.02720131752926256	-0.011654731522216976	125
DDA1	79016	-0.013407423411433085	0.0022261396656709483	37
DDB1	1642	0.04541103165906697	-0.013217029080722724	1
DDI2	84301	0.006063368383942227	-0.0016890248899789533	117
DDIT3	1649	-0.011365715665642807	-0.000499849067701322	67
DDN	23109	0.0061676163498253465	-0.004518064582223416	144
DDOST	1650	-0.004510593988035658	-0.003406449575939188	175
DDRGK1	65992	-0.015572583699386642	0.002119836559399798	5
DDT	1652	-0.019161922386713996	0.005049362174559226	22
DDTL	100037417	-0.012465493767551204	0.0019861517800399677	109
DDX1	1653	0.000507894090515451	-0.003789736489367257	64
DDX10	1662	-0.009545598351419608	0.010342997690274558	9
DDX11	1663	-0.0030393833426814146	-0.0038775440341314443	238
DDX17	10521	-0.011941556682477414	0.001758881701017101	137
DDX18	8886	-0.0021088120766231144	0.003384877147542188	170
DDX19A	55308	-0.015782607861884165	0.002357062610351271	69
DDX19B	11269	-0.011490731711204483	0.0016174739591904121	113
DDX20	11218	-0.012588672743610698	0.0018856662954717888	37
DDX21	9188	-0.009585391336903629	0.012989063493936387	9
DDX23	9416	0.0158162453664099	-0.007705894978169154	35
DDX24	57062	-0.006942394812992853	0.017555633628196416	9
DDX27	55661	-0.0031230998197151814	0.03457115245495251	0
DDX28	55794	-0.0215290625021069	0.005815701898045916	22
DDX39A	10212	-0.012668354978089349	0.001972548705599817	60
DDX39B	7919	0.007480693994726728	-0.004658581008777785	88
DDX3X	1654	-0.012583039966755775	0.0014948421510098588	101
DDX41	51428	0.030268972938155406	-0.005479099548402061	168
DDX42	11325	-0.004258199985660741	-0.003466319744263933	33
DDX46	9879	0.0015030566119710776	-0.0030489969311302636	51
DDX47	51202	-0.01950752925057161	0.007516147846853718	52
DDX49	54555	-0.008157600869216398	-0.0018428168022709727	44
DDX5	1655	-0.007195499375508176	-0.0015045795037690688	180
DDX51	317781	-0.01447497951742273	0.008126988540944355	191
DDX52	11056	-0.00349339443131887	-0.00322660062304269	83
DDX54	79039	-0.00175207854805341	0.03343221067937768	0
DDX55	57696	0.0018099583140918718	-0.006664898072953794	18
DDX56	54606	-0.014386886614633344	0.008754847602918158	13
DDX59	83479	-0.016591400055859875	0.003375553163552583	86
DDX6	1656	0.015247818030098682	-0.008035294818891843	154
DEFB131B	100129216	-0.01513295578542686	0.0017176671341730745	210
DEK	7913	0.009067468808601386	-0.005438170100584444	220
DENND2A	27147	-0.009193042680328093	-0.000986025713284481	16
DENND2C	163259	-0.006135678105351343	-0.0016349932600202399	95
DENR	8562	-0.0049694887112997094	0.0050941940907207744	72
DEPDC1	55635	-0.007489106055987455	0.0011943228980825509	133
DERL1	79139	-0.0022094041723930325	-0.005153893488280028	7
DERL2	51009	-0.002279527882207444	-0.004879109023264797	18
DET1	55070	-0.007796836002814531	-0.0006332224044142729	78
DEXI	28955	-0.0011531087468117033	-0.003099298040805351	121
DFFB	1677	-0.004536644394213436	-0.0031243476697355743	83
DGCR6L	85359	-0.009947142420239087	-0.0005543839903299363	215
DGCR8	54487	-0.0010909569796204949	-0.0026331227221779237	64
DGKE	8526	-0.01401757337537348	0.0012628500035008713	50
DGKI	9162	-0.01247095540768598	0.0007287908072913589	201
DHDDS	79947	-0.0028025406895227337	-0.0046535452199879595	6
DHFR	1719	-0.01310623508492028	0.001606784235494086	105
DHFR2	200895	0.004443906127681562	-0.0011212963914308974	93
DHODH	1723	-0.015526883109849933	0.0017017131828850347	5
DHPS	1725	0.0023414943008699144	-0.005542791550529989	61
DHRS4	10901	-0.014459345043779288	0.002671346548837671	54
DHRSX	207063	-0.0111231680154748	0.0005897161787662818	60
DHX15	1665	0.034928496475467655	-0.002373857336415163	10
DHX16	8449	-0.006317776363817772	-0.001031752768646855	213
DHX29	54505	-0.011814036811679515	0.0011306800063118926	181
DHX30	22907	0.014789983136047796	-0.0066410555287573815	1
DHX33	56919	-0.01169322452702343	0.00023906635376023594	73
DHX35	60625	-0.011535897397457931	0.0005889083380528667	102
DHX36	170506	-0.010577025928009508	-0.00013658318628073784	172
DHX37	57647	-0.005416729816071522	0.004126996988336935	11
DHX38	9785	0.015424758263987827	-0.006958121391243399	168
DHX8	1659	0.047446415059219794	0.000912819152351902	119
DHX9	1660	0.021277983145620554	-0.008377772955890074	168
DIAPH2	1730	-0.01454544707929985	0.001857578115291633	97
DIAPH3	81624	-0.013961947611721445	0.0009485062828050015	92
DICER1	23405	-0.011737438562451664	0.0008427721312553528	120
DIDO1	11083	-0.009482813969034762	0.0037838844565999353	72
DIMT1	27292	0.004442642080109389	-0.0034979314117388784	25
DIPK1A	388650	-0.009794384119809641	-0.0010749911333801372	132
DIS3	22894	-0.007367724018874725	0.0010963837496564487	173
DIS3L	115752	-0.017867808086157917	0.004676583784530189	39
DKC1	1736	-0.013367888992429956	0.000813711080166245	84
DLD	1738	-0.011030034070445153	0.00019193861322988132	101
DLG4	1742	-0.012463699961539525	0.0003455353593028051	71
DLG5	9231	-0.005325505592179715	-0.002651334521420161	8
DLGAP5	9787	0.018002978771488567	-0.0019285154235751333	24
DLST	1743	-0.007909803067124148	-0.0028754019169574623	7
DLX3	1747	-0.003262223923186524	-0.002639272949466773	157
DMAC1	90871	-0.005201821351536368	-0.002552673988659075	214
DMAP1	55929	0.000259775300546947	-0.0035034363833437365	70
DMKN	93099	-0.009689620077041999	-0.0007718000255162886	225
DMRTA2	63950	-0.005909411678079693	-0.0029579006632852165	96
DMRTC2	63946	-0.01991354013408309	0.005391194181066503	58
DMWD	1762	-0.011290321867651375	0.000535464459467496	43
DNAAF2	55172	-0.008768989692579377	-0.002135084123238517	112
DNAAF5	54919	-0.0028522413267148853	-0.0035955974306996034	63
DNAH10	196385	-0.0008947916959841069	-0.005153747682270534	53
DNAJA1	3301	0.0304902341400218	-0.01111364428479416	30
DNAJA2	10294	0.005180055567393366	-0.0073230793603288975	108
DNAJA3	9093	-0.00937237583253351	-0.0011705594360594091	56
DNAJB1	3337	-0.0025918787447658295	-0.005149362387153821	21
DNAJB11	51726	-0.015572507007340797	0.002938477427600284	5
DNAJB12	54788	-0.01246351278554794	0.0008051883267372751	100
DNAJB2	3300	0.004452870267767253	-0.005836706435899559	237
DNAJB6	10049	-0.008785418292439744	-0.001162432914208075	112
DNAJC11	55735	0.002116862370312768	-0.0035760564497750637	31
DNAJC13	23317	-0.018465224362184233	0.004085941130946339	136
DNAJC14	85406	0.005148375349991088	-0.0064719908591053844	77
DNAJC16	23341	-0.010878227769215773	-0.0012804868261623772	123
DNAJC17	55192	0.0024022805789918385	-0.004076361794800988	46
DNAJC19	131118	-0.016279680126335423	0.0032017519780562598	91
DNAJC2	27000	-0.00926451693931067	-0.0009487816641158514	150
DNAJC22	79962	0.025806662762041202	-0.011297500052115161	30
DNAJC8	22826	-4.635303585679452e-05	-0.004368503547252003	70
DNAJC9	23234	0.018812702396422736	-0.010724593754212652	10
DNASE2	1777	-0.008064054780962043	-0.0010745149974328025	127
DND1	373863	0.004222590152699498	-0.006462202019954225	61
DNLZ	728489	-0.0061887652069626395	-0.003321140935137267	17
DNM1	1759	-0.0029930245985318794	-0.00390984059381495	99
DNM1L	10059	-0.01328012767542272	0.001556310951728747	54
DNM2	1785	-0.0020693144621800412	-0.002701459878090082	15
DNMT1	1786	-0.00909330812896299	0.000499258427050676	207
DNTTIP2	30836	-0.007099504043395311	0.00988023224440763	9
DOCK6	57572	-0.012191993444151712	0.0005628026200595206	69
DOCK7	85440	0.0036313161603152995	-0.006303039093772566	36
DOHH	83475	-0.017657517524067492	0.0050006889293314725	91
DOLK	22845	-0.015159778369608459	0.0020803853244340444	100
DOLPP1	57171	-0.009587995821088002	-0.00011336575182697612	41
DONSON	29980	-0.01678225935799745	0.0034286856756648226	86
DOT1L	84444	-0.010272468844584975	-0.0010407209956565277	229
DPAGT1	1798	-0.015602029017013642	0.002438441375679985	54
DPF2	5977	-0.00497007241147553	-0.0015196704569950235	93
DPH1	1801	-0.005403825503696846	-0.003188803852028363	33
DPH2	1802	-0.010342342461665125	-0.00014076449104639746	145
DPH3	285381	-0.019336735933736898	0.004823374506142841	195
DPH5	51611	-0.0159856494808873	0.0034490778583140345	179
DPH6	89978	-0.016831424918384363	0.003199531662019403	167
DPH7	92715	-0.01595086932932969	0.002116342077380103	202
DPM1	8813	-0.010266838925245483	-0.00038186496511155745	111
DPM2	8818	-0.0070458677991442845	-0.0018530378419386443	103
DPM3	54344	-0.010356027014126428	0.0005871373620378102	63
DPP7	29952	-0.015919648935613977	0.002072778475817081	5
DPPA2	151871	-0.009575127630877277	6.502795217438719e-05	208
DPPA3	359787	-0.01670483816869248	0.002815328992053753	136
DPPA5	340168	-0.0062206643098081564	-0.0011249948356192084	175
DPY19L2	283417	-0.012499799347066257	0.0013299193638663422	159
DPY30	84661	0.0015260881850495272	-0.004005075044793951	140
DR1	1810	0.016388833986676937	-0.008625539791966083	108
DRAP1	10589	-0.012818416741351566	0.0013519807931705332	159
DRD5	1816	-0.009881497617212189	0.00029792767286716246	198
DRG1	4733	-0.0170487353966068	0.0034521793180908706	91
DRG2	1819	-0.01225418350988255	0.0007896829916019425	183
DRGX	644168	-0.014871910255818922	0.003327553946817375	86
DROSHA	29102	-0.002463125699042614	-0.004300810408147654	107
DSCC1	79075	-0.005367620452849596	-0.002336135511035949	15
DSN1	79980	-0.010260190269397012	0.002056880978140831	181
DTD2	112487	-0.01639558732686312	0.00338106657880772	54
DTHD1	401124	-0.004203575187016462	-0.0033640700876344147	68
DTL	51514	0.034116555553326884	-0.013529112413618273	1
DTX2	113878	-0.003482378477000437	-0.0013781450249230934	74
DTYMK	1841	-0.0034093781849498417	-0.004370958964109856	175
DUOXA2	405753	-0.006803885914798061	-0.0006607127092744366	19
DUSP11	8446	-0.00631909994362073	-0.0015610058316600378	201
DUSP12	11266	-0.0045100612802532235	-0.002921970479899987	156
DUSP22	56940	-0.016590029992297133	0.002671749698234637	66
DUT	1854	0.0021754470744386623	-0.005717211959237414	82
DUX4	100288687	0.03256079670876001	-0.013599809689207305	1
DYNC1H1	1778	0.05787030015127761	0.004881214188887462	4
DYNC1I2	1781	0.05033652830522678	0.0011283123345977241	4
DYNC1LI1	51143	-0.0021486243286673785	-0.001823798737941629	82
DYNC1LI2	1783	0.008843796544541952	-0.007399953804515862	10
DYNLL1	8655	-0.005479328438898051	-0.0015630831276558616	188
DYNLRB1	83658	0.053253168123719496	0.0016805363985028172	4
DYNLT1	6993	-0.01735970934881026	0.0042997888721955264	2
DYRK1A	1859	-0.016988630291232668	0.005457019164479078	187
E2F1	1869	-0.00618814637828201	-0.0008115879403193906	127
E2F3	1871	0.00024739453174923927	-0.005792689690578191	55
E2F6	1876	-0.009062183414868764	2.6399640798869376e-05	90
E4F1	1877	-0.01070057054376832	0.0007365434626024685	63
EAF1	85403	-0.008955258169727686	-0.0006440635221324396	171
EAPP	55837	-0.0025219194424960212	-0.003483969331359408	88
EARS2	124454	-0.012038449565647586	0.0003958680489598637	184
EBF1	1879	-0.016213987774496955	0.002255088967275609	79
EBI3	10148	-0.009764642929854213	-0.001119601659768182	28
EBNA1BP2	10969	-0.019267678804306517	0.012155048742441865	106
ECD	11319	0.06740178964487038	0.0009424508112229717	3
ECSIT	51295	-0.0049892978420725525	-0.0028252887419576113	122
ECT2	1894	-0.008115918168418283	0.0012052051684076602	109
ECT2L	345930	-0.006860402315334403	-0.0031223586792558165	21
EDC4	23644	-0.013620235633163606	0.0013030865825708227	34
EED	8726	-0.016640887173682645	0.003493168847716487	135
EEF1A1	1915	-0.011769620720972073	0.0008610117229469037	212
EEF1AKMT2	399818	-0.0030500176119596105	-0.004409995093684464	149
EEF1B2	1933	0.0004248906693475033	-0.00478597407284043	118
EEF1D	1936	-0.010457882839042743	-0.0008907637926223658	172
EEF1E1	9521	-0.01715984280603678	0.003786349641836489	116
EEF1G	1937	-0.015495106788512165	0.002928234031337933	105
EEF2	1938	-0.010836564008375144	0.004139003873334671	65
EEF2KMT	196483	0.010402865329693122	-0.006176503974479744	31
EEFSEC	60678	-0.009055452618932818	-0.0010113628113421137	176
EFCC1	79825	-0.003994560146172078	-0.004548746275950668	21
EFL1	79631	-0.012865699480199333	0.0012286418272152893	216
EFNA3	1944	-0.007475723547927876	-0.0019375373155639405	21
EFNB3	1949	-0.0051498570879935585	-0.0033845420582183914	165
EFR3A	23167	-0.010886486883125263	-0.0006128601562041083	217
EFS	10278	-0.00295955620450193	-0.0030876666549258186	144
EFTUD2	9343	0.1059585953185187	0.05142568430290055	3
EGFL7	51162	-0.012151372414166464	0.0011986349108133564	216
EGFR	1956	-0.0016710731581696275	-0.004592335946856294	165
EGLN1	54583	-0.01150530435577415	6.162103092204231e-05	44
EGLN2	112398	-0.009030692013386434	-1.2278152133345684e-05	87
EGR2	1959	-0.009027429509677607	-0.0013153218700725274	182
EHBP1L1	254102	-0.014636187564265433	0.0016045308327985264	171
EHMT1	79813	-0.01707290094658225	0.0035311714831167094	16
EHMT2	10919	0.0002493545579132895	-0.0042002444870284355	40
EIF1	10209	-0.014946674416499496	0.0014820710505849453	73
EIF1AD	84285	-0.004667240072322927	-0.0005630154718944442	19
EIF1AX	1964	-0.011383092925644886	0.012080246762185002	9
EIF2AK4	440275	-0.01466019403263773	0.001772005821935719	202
EIF2B1	1967	-0.012159592614887301	0.00014877300991733284	120
EIF2B2	8892	-0.01506350211641636	0.004085988123072552	16
EIF2B3	8891	-0.014553696125577666	0.006090494673648593	13
EIF2B4	8890	-0.015717454678731875	0.003058439189821048	73
EIF2B5	8893	-0.012727892217387706	0.007533949066619719	69
EIF2S1	1965	-0.017309096350093214	0.006504059857638266	187
EIF2S2	8894	-0.013940219795953765	0.010875095576787442	26
EIF2S3	1968	-0.011125188357370893	0.005738760156119035	65
EIF3A	8661	0.0008426788484157739	0.0005145027208589479	25
EIF3B	8662	-0.011598979921459762	0.005965437262939705	164
EIF3C	8663	-0.012401896035966985	0.003302871305722402	11
EIF3CL	728689	0.0014805370463017375	0.0046793842855125094	24
EIF3D	8664	-0.0022914985622045246	0.005329363679435401	72
EIF3E	3646	-0.008535185819772528	0.006504943338949973	72
EIF3F	8665	-0.008621375278813608	0.0033265352704527564	139
EIF3G	8666	-0.015175059926202926	0.009675876759528263	9
EIF3H	8667	-0.009408183791245917	0.0026170323727259474	169
EIF3I	8668	-0.012454180452984175	0.01093853036230979	9
EIF3J	8669	-0.013684229941882288	0.001983041584635025	240
EIF3K	27335	-0.008844614580979505	0.0004802458719764696	95
EIF3L	51386	-0.005968926319781765	-0.0017887247560921902	130
EIF3M	10480	-0.007721661706700682	0.0029059646853510173	236
EIF4A1	1973	-0.012884967859148196	0.0068990526413149995	9
EIF4A3	9775	0.008383457721529961	-0.0076494005766297645	10
EIF4B	1975	-0.016288282497804046	0.0034346756622940997	49
EIF4E	1977	-0.015063009542937296	0.006573547381438862	60
EIF4E2	9470	0.0018207788744953476	-0.00370842885304711	38
EIF4EBP1	1978	-0.011935531691629515	2.748133885265074e-05	111
EIF4EBP2	1979	-0.015389962538867331	0.0025312236990964383	49
EIF4ENIF1	56478	0.012051418628941494	-0.008804745420741212	10
EIF4G1	1981	-0.014617179351864466	0.002221634812899079	49
EIF4G2	1982	-0.0028535544209521866	-0.0024245724689511625	15
EIF5	1983	-0.010710007067157622	0.0028971505150007025	65
EIF5A	1984	-0.016865554415463578	0.004116375942313056	16
EIF5AL1	143244	-0.015343057816458401	0.004340105336339426	116
EIF5B	9669	0.007582953858558457	0.004619196091521959	117
EIF6	3692	-0.0003608472049126541	0.029481270623743484	0
EIPR1	7260	-0.013479429042258516	0.0013811512606605254	206
ELAC2	60528	-0.0018167742594690421	-0.0038568023976754003	89
ELAVL1	1994	0.0043127303746196876	-0.006716029662149722	7
ELL	8178	0.025851735914942203	-0.010618787827528722	20
ELL3	80237	-0.014204489343672508	0.00231721472528835	45
ELMO2	63916	-0.014771340920353072	0.0051337937245321905	13
ELMOD3	84173	-0.0007374803812309675	-0.0025641643795673713	90
ELOA	6924	-0.009087704132650917	-0.0014216402911975444	8
ELOA3	162699	0.02186110897202399	-0.0014454029260824969	24
ELOA3B	728929	0.015815774553323926	0.004751432581736707	24
ELOA3D	100506888	0.015765149378022713	-0.0002365480257987808	24
ELOB	6923	0.002853026476680119	-0.005974250408655895	18
ELOC	6921	0.018637355853378494	-0.004759371499710294	24
ELOF1	84337	-0.009513021494561687	0.00085143890633336	41
ELOVL1	64834	-0.0007152090394608783	-0.004025728149039497	40
ELP1	8518	-0.0008817960960611	-0.005827573732979939	42
ELP2	55250	0.016363350396738575	0.0005478789293961241	24
ELP3	55140	-0.019807122016958924	0.005083623306366207	153
ELP4	26610	-0.009691847862093721	-0.00013654462668350015	81
ELP5	23587	-0.019291395754616608	0.0038405816029153657	52
ELP6	54859	0.0067348021573530245	-0.003974104036831621	174
EMC1	23065	-0.013833285574069374	0.0016606981085124707	50
EMC2	9694	-0.011561477160122877	0.001263029779310467	101
EMC3	55831	-0.01573656657328252	0.003219533923014056	169
EMC4	51234	-0.005904643869997344	-0.0014519781396038164	90
EMC6	83460	-0.010787966772429174	-0.0011060148195723143	67
EMC7	56851	0.0024048015525565533	-0.004160096020218831	19
EML2-AS1	100287177	-0.009031809540233094	0.0010946449862789568	39
EML6	400954	-0.010413077753549436	0.0013386059545472445	133
EMSY	56946	-0.0017248072472740071	-0.004486558872756553	118
ENKD1	84080	-5.5948294119747234e-05	-0.004529495533346766	55
ENO1	2023	-0.016961484354727926	0.002975869435758874	32
ENPP7	339221	-0.005475283851957875	-0.0035924357047887093	132
ENSA	2029	-0.01145626769277998	-0.0008686810428290001	67
ENY2	56943	-0.01917385238199552	0.00509544385326481	2
EP300	2033	-0.011753182321376827	0.0008143715865115384	43
EP400	57634	-0.0007679443762131606	-0.004878524222613407	15
EPAS1	2034	-0.010685146510824974	-0.00018530557122584373	111
EPB41L3	23136	-0.006107550301929286	-0.001023230549976061	23
EPC1	80314	-0.011939243280468892	-4.3584790026859736e-05	54
EPC2	26122	0.029836926928194594	-0.012240710917139484	30
EPG5	57724	0.009971132776475653	-0.004523508132945748	174
EPHA5	2044	-0.008592351504970421	0.0010705014630502721	102
EPN1	29924	-0.009753860927588088	-0.0009069981263940153	105
EPN3	55040	-0.004741468802269195	-0.004093183210868203	21
EPOP	100170841	-0.00949512855428455	-0.0009484084004482501	67
EPRS1	2058	-0.010435927380804823	0.0027003478493499516	16
EPS15L1	58513	-0.0002566457981830943	-0.004100876290222166	118
EPS8L3	79574	-0.0031423603666328797	-0.00407076778199386	89
EPSTI1	94240	0.00347968458838709	-0.006832365585797337	18
ERAL1	26284	-0.008364137021685245	-0.0025757687644122596	21
ERBB2	2064	-0.01754459732896111	0.0033257274665293934	66
ERBIN	55914	0.0040792293549788685	-0.007174896973105924	82
ERCC1	2067	-0.007077689140206992	0.0012728223442189288	74
ERCC2	2068	-0.012788479322679127	0.0006069218449958709	48
ERCC3	2071	0.0009017826732739753	-0.001929165618453275	38
ERCC4	2072	-0.00838044735065749	0.0003084010153470869	41
ERCC6	2074	-0.008698081392566797	-0.001664227900251295	56
ERCC6L	54821	-0.012058121557215773	0.003176804301707507	11
ERG	2078	-0.015143564565769438	0.0019712489623293743	79
ERH	2079	0.037521171554590074	0.0030836732163307995	98
ERICH6B	220081	-0.01814054666413627	0.0036598812922335926	202
ERP44	23071	0.006393498297038798	-0.004543215524140574	88
ERVW-1	30816	0.0054755370426624065	-0.005544931358885153	88
ESCO2	157570	-0.004042898309569871	-0.003218238414575046	8
ESF1	51575	-0.00222666787754661	0.00928884324057257	170
ESPL1	9700	0.03209110564269193	-0.008722318748835854	4
ESPN	83715	-0.004809693949378081	-0.0034517297980658154	33
ESPNL	339768	-0.00782453331360208	-0.0016205691610164945	147
ESRP2	80004	0.0020729641782721566	-0.005221175783863594	40
ESRRA	2101	-0.013079216695972819	0.0024801052054985754	100
ESS2	8220	0.082572210984951	0.017442113054954834	3
ETF1	2107	-0.016900092707662243	0.007275041289086152	16
ETNK1	55500	-0.006813740788436433	-0.002478146776305411	165
ETNK2	55224	-0.007884512065707332	-0.0024518837683143264	230
ETV6	2120	-0.012888225599238702	0.0013800069926471596	101
EVC2	132884	-0.012607376189727086	0.002113707161068536	80
EVPL	2125	-0.010489197479869868	-0.0012788699292997482	67
EWSR1	2130	-0.01313883964983097	0.002056100138930232	105
EXOC1	55763	0.0109917039948004	-0.00624338863673439	29
EXOC2	55770	0.003864807014331955	-0.00511129073053117	205
EXOC3	11336	-0.011197436530874738	0.0008223911703356057	63
EXOC3L4	91828	-0.015023461922163375	0.0012660169971346242	219
EXOC4	60412	-0.010181322785514714	-0.0017196291709349358	44
EXOC5	10640	-0.007077351463242179	-0.0008491992598424775	122
EXOC7	23265	-0.014397539400495905	0.004073824770197351	37
EXOC8	149371	-0.01379245741405769	0.0012997934357318918	69
EXOSC1	51013	-0.008563253307514606	-0.0021816308348858835	56
EXOSC10	5394	-0.012100863020306208	0.0007991732980369346	43
EXOSC2	23404	-0.015555432927113817	0.007052619694624567	13
EXOSC3	51010	0.006549224224944682	-0.004139789317832062	143
EXOSC4	54512	-0.014402167184721102	0.009253233570566156	13
EXOSC5	56915	-0.009307585557108382	-0.0002316930324893829	28
EXOSC6	118460	-0.0037094205280942512	0.0012885468422461851	47
EXOSC7	23016	-0.0060528843865234015	-0.0023486770650294397	161
EXOSC8	11340	-0.002308927413997775	0.007040545179889324	236
EXOSC9	5393	-0.013868986020306272	0.011281912848418493	26
EXT1	2131	-0.012466912196809865	0.0016776232288625331	27
EXT2	2132	-0.0012927340299595407	-0.0045244021573764516	143
EXTL1	2134	-0.012194794617673055	0.0016342064746325336	184
EXTL2	2135	-0.0055182013055591304	-0.0025512882601184676	89
EZH2	2146	-0.003914479406939857	-0.003707212434463587	149
EZR	7430	-0.013886944686539835	0.0020554872361800095	206
F3	2152	-0.006692056270125038	-0.003351942255226857	33
F8A3&F8A2&F8A1	8263&474383&474384	-0.015257830459973493	0.0019555197758856536	97
FAAP100	80233	-0.012052333183078141	4.6919925772727923e-05	123
FAAP20	199990	-0.01337251210368715	0.0012690521070076197	101
FAAP24	91442	0.010519510878197106	-0.008479643364899618	10
FABP5	2171	-0.00030571889175822387	-0.004669223246111213	15
FADD	8772	-0.013896027760860501	0.002531339323729177	86
FADS2	9415	0.015443987686238	-0.008184295759762488	35
FAF2	23197	-0.004857458892035715	-0.0002646527585711826	214
FAHD2A	51011	0.007141233541943276	-0.00478396654737986	76
FAIM	55179	-0.012629038377410215	0.0004277010857290523	232
FAM104B	90736	-0.010460644329326184	-0.0004842425982618685	111
FAM122A	116224	-0.008889645408280052	-0.0010831082554676435	218
FAM133B	257415	0.005377072461948036	-0.006144545955103068	88
FAM136A	84908	-0.00032610643962892007	-0.00384663022485997	237
FAM153B	202134	-0.013638836129018493	0.0015036020608498474	204
FAM153CP	653316	-0.008506861462544793	-0.001146823718187368	87
FAM161B	145483	-0.009267158550620802	-0.00048672816757780094	48
FAM163B	642968	-0.011070192051839942	0.0014370732754848772	37
FAM166A	401565	-0.003598671738479178	-0.002711129645800818	110
FAM167B	84734	-0.0004431366206844991	-0.0059048009365084446	18
FAM183A	440585	-0.01075242179652273	0.0006335417339672523	126
FAM185A	222234	-0.007786998935288716	-0.0027832619785112603	189
FAM186A	121006	-0.0012922933352065302	-0.0012903675400750016	94
FAM189B	10712	-0.01371875586322404	0.003112372190219805	160
FAM200B	285550	-0.00908407408367971	0.0006414510401192935	236
FAM207A	85395	-0.010630759556577479	0.0028548958913646528	139
FAM20A	54757	-0.010417832736188709	0.0003416105040607028	126
FAM210A	125228	0.001959208639665967	-0.0040773246643393615	40
FAM219A	203259	0.018892726070200188	-0.008430979496437197	35
FAM229A	100128071	-0.01790829175106859	0.004379722579009334	2
FAM25A	643161	-0.002601734965937072	-0.00341019792825467	107
FAM25C	644054	0.003479855758973796	-0.00497150610884326	29
FAM25G	100133093	0.031117053547870296	-0.0014241610132259804	119
FAM32A	26017	-0.005275664227357653	-0.0033017101014333533	156
FAM43B	163933	-0.0055640408043693594	-0.001258498249164794	186
FAM50A	9130	-0.0062655279945904845	-0.0018936969065870013	203
FAM71E1	112703	-0.014191367002330537	0.0019713959462967453	216
FAM72A	729533	-0.007446888578646784	-0.0011323016475772475	73
FAM72B	653820	-0.006397927471034915	-0.0023851381224356213	110
FAM72D	728833	-0.01595352559083896	0.0026412025247816054	80
FAM83C	128876	-0.005070440244066521	-0.002478522426047048	149
FAM83E	54854	-0.010302685340310248	-0.0007853858868965973	67
FAM83H	286077	-0.009798187389623497	0.0009571690479198852	45
FAM86B1	85002	-0.012705333216054758	0.0005486275404431185	120
FAM86B2	653333	-0.014281904312731068	0.0023930039352672117	206
FAM86C1	55199	-0.016990587267575206	0.003854829408261971	159
FAM89B	23625	-0.002298275325913505	-0.003660781373797537	68
FAM91A1	157769	-0.00225993579827188	-0.005336822696332444	17
FAM92B	339145	-0.0010503941023853173	-0.002476950939345533	131
FAM98B	283742	-0.002574993783985211	-0.00491521558075889	53
FAM98C	147965	-0.005251344039604961	-0.0016170548759671197	170
FANCA	2175	-0.00445863192346128	-0.0036772109593324488	176
FANCC	2176	-0.009077843028476749	-0.0015313088395569518	134
FANCD2	2177	-0.017921409667384144	0.004061990770346156	104
FANCE	2178	-0.009094235665772497	-0.0011612387695691885	161
FANCF	2188	-0.005926273642589217	-0.002935724343727933	194
FANCG	2189	0.011254183601471197	-0.00816549404824809	30
FANCI	55215	-0.00328785841892584	-0.0024606706403050237	130
FANCL	55120	-0.005962090680705741	-0.0026405391994537204	244
FANCM	57697	0.01327676935924707	-0.008030103359406066	220
FARS2	10667	-0.00915362382219956	-0.0011565652733608381	200
FARSA	2193	-0.011913953086344615	0.00213613684939657	100
FARSB	10056	-0.014584268576428803	0.002948193404553891	145
FASLG	356	-0.003386105523341761	-0.0029645808015336572	85
FASN	2194	-0.01395396966494484	0.002814866986306917	60
FASTKD5	60493	-0.015186201308652123	0.0019086693386154902	32
FAU	2197	-0.004571347385886117	0.023008879866070062	9
FBL	2091	-0.0013380828625892943	0.018536591145432477	9
FBLIM1	54751	-0.007352505719918953	-0.0010392563297723354	152
FBN3	84467	-0.00452507570646424	-0.002534213257698231	124
FBXL17	64839	-0.014400202847298468	0.0017654687390369433	79
FBXL18	80028	-0.0023026086418366557	-0.0031448060500677564	83
FBXL19	54620	-0.006066211358819412	-0.0018050313856526905	208
FBXO11	80204	-0.017302031490641728	0.007769535675016854	187
FBXO2	26232	-0.018062912292186355	0.005919122120732789	52
FBXO21	23014	-0.0005006479145131811	-0.0035797114812401026	249
FBXO28	23219	-0.009048433642760647	-0.0004973811613148401	157
FBXO41	150726	-0.006857243223712507	-0.0019806306243342103	96
FBXO42	54455	-0.0010426364607912457	0.0050381918193294845	164
FBXO47	494188	-0.011346384258159137	-0.0004771702734839011	132
FBXO5	26271	-0.01115279231708088	0.0001845715740054637	192
FBXO7	25793	-0.016304086817198325	0.003679362281730549	167
FBXW11	23291	-0.016746661483723103	0.0021035595835563322	32
FBXW12	285231	0.005801833391482689	-0.0023683783833050886	51
FBXW7	55294	-0.011708183836653485	0.013466177270180332	9
FBXW9	84261	-0.013770956090694949	0.0014749027557274077	231
FCF1	51077	-0.005676264240726196	0.00653491505694478	164
FCGR1A	2209	0.018612977676599085	-0.010449868289321786	30
FCGR1B	2210	0.00422794158921381	-0.006314659264135026	61
FCHO2	115548	-0.013371373774841296	0.0016026369381738682	120
FCN2	2220	-0.009293406059637075	-0.00130192107781237	185
FCRLB	127943	-0.014141670447819889	0.00173201892776627	104
FDFT1	2222	-0.013046168143838188	0.001322428809443912	43
FDPS	2224	-0.0075812978422621575	-0.0015010358838999887	36
FDX1	2230	-0.0026184182116816244	-0.001774583848751423	70
FDX2	112812	0.0031850961639121886	-0.004236160042906965	218
FDXR	2232	-0.004382666650759125	-0.003950009019905198	7
FECH	2235	-0.004159871149560854	-0.003590777892815979	96
FEM1A	55527	-0.011948519462714453	0.0015042895991387818	44
FEN1	2237	0.004137924251181078	-0.005394814422356737	131
FERMT2	10979	-0.009630744578236558	-0.00019706367964723967	8
FERMT3	83706	-0.005553642771608624	-0.0017375227222120833	214
FETUB	26998	-0.013958006862318535	0.00220946328900517	160
FFAR3	2865	-0.011714234613491163	-0.00034536491943461554	225
FGD5	152273	-0.014074690550085393	0.0031965165090814865	86
FGFR1	2260	-0.00419462626426033	-0.003194299702409771	215
FGFR1OP	11116	-0.011294678438125177	0.0013604562162361652	109
FGFR1OP2	26127	-0.0028469909553374747	-0.0028912304273665972	25
FH	2271	-0.009368836983520387	-0.0014773682842514927	200
FIBCD1	84929	0.008435853119671105	-0.005557877959970817	76
FIBP	9158	0.0012206253672770167	-0.005828275904949724	82
FIG4	9896	-0.009519784991403997	-8.029739684936875e-05	188
FIP1L1	81608	-0.008323761500832591	0.002119085222121309	113
FIS1	51024	-0.0032329688106777707	-0.002196357433500329	151
FITM1	161247	-0.005349505009264688	-0.003123251178784473	142
FJX1	24147	-0.013808389481711468	0.0012419483242096406	84
FKBP10	60681	-5.3128269639716754e-05	-0.006288052155975656	53
FKBP8	23770	-0.012299671730754374	0.0008110038862713245	231
FKBPL	63943	-0.002046130296352652	-0.004341949929174921	68
FLCN	201163	-0.014719505100949062	0.000931748767189665	163
FLI1	2313	-0.014264558558265484	0.0020100919114565846	173
FLII	2314	-0.006982343599172106	-0.002316821028745462	23
FLOT1	10211	-0.013096570009015188	0.0024892538498981005	54
FLT3	2322	-0.00461083111628053	-0.0035475493774589297	156
FLVCR1	28982	-0.01702800405118923	0.0028773717676504854	91
FLYWCH1	84256	-0.0020328182620305275	-0.0034733055123918454	227
FMNL2	114793	-0.004031170596230841	-0.0034251696776947177	175
FMO1	2326	-0.00612591523042613	-0.0016912392767408308	205
FNBP4	23360	0.014571788450894463	-0.0063597639361991	77
FNDC10	643988	-0.02025818545226293	0.0054392812655449955	66
FNTA	2339	0.0007752325526904346	-0.003464723312077778	25
FNTB	2342	-0.00923794216553795	1.0759546963934014e-05	5
FOLR3	2352	-0.0022402350270661216	-0.004225755785840445	228
FOSL1	8061	-0.008460865355106637	-0.0004987074869612389	93
FOSL2	2355	-0.01156445332366073	0.0021639575187133654	65
FOXA3	3171	-0.014668259604795644	0.0021763536747575352	137
FOXC2	2303	-0.015038465414749532	0.0017710731291154477	80
FOXD4	2298	-0.0005478370590258221	-0.005100350465535059	118
FOXD4L1	200350	0.03360223542946064	-0.006728716824054277	119
FOXD4L3	286380	0.018653095007868152	-0.00844403476922244	35
FOXD4L4	349334	0.03423506315123669	-0.011842902723956302	20
FOXD4L5	653427	0.03334083271246505	-0.011882194138381054	1
FOXD4L6	653404	0.03168476117856238	-0.012693630607575234	20
FOXE3	2301	-0.012441716459905296	0.002970140302443704	13
FOXG1	2290	-0.011264226780293233	0.0017608436226171822	203
FOXK1	221937	-0.015596614920433977	0.002671707356342945	104
FOXL2	668	-0.005571039606539285	-0.0023618431591080425	107
FOXM1	2305	0.008069939174339345	-0.005037456495408847	128
FOXN1	8456	0.0012779744081150048	-0.005324310557602229	42
FOXN3	1112	-0.018135114613678865	0.005172244732611866	58
FOXN4	121643	-0.003665259167432137	-0.0036461440420167417	142
FOXRED1	55572	-0.0008325325257799633	-0.004693011270324061	61
FPGS	2356	-0.008412497153287157	-0.0019852430079603358	21
FRG1	2483	0.0021593910613021262	-0.0056453515206705066	36
FRG2	448831	-0.009571106537111705	-0.0007781893230268586	81
FRG2C	100288801	-0.0015190007323188563	-0.0026199827412036174	64
FSCN2	25794	-0.008541992352744145	-0.0009301603849048386	23
FTCD	10841	-0.015391552383574059	0.002672504251168676	84
FTH1	2495	0.011548392225580417	-0.005773338430278557	59
FTSJ3	117246	-0.002587671441199063	0.014060402475318019	26
FUBP1	8880	-0.010254783846150696	-0.0008991636981891107	175
FURIN	5045	-0.010445505705701024	-0.000899868479268182	16
FUS	2521	-0.00948435173483775	-0.00133894338324861	71
FUT11	170384	-0.005523541895067936	-0.0025190499903244203	149
FUT2	2524	-0.008318308879758061	-0.0007951032519354582	103
FUT4	2526	0.0015756641575268692	-0.004306737703821942	29
FXN	2395	-0.0022514049979347984	-0.004099769157218724	61
FZR1	51343	-0.014963355005844559	0.006701281597906146	116
G6PC	2538	0.007884149428327067	-0.005763727405657947	157
G6PD	2539	-0.01468864847022507	0.003561032029849189	16
GAB1	2549	-0.014278872563735237	0.001935737500164863	16
GAB2	9846	-0.004325324840796139	-0.003439869577298807	55
GABPA	2551	-0.00946276137358494	9.787687392463776e-05	102
GABPB1	2553	0.004826242724336361	-0.005964525531816554	108
GABPB2	126626	-0.002304551148692733	-0.003343459713514691	149
GADD45GIP1	90480	0.01807646616736739	-0.009139505649429109	20
GAGE12J	729396	-0.01496780069801085	0.002044778777527958	223
GAGE2A	729447	-0.0048830437727587165	-0.0013927087325866555	223
GAK	2580	0.025417656490428975	0.004670837525255016	24
GALE	2582	-0.014327023946882518	0.0018842250284774843	102
GALK1	2584	-0.008112508472854814	-0.0014273718651474187	115
GALP	85569	-0.02072343981119082	0.0058180963386202135	58
GANAB	23193	-0.013214012731679613	0.00168581984888313	159
GAPDH	2597	-0.005795813460325261	-0.0027615724838931815	215
GAR1	54433	-0.01446940447595755	0.0022861321990389474	45
GARS1	2617	-0.010883315948184393	0.0038588635415431095	65
GART	2618	0.005592706488189114	-0.005995999812766577	88
GAS2L2	246176	0.001361459549474231	-0.005648918787864678	6
GATA1	2623	-0.0033062101506251967	-0.0034974791917227093	151
GATA2	2624	-0.010343550296728732	-0.0011621595824456708	71
GATA3	2625	-0.007113839164201482	-0.0028563271320361135	176
GATAD1	57798	-0.008704157553616676	-0.0007782016049481063	133
GATAD2A	54815	-0.002824010804585639	-0.003170433069720679	85
GATB	5188	-0.015368677229616934	0.0016884166876035887	92
GATC	283459	-0.017237240361448924	0.003395440418873762	14
GATD1	347862	-0.020879689850474212	0.010165864572641469	106
GBF1	8729	-0.011213053031029084	0.009384829360837827	13
GCLC	2729	-0.002611698805866933	-0.0054188276806707136	155
GCN1	10985	0.01579755538497107	-0.00991155218798822	10
GCOM1	145781	-0.0020926351165342204	-0.003982056317242396	154
GCSH	2653	-0.012644972794954207	0.0022214410161226677	60
GDE1	51573	-0.00938493893529838	-0.0022625437666946666	21
GDF1	2657	-0.007123177340874459	-0.0022679325373272216	56
GDF5OS	554250	0.001444421244928208	-0.001962510027057994	154
GDI2	2665	-0.02040672684567911	0.006851458835034621	52
GEMIN2	8487	0.0013648798853740066	-0.00432520948669591	157
GEMIN4	50628	-0.0060190058563701935	-0.0022408116741426966	147
GEMIN5	25929	-0.010923363888630196	0.0009856967111306714	45
GEMIN6	79833	-0.009624269405216023	-0.0012015781998060166	172
GEMIN7	79760	0.0019680645355126137	-0.0041446354462599125	25
GEMIN8	54960	0.0026963694758750526	-0.004855773650345113	29
GET1	7485	-0.006426504632097772	-0.0017500399207798219	151
GET3	439	-0.01754709035711842	0.0034936536244831997	91
GET4	51608	-0.01324660801514691	0.0013406790694330145	184
GFER	2671	-0.003970857283845539	-0.0037856691428220725	228
GFI1	2672	-0.007123765182114667	-0.0024442482045709674	233
GFM1	85476	-0.013399568546731272	0.001054223682389884	204
GFM2	84340	-0.004697421425147538	-0.0035025156915479824	230
GFPT1	2673	-0.0008974285909814341	-0.003342855926927969	144
GGA3	23163	-0.016074548988554718	0.002346519350330701	231
GGCX	2677	-0.009214292306925914	0.0010049919624365133	11
GGN	199720	-0.011930439624942286	0.0007117288413095021	54
GGNBP2	79893	-0.003976072760966739	-0.004200982405698638	21
GGPS1	9453	-0.010630154404327229	-0.0006928141017088538	16
GGT1	2678	-0.0008291370643045263	-0.0017078189566804612	154
GGT6	124975	-0.014918693718173007	0.0014630705950557134	201
GGTLC2	91227	-0.005485700676527291	-0.0016522073206444957	185
GIGYF1	64599	-0.015049267998784217	0.003437845098761095	49
GIGYF2	26058	0.01712389758185876	-0.0066683747816307076	51
GINS1	9837	-0.005912729490240076	-0.0015008029207574972	180
GINS2	51659	0.0070793011227879956	-0.007006711317450754	29
GINS3	64785	0.010163315230335609	-0.007696523096515546	35
GINS4	84296	0.011687160765417919	-0.00857107284488621	220
GJA3	2700	-0.013164556338933818	0.0023268273835714936	189
GJD4	219770	-0.009323568130985454	-0.0011956330026227423	78
GLE1	2733	-0.0015243060584998688	-0.0038309694515004157	74
GLI1	2735	-0.00332738605632959	-0.0028944399578675326	70
GLI4	2738	-0.014296580696419873	0.0022927570433937832	120
GLIPR1L1	256710	-0.0031230885251226467	-0.004003150120131911	21
GLMN	11146	-0.003821802349949423	-0.0014459869140526062	74
GLP2R	9340	-0.0204479369968198	0.005095642892988145	22
GLRX3	10539	-0.013503424494476004	0.0008920829431375687	198
GLRX5	51218	-0.010781342021674056	1.1605626102012253e-05	81
GLS	2744	-0.015266898220434843	0.0031163254576578835	69
GMEB1	10691	-0.01711655350323263	0.004116429004174127	2
GMIP	51291	-0.012173033104433115	0.0008455478206103231	43
GMNN	51053	-0.001397808034346552	-0.002837054055263788	140
GMPPB	29925	0.005344685368753233	-0.005368614820460958	174
GMPS	8833	-0.002764039832138142	-0.0016668769570223581	31
GNA11	2767	-0.010410415135327523	0.00017646123628096402	179
GNAQ	2776	-0.009213067604543868	-0.00012495813079470657	145
GNAZ	2781	0.000491874345524323	-0.005008631146986358	36
GNB1	2782	0.004943870350075613	-0.005310655963673539	108
GNB1L	54584	-0.006373395711516401	0.005409228562916766	93
GNB2	2783	-0.009809060095156372	0.00030289169590034734	75
GNB3	2784	-0.012257239879225711	0.00030443553995509304	182
GNG13	51764	-0.010142202022678145	0.0006065402367072954	126
GNG3	2785	-0.01071153787083732	-0.0007542304559374181	239
GNG5	2787	-0.009317714377403426	-0.0006580893156034477	239
GNL2	29889	-0.0031919322375437106	0.03845436697622163	0
GNL3	26354	-0.0008806686022185956	0.03241504809201205	0
GNL3L	54552	-0.005996478587059159	0.03279512138364583	0
GNPAT	8443	-0.017647093687528856	0.004353307028056945	58
GNPNAT1	64841	-0.01608357955553493	0.0023383635875898366	54
GOLGA2	2801	-0.003763709176698601	-0.0036007327141155633	107
GOLGA6A	342096	-0.01841287840417788	0.004742653026323284	2
GOLGA6B	55889	-0.00021995119370987992	-0.004586571232030573	237
GOLGA6C	653641	-0.0035598601884991943	-0.002758849203968793	188
GOLGA6D	653643	0.011457997895841844	-0.005751791770686291	29
GOLGA6L1	283767	-0.011137996340250178	0.0028394959980489274	11
GOLGA6L10	647042	0.002090314563080588	-0.0034411037987999433	25
GOLGA6L6	727832	0.010786005275445942	-0.006818631213336391	20
GOLGA6L9	440295	-0.012818638208110633	0.000619630840166669	204
GOLGA8A	23015	-0.014489343313998317	0.0028192644307740724	65
GOLGA8B	440270	-0.0068395596784391775	-0.0017087890325036084	70
GOLGA8K	653125	0.01277093968646929	-0.006855467552979501	76
GOLGA8M	653720	-0.012668787372262553	0.0009580132402437761	190
GOLGA8N	643699	0.0012409694095418151	-0.005743607644544638	12
GOLGA8O	728047	0.00024734487275622735	-0.0028946763010738114	144
GOLGA8R	101059918	-0.0019800936438236056	-0.0028494817786155805	15
GON4L	54856	0.0015694833030121195	-0.0029691334503423135	31
GOSR2	9570	-0.012890896522789215	0.0021736132172374767	113
GOT2	2806	-0.007471341268844614	-0.00021296005660634883	170
GPAT2	150763	0.021266210502450447	-0.005515841071830798	196
GPATCH1	55094	-0.005702245545837082	-0.003672224757318114	7
GPATCH3	63906	-0.017983682885327777	0.0036935819904231957	153
GPATCH4	54865	-0.002598560221178638	-0.005500097858718669	7
GPATCH8	23131	-0.0058897861205421944	5.929904070100644e-05	134
GPC2	221914	-0.015291270483324248	0.0019099545322742906	27
GPI	2821	0.0001465664693720607	-0.00332714990857803	157
GPKOW	27238	-0.016220380507166527	0.0031224986998157765	226
GPN1	11321	0.011470003168371056	-0.004145764912860393	117
GPN2	54707	-0.004220275939114922	-0.0027506062087500655	83
GPN3	51184	-0.01440754891577405	0.0014249479428648105	5
GPR132	29933	-0.012784995349374037	0.000637863029774682	97
GPR137	56834	-0.0027027444351534692	-0.002258394153213034	103
GPR137C	283554	-0.008743956604365395	-0.0009157886997457272	130
GPR179	440435	-0.009708812193545751	-0.001081989226711376	34
GPR45	11250	0.018983666899739085	-0.00974795843936214	10
GPR61	83873	-0.00837880013228364	0.0007437333905201083	159
GPR89A	653519	-0.012193561596096763	0.002061347060325823	80
GPRIN2	9721	-0.009353696236924012	0.0007741460854734854	27
GPS1	2873	-0.009980307242455902	0.00033749093334450755	102
GPSM3	63940	-0.016360757035299114	0.004256028247531343	167
GPX2	2877	-0.009660360544650849	-0.0013733795399595511	229
GPX4	2879	-0.009853978801970727	-0.00020730716158322106	8
GPX8	493869	-0.013304338520895582	0.0023338288059673367	60
GRAMD4	23151	0.0031612135676002237	-0.006743593092846662	177
GRASP	160622	-0.005138522221639467	-0.001815633453487041	70
GRB2	2885	-0.002349678327594173	-0.0036003387608971194	178
GRHL2	79977	0.0023725819034508696	-0.004005552364035927	46
GRID2IP	392862	0.0021524571240719957	-0.005018509416876498	40
GRK2	156	-0.011666273920014424	0.0008335993801708724	184
GRPEL1	80273	-0.01863846113033441	0.013939017663762938	106
GRSF1	2926	-0.0036170533129257854	-0.003212498711374861	15
GRWD1	83743	0.002888083033039836	-0.001972924678394783	76
GSDMA	284110	-0.01624159169002918	0.003704127319808138	160
GSDMC	56169	-0.0026917059236547334	-0.0030722356605034002	148
GSE1	23199	0.005820872198489559	-0.00686957026786023	178
GSPT1	2935	-0.0005757320092611762	-0.004533299898584734	7
GSS	2937	0.0016950235235628673	-0.0050728642231219695	40
GSTM2	2946	-0.0003427747391657151	-0.004589296182409517	128
GSTM3	2947	-0.009157224754312902	-0.0011937587852155274	56
GSTM4	2948	-0.007974859839374713	-0.002366419486180087	156
GTF2A1	2957	-0.013039715205826098	0.00026101937671372725	225
GTF2A2	2958	-0.010868492952240889	-0.0002846718169728947	12
GTF2B	2959	0.025916707754910177	-0.002857958472026597	119
GTF2E1	2960	-0.007571097076168567	-0.00020663429075209224	102
GTF2E2	2961	-0.01607964127917445	0.005419462710724573	49
GTF2F1	2962	-0.013279764651217699	0.0007961225162175864	79
GTF2F2	2963	-0.007877500870960232	-0.001069435580217907	223
GTF2H1	2965	-0.006522514748357973	-0.0013854899470933815	130
GTF2H2	2966	-0.005011321942603626	-0.003573884738620185	53
GTF2H2C	728340	0.00032229149903779735	-0.0035081446988644662	17
GTF2H3	2967	-0.01642495216349608	0.003808262380004009	167
GTF2H4	2968	-0.01470988741514126	0.002153579516400242	84
GTF2I	2969	0.0011286158283311618	-0.0057706856891610574	12
GTF2IRD2	84163	-0.01316057719494716	0.0015276489306328958	34
GTF3A	2971	-0.011127415208179208	0.002590355917940519	11
GTF3C1	2975	-0.011725295678169515	0.0023407373655301815	137
GTF3C2	2976	-0.007663142099243637	-0.0004078213316674753	102
GTF3C3	9330	-0.0061352180708890425	0.002037752866329108	93
GTF3C4	9329	-0.006868723081199027	-0.0008086979791097894	158
GTF3C5	9328	-0.014773683987658137	0.0037734523714677364	109
GTF3C6	112495	-0.006894394396532177	-0.0003947020635268138	192
GTPBP10	85865	-0.010654566279440844	-0.00017111153108594445	81
GTPBP4	23560	-0.0023733006487216836	0.03937450506194056	0
GTPBP8	29083	-0.008572704080479212	-0.0012052984682738427	56
GTSE1	51512	-0.0063045998680435105	0.002820523248170594	94
GUCA2A	2980	-0.010262479904158987	-0.0011461098471023277	56
GUK1	2987	-0.003990731900095265	-0.0004070154756226792	74
GZMH	2999	-0.004575902076053606	-0.0005147218095547056	170
H1-2	3006	-0.015559269133906926	0.0012252709095078198	146
H1-3	3007	-0.008846230738400332	-0.000981286062815902	78
H1-4	3008	-0.008330100274552096	0.00033036910351051636	133
H2AB1	474382	-0.007550611628048945	-0.0004978171976676671	45
H2AB2	474381	-0.00917674521115514	0.00022488379202590932	81
H2AB3	83740	-0.013546147082188204	0.0019599325463164887	190
H2AC11	8969	0.020051517688099988	-0.007589021664530919	221
H2AC13	8329	0.024385782822096778	-0.011564393730625202	30
H2AC14	8331	-0.0005422365932919936	-0.003476220644054801	213
H2AC15	8330	-0.007280913870071163	-0.0028745394548953655	212
H2AC16	8332	-0.012034278912107094	0.0018668730936610332	132
H2AC17	8336	-0.011515130780796693	-0.0005542616483434177	32
H2AC19&H2AC18	8337&723790	0.0006651459213537002	-0.005613314229549585	12
H2AC20	8338	-0.014422361475241128	0.0021119759316324074	159
H2AC21	317772	0.009299249927932617	-0.0059541225969290176	174
H2AC4	8335	-0.004201697646721331	-0.0038948185884536283	176
H2AC7	3013	-0.01768850366693774	0.0036536317163610877	66
H2AC8	3012	-0.015066894349233691	0.0032935905582311157	101
H2AJ	55766	-0.0011286562421790882	-0.002785176371754385	121
H2AX	3014	-0.002069416384032468	0.005858643555967376	72
H2AZ1	3015	-0.013328808046041583	0.0009350627277987866	71
H2BC10	8346	-0.006262962676704058	-0.002848729731287333	99
H2BC11	8970	-0.01304297612560762	0.000749646748893192	183
H2BC12	85236	0.005865433459955328	-0.006435304286001048	61
H2BC13	8340	-0.011395968921465945	0.001490006704026225	121
H2BC14	8342	-0.012847590041723991	0.0012093933695427979	179
H2BC15	8341	0.007975641297687639	-0.007032972106674061	238
H2BC17	8348	-0.0025349814726445406	-0.0021831153076911445	25
H2BC18	440689	-0.0007002043381898946	-0.004628029610542716	141
H2BC21	8349	-0.004090304415100891	-0.003706910731822794	244
H2BC3	3018	0.0009814267682686365	-0.0036168680365225945	70
H2BC4	8347	-0.001932394038278436	-0.004377652716492323	118
H2BC5	3017	-0.018141303537848222	0.003789035239732498	104
H2BC6	8344	0.003255496957527086	-0.0040160661304883645	31
H2BC7	8343	-0.021862344203372554	0.006381135739668922	2
H2BC9	8345	0.0030475766672539823	-0.005120732911898695	88
H2BU1	128312	-0.013412567053964384	0.0010771510939443063	184
H3-3A	3020	0.01065027507423105	-0.006672222734122646	35
H3-3B	3021	0.0009968301617324247	-0.0033898468834110654	64
H3-5	440093	-0.012342188327450956	0.0016650397922212882	60
H3C1	8350	-0.007749767095479905	-0.001515647113824411	222
H3C11	8354	0.002116836827154303	-0.0036364350706831047	213
H3C13	653604	0.011686852426649099	-0.006225129125142394	220
H3C14&H3C15	126961&333932	0.024363033933579956	-0.01210383595214649	1
H3C2	8358	-0.0108911211187438	-8.683887745833553e-05	218
H3C3	8352	0.0006441863276666219	-0.0036352203817975994	140
H3C4	8351	-0.012824480053890423	0.0009994002825663378	50
H3C8	8355	-0.015507658997406706	0.0028588445450185296	79
H4C11&H4C12	8362&8363	-0.002977017103895038	-0.004171110484897379	209
H4C13	8368	-0.00872731325452438	-9.107856044014207e-05	27
H4C15&H4C14	8370&554313	-0.011439613063600662	-0.0004017423027008501	111
H4C2	8366	0.0007109072120069053	-0.004914697036513977	178
HAAO	23498	-0.0037884570536927077	-0.0020249977286687236	122
HAMP	57817	-0.011881655973743025	0.0015358222861628025	139
HAO2	51179	0.0031278964778785772	-0.005471976140142606	36
HAP1	9001	0.0018979534729111347	-0.0067555488159721355	6
HAPLN2	60484	-0.009478301668632325	-0.0005043321075661747	145
HAPLN4	404037	-0.012174955375964924	0.0006888921831198349	245
HARS1	3035	-0.013733457495475884	0.005213545621941829	16
HARS2	23438	-0.005596491577962063	-0.0031476342102629597	142
HASPIN	83903	-0.009959926989101043	0.00040949608119805086	201
HAUS1	115106	0.06186357832138602	0.015332959438113648	243
HAUS2	55142	0.046779278379293215	0.0046607715145192624	243
HAUS3	79441	0.06332663289166386	0.01646739280599499	243
HAUS4	54930	0.05872446304842893	0.012890704322670058	243
HAUS5	23354	0.06243219536748268	0.015828803235115065	243
HAUS6	54801	0.06501637078339544	0.017459855563457454	243
HAUS7	55559	0.045482996002848976	0.003583030702210996	243
HAUS8	93323	0.06025573061589415	0.014061041571857336	243
HAX1	10456	-0.010630865539906388	-0.00023683134457524874	158
HBS1L	10767	-0.01367616667313778	0.0018988727714697184	80
HCCS	3052	-0.01556177770481616	0.0018069505805560213	84
HCFC1	3054	-0.005744377284708041	-0.0005357680789193468	246
HCFC1R1	54985	-0.0033400823171473746	-0.0031931149570831358	118
HCLS1	3059	-0.007129933680158419	-0.0019927113629967306	36
HCN2	610	-0.009603670047513937	0.00039736410949185453	5
HCRTR1	3061	-0.012048889477279194	-0.00032184980814498797	146
HDAC3	8841	-0.007330450752717858	-0.002292391546857313	138
HDAC4	9759	-0.011788854085220119	0.0005889544199223589	150
HDAC7	51564	0.014461021378062884	-0.009577332080593514	10
HDAC8	55869	-0.006405062810840254	-0.0024761902368793205	8
HDGFL2	84717	-0.008520477258534144	-0.0005027204792473814	48
HDLBP	3069	-0.0027995178428145947	-0.0048064626762081356	7
HEATR1	55127	-0.010571135265512302	0.006746256855974883	129
HEATR3	55027	-0.0004235004340429244	-0.006405953173003935	6
HEATR5B	54497	-0.0216919119783575	0.005850981347586004	14
HEATR6	63897	-0.004372286406948648	-0.003398252532999773	178
HECTD1	25831	0.00675202082293141	-0.006648339513748669	108
HELQ	113510	-0.009596285129020308	-0.00025402639865560334	102
HERC2	8924	-0.005122720802164359	-0.0011753150524325632	23
HES6	55502	-0.00683652927648911	-0.0021464707706925165	145
HES7	84667	-0.012430621467880565	-5.507268754688739e-05	171
HEXIM1	10614	0.004380262633037194	-0.005355446724001245	193
HGS	9146	-0.00864151373094293	-0.0005816936950473569	95
HIC2	23119	-0.0001766394095415272	-0.0031997593949719388	194
HIF1AN	55662	-0.009038708754658627	-0.0012878073034936113	165
HIGD1A	25994	-0.006603066797018522	-0.0005682146847769011	130
HIGD2A	192286	-0.004628146678950703	-0.0026582560062603966	12
HINFP	25988	0.022891875583839007	-0.011588685432177486	77
HIP1	3092	-0.014458891725113113	0.0012441136930053328	84
HIP1R	9026	-0.002440114988150923	-0.005321805781168786	6
HIPK1	204851	0.007909720141687004	-0.007411213044155641	10
HIRA	7290	-0.002956612350399256	-0.0008106349931983862	122
HIVEP3	59269	-0.016400914592081917	0.0035910740183472158	210
HJURP	55355	0.006438944019250442	-0.0021490317986361126	51
HJV	148738	-0.0027189179119789545	-0.0036615124574121425	64
HK2	3099	-0.00632635999591226	-0.00230744719913835	141
HLA-A	3105	-0.0166375228829616	0.0025350852737859317	73
HLA-C	3107	0.007629552667003731	-0.00672855478285848	166
HMBS	3145	-0.005601430816755981	-0.0010749270418986135	242
HMCES	56941	-0.008169276431160171	-0.0020383687394862314	56
HMGA1	3159	0.029730120898910563	-0.00794127499895512	221
HMGB1	3146	0.025937138388124958	-0.010577921004223773	1
HMGB3	3149	0.0021025112471030733	-0.005569664901830898	36
HMGCR	3156	-0.01576097593308064	0.002238136052236535	73
HMGCS1	3157	-0.008018690277588635	-0.0008005885415224567	150
HMGN2	3151	-0.014864466029837955	0.0017862107607638418	34
HNF1B	6928	-0.009651192613800924	-0.0013017945755614303	44
HNRNPA0	10949	-0.02193153027182017	0.005916580702197956	22
HNRNPA1	3178	-0.00041503625879311316	-0.00623141034195908	6
HNRNPA1L2	144983	0.0056429443653388724	-0.007131110556367216	61
HNRNPA2B1	3181	-0.010166566150328668	-0.0013591631535198822	200
HNRNPA3	220988	-0.005301811056866319	-0.0011348825257818465	130
HNRNPC	3183	0.005620997088287352	-0.008216197378749287	108
HNRNPCL1	343069	-0.012455598062904975	0.0005528204852326313	50
HNRNPCL4	101060301	-0.016434147839611384	0.002669582811852419	97
HNRNPD	3184	-0.009847761567488338	0.0009958278459465126	60
HNRNPDL	9987	-0.018807935082847723	0.004563803187822735	136
HNRNPF	3185	0.0036331046949168054	-0.005288860763703499	29
HNRNPH1	3187	0.0018299217524804761	-0.00417885004183873	186
HNRNPH2	3188	-0.0069379589471211004	-0.00207303582918636	78
HNRNPH3	3189	0.0034080278372251387	-0.005865330876978531	36
HNRNPK	3190	0.015083094088642966	-0.0075286889488924685	46
HNRNPL	3191	-0.0048810813796295325	0.0011564609073402717	11
HNRNPM	4670	-0.009891591924819209	0.00017773026515018945	102
HNRNPR	10236	-0.0163525264710984	0.002651476157139338	97
HNRNPU	3192	0.02516960757523101	-0.005439942797161269	168
HNRNPUL2	221092	0.004013464384718061	-0.004515081191355163	46
HOMER3	9454	-0.019060298881089	0.004759976778567433	14
HOXC10	3226	-0.012307350834226837	0.0013741298466079645	75
HOXC4	3221	0.0015312492792449242	-0.005856398457731199	7
HOXC6	3223	-0.006782114798350591	-0.0018903484489362138	232
HOXD11	3237	-0.013152711278208084	0.0010255261356470606	80
HOXD13	3239	-0.009715343773943287	0.0003218933862528488	185
HPN	3249	-0.004670733507160482	-0.001138750380999781	207
HRAS	3265	-0.004120912511682606	-0.0037688880528123137	17
HRC	3270	-0.01969279378592809	0.004817794984056349	22
HRCT1	646962	0.019128390942773736	-0.009859650755316732	20
HROB	78995	-0.00551266263714424	-0.0034189741663241736	248
HS6ST1	9394	0.007462571202653042	-0.006454659835949549	46
HSBP1	3281	-0.013229280854109186	0.0013731494501647925	50
HSCB	150274	0.0014527905886227961	-0.006753091545482173	6
HSD11B1L	374875	-0.00826487835141864	-0.0011980403787299745	232
HSD11B2	3291	-0.021225287557079704	0.006275842092753324	22
HSD17B10	3028	-0.0020061603450678626	-0.0026266796803848832	74
HSD17B12	51144	-0.015251552046925718	0.0025080233327082362	69
HSD17B4	3295	-0.010869589541212882	-0.0008422590514112372	190
HSD3B1	3283	0.0073190894982987755	-0.006638221880124548	88
HSF1	3297	-0.0027526892672977634	-0.004514203352235956	237
HSP90AB1	3326	-0.0026399834664042935	-0.004055203304661713	61
HSP90B1	7184	-0.015727191703138108	0.005275129569877193	116
HSPA13	6782	-0.008073481406016162	0.00017206357007514117	45
HSPA14	51182	0.008873584713744343	-0.008807627933896736	82
HSPA1A	3303	-0.009825768469696908	-0.00022970812021823588	87
HSPA4	3308	-0.0007936126638568732	-0.004801508293256418	222
HSPA5	3309	-0.018768994183910332	0.012815175474199306	106
HSPA8	3312	-0.018306246760590516	0.004566562815253926	195
HSPA9	3313	-0.008535855724766174	0.003330542383016104	47
HSPB8	26353	-0.01702127975069957	0.002128148975886007	163
HSPB9	94086	-0.009313830128710955	-0.0014988843912339363	138
HSPD1	3329	-9.688961233191368e-05	-0.002875129324415696	140
HSPE1	3336	-0.014421453772443624	0.003954718419781598	8
HTATSF1	27336	-0.00711753185295259	-0.0006397048373923211	63
HTR7	3363	-0.0019100617327002644	-0.0043180456668031565	237
HTRA2	27429	-0.010102570162657776	0.0003485021988729939	63
HTT	3064	0.000914325749195136	-0.005414496737554858	162
HUS1	3364	-0.0034181528383181716	-0.0045151439665919	197
HUWE1	10075	-0.008111316573257038	0.01646170605625713	26
HYOU1	10525	-0.01450488249180448	0.002164156276133703	73
HYPK	25764	0.004360870985669011	-0.006130944881483334	162
IARS1	3376	-0.004174818903789788	-0.00467571028914807	6
IARS2	55699	0.0027337905589684855	-0.004981063640108818	40
IBA57	200205	-0.006597353899724351	-0.002563870308433378	107
ICAM3	3385	-0.014558016451503088	0.0009749624945690136	163
ICAM5	7087	0.0013770034438653316	-0.0031219533988742507	40
ICE1	23379	0.012292183888184285	-0.003927326559429538	119
ICE2	79664	-0.015468863802906874	0.002236362398931953	223
ICMT	23463	-0.012019259458351217	0.0011629934368950197	87
IDH3A	3419	-0.014928202479693948	0.0027029738660845856	184
IDI1	3422	-0.013947428752265274	0.003153403171074231	13
IER2	9592	-0.010332162548032599	-0.0013588315012143593	190
IER3	8870	-0.01192732286789879	0.00010202554631391103	84
IER3IP1	51124	-0.002882586963682052	-0.000346179438284653	170
IER5L	389792	-0.008132348249479449	-0.002010676723990538	8
IFITM2	10581	-0.005514346066015702	-0.003055711431130458	194
IFITM3	10410	0.0026779555623797752	-0.0041310036107017	144
IFNLR1	163702	-0.011385487334302568	0.0005527656827170944	102
IFT140	9742	-0.014161718863890664	0.002369959937141072	223
IFT57	55081	-0.0001070288885547311	-0.0021296289977803967	242
IGBP1	3476	-0.020085573101926418	0.00488746440712303	52
IGF1R	3480	-0.009211438301703045	-0.0010160078262787594	152
IGF2BP2	10644	-0.013332877084894317	0.0030012159669160336	86
IGF2BP3	10643	-0.0015583731538523985	-0.006205205157320235	6
IGFBP6	3489	0.0033282336813974826	-0.005696733701419229	193
IGFN1	91156	-0.002160843053149777	-0.0028842365995102766	68
IGSF3	3321	0.005017353321172022	-0.0046910310036021585	29
IK	3550	0.07317851746600341	0.01073226268507192	3
IKBKB	3551	-0.009088947384683337	-0.0017026719005412176	171
IKZF1	10320	-0.008297732248829239	-0.0017322216152298106	48
IL12RB2	3595	0.00018271462932414816	-0.006809628193838784	7
ILF2	3608	-0.014490635005933096	0.0014710260854811712	54
ILF3	3609	-0.0046760511628569585	-0.0035883213266059925	110
ILK	3611	-0.003528690805620303	-0.0015308073207555646	64
IMMT	10989	-0.005689217912954319	0.0005505896039930309	94
IMP3	55272	-0.011781792158624032	0.015017577680062087	9
IMP4	92856	-0.007911048409419107	0.007256384389729585	164
IMPA2	3613	-0.006468992097756093	0.0007253037277893706	45
IMPDH1	3614	-0.013199630416561256	0.001559420114105366	50
IMPDH2	3615	-0.014075502078129713	0.0029731592042722007	105
INAVA	55765	-0.0039629982532988885	-0.0023551557906576846	207
INCENP	3619	-0.0013521347448548215	-0.0031845688068205973	144
ING3	54556	0.002303909010297058	-0.004744592663792426	82
INHBE	83729	-0.012910396150923858	0.0010317630329767815	43
INO80	54617	-0.01250510454407767	0.002765692257234971	65
INO80B	83444	-0.0038232342478637573	-0.002799145667367862	12
INO80C	125476	-0.0005631230616584563	-0.005208601173468216	36
INO80D	54891	-0.002718110602857876	-0.00362734673833536	8
INO80E	283899	-0.018540046969993857	0.004689688750340788	226
INPP5K	51763	-0.014272447448295287	0.0030442992782823276	160
INPPL1	3636	-0.012724050725949022	0.0002278337917043247	201
INS	3630	-0.013499354189549078	0.00151234392777815	104
INS-IGF2	723961	-0.004102380552124274	-0.0032538364670703698	70
INSIG1	3638	-0.004933694293268554	-0.0036101264482586337	156
INTS1	26173	-0.008459436136915879	-0.0014785414469405235	23
INTS10	55174	-0.01530562585218056	0.0013574911410393917	163
INTS11	54973	0.0035190611066493217	-0.0032824353206330537	90
INTS12	57117	-0.013255137312688467	0.004308827117398323	65
INTS13	55726	-0.0035801475961433024	-0.004273030806587535	33
INTS14	81556	-0.005152855046112242	-0.001674750908998228	207
INTS2	57508	-0.007530090549313571	0.00020823117789932336	185
INTS3	65123	-0.015700280055649787	0.0019031431036502216	66
INTS4	92105	0.022997512556735406	-0.00421234153002866	24
INTS5	80789	-0.0006935593481839453	-0.005178673933872993	36
INTS6	26512	0.01248077881982842	-0.006542368018622822	59
INTS7	25896	-0.016922504915252788	0.002882092627442684	75
INTS8	55656	-0.012073575994977073	0.003438360584645313	65
INTS9	55756	0.023172256916676046	-0.008499059952188432	77
IPMK	253430	-0.0014258524446850386	-0.0050017648026596	193
IPO11	51194	-0.010092447971381127	0.0005801105249198221	102
IPO13	9670	0.00022572998182852813	-0.005242538375433863	193
IPO4	79711	-0.016342026921463988	0.004298665205611868	73
IPO5	3843	-0.013767507077793307	0.0009696036523010675	163
IPO7	10527	-0.017640902307196026	0.00501487075948948	52
IPO9	55705	0.0005551886805122775	-0.003386010372599046	128
IPPK	64768	-0.016144191844011654	0.002748426143579735	5
IQCC	55721	0.002088152011254437	-0.0035601522995021	188
IQCE	23288	-0.017779650867896013	0.004051866874788749	153
IQCF1	132141	-0.004400506999618107	-0.0016580520323399772	23
IQCN	80726	-0.0008568977962267917	-0.0033955177757301245	15
IREB2	3658	-0.017380931545935115	0.003039127200224904	73
IRF2BP1	26145	-0.009979086411554799	-0.000676464493698201	81
IRF2BP2	359948	-0.005600073404462306	-5.865305323424826e-05	19
IRF8	3394	-0.005084150489048487	-0.003813918089052139	244
IRS2	8660	-0.015400545047203914	0.004387068226689592	60
IRX3	79191	0.0022485195277843167	-0.005342051505157869	42
IRX6	79190	-0.0015311620508200274	-0.003518542615422887	200
ISCA1	81689	-0.012659656106595406	0.0018256901949304676	139
ISCA2	122961	-0.018241090016566437	0.0034962915917288286	69
ISCU	23479	-0.00012070168286214851	-0.006504236371441239	8
ISG20L2	81875	0.0068984737638070025	-0.003085703240882589	174
ISY1	57461	0.023937793969540263	-0.00501095312955617	119
ISY1-RAB43	100534599	0.04139623466176842	-0.001391327252787042	119
ISYNA1	51477	-0.004546800451705742	-0.004127578378747685	175
ITGA3	3675	-0.004548825613736269	-0.003901047266893469	62
ITGA4	3676	0.000636984655439716	-0.003638428653983231	70
ITGA9	3680	-0.0037990744901732418	-0.003889918296470829	178
ITGAV	3685	-0.007801190248337005	0.0006647694142523447	27
ITGAX	3687	-0.01048409361986394	-0.0008699486003209977	189
ITGB1	3688	-0.0029435633148235133	-0.0040559732253061245	21
ITGB5	3693	-0.010123372237552018	0.0007752074233042692	27
ITIH4	3700	-0.0031118843208828443	-0.0015932070352431596	131
ITPK1	3705	-0.008330229225745034	-0.0016768369965199509	230
IVL	3713	-0.004953358512776889	-0.002492862678169714	83
IWS1	55677	-0.004679005087074342	-0.00138400375464174	154
JAZF1	221895	-0.0070280730560676125	-0.002383391731530957	21
JHY	79864	-0.004462323610132378	-0.004423616765293467	7
JMJD1C	221037	0.00012985357223107283	-0.003351850769543709	93
JMJD6	23210	-0.003033799206229489	-0.005167731280474163	6
JMY	133746	0.0030162691184642387	-0.003485489991483903	40
JOSD1	9929	-0.019001846183743152	0.004132752788853784	52
JPH4	84502	-0.006069612298752236	-0.0023992585489669236	143
JTB	10899	-0.004427584291895352	-0.0033839444011430297	175
JUN	3725	-0.0153042351476913	0.0018267192030682325	79
JUNB	3726	-0.006392054012568919	-0.0029199915359896735	114
JUND	3727	-0.010377755518859643	-0.0002496585387653371	87
KANSL1	284058	0.029466040981613425	-0.00906913934713703	35
KANSL2	54934	0.021850237202849877	-0.008725080447571648	35
KANSL3	55683	0.020232578633542355	0.00032424359833495476	24
KARS1	3735	-0.006776618432744995	-0.002470283880281475	189
KAT14	57325	-0.011179798780155578	-0.00031922398898433365	123
KAT2A	2648	-0.004385693707269499	-0.004538948225263927	21
KAT5	10524	0.005675553490132631	-0.007359708496913996	61
KAT6A	7994	-0.012593671714136232	0.0003949805424374072	182
KAT6B	23522	-0.00883208335292723	-0.0009457424240305749	152
KAT7	11143	0.017887585238537687	-0.007904337124739204	221
KAT8	84148	0.012775272399699755	0.00021273394460227034	46
KATNB1	10300	0.010373703441260103	-0.0029719352537391007	46
KBTBD11	9920	-0.01786329147513607	0.003176377365172014	66
KBTBD2	25948	0.008881436991040286	-0.004173513324662033	31
KCMF1	56888	-0.001137109493213322	-0.003294620224026268	110
KCNA10	3744	-0.002197692537827971	-0.0038218670084825606	110
KCNC1	3746	-0.012731032774117109	0.001123552175686794	105
KCNC4	3749	-0.004628185068485254	-0.002807391741476247	166
KCND3	3752	-0.0075631961918781855	-0.0015375393398977077	127
KCNG1	3755	-0.017596718346759594	0.0030531529872199355	66
KCNG4	93107	-0.005164841395629336	-0.004254488541221868	6
KCNJ12	3768	-0.009816469608650657	-0.0009604424656086003	78
KCNJ15	3772	-0.01257578760589637	0.00014893978718157248	225
KCNJ4	3761	-0.009169467745304395	-0.0013350647845057617	17
KCNK4	50801	-0.0046076811703911185	-0.0014921542007606773	90
KCNQ4	9132	-0.00971387653216891	0.0010385715251321878	102
KCNQ5	56479	0.002815997734617801	-0.0023034914553479364	174
KCTD10	83892	0.02431103258522562	-0.017595041261227212	57
KCTD12	115207	-0.005659796195227035	-0.003400034083349123	209
KCTD2	23510	-0.00925415943179503	0.00041065239709735723	27
KCTD21	283219	-0.01374595427695413	0.0016896430948549364	126
KDF1	126695	-0.0063852978322035524	-0.0024086854058921643	194
KDM1A	23028	-0.0126984734886198	0.0006691567808447194	54
KDM2A	22992	-0.0003336113160812924	-0.003436314633914148	140
KDM2B	84678	-0.0069928296748667865	-0.001678233623288683	12
KDM3B	51780	-0.01078000873909928	-0.0012267242454835996	155
KDM4A	9682	-0.014389697666937176	0.00401091807897271	39
KDM5C	8242	-0.004027542536343772	-0.0021775641407342852	23
KDM8	79831	-0.004202757565099671	-0.0011123382277205432	11
KDSR	2531	-0.012034235122602816	0.0013331781324615614	206
KEAP1	9817	-0.005959522400237205	-0.004316262204286804	155
KHDC4	22889	0.0030513187210607163	-0.004549937049292489	166
KHDRBS1	10657	-0.003803218513208475	-0.0036377367016887817	193
KHSRP	8570	-0.004838264579850655	-0.0023735739578935886	74
KIAA0100	9703	-0.0004820992908444404	-0.004077066870000931	83
KIAA1143	57456	-0.0038108733304245915	-0.005070519470322428	7
KIAA1211L	343990	0.007329116757573201	-0.003270580590800395	38
KIAA1614	57710	-0.013893072681795222	0.000803627269035508	199
KIAA1671	85379	-0.0055250398667427295	-0.002998551059147391	244
KIAA2013	90231	-0.015729131757726268	0.0020258568962284733	79
KIF11	3832	0.06524563038051095	0.02067132239452412	98
KIF13B	23303	-0.013004587945255183	0.0009072208143730279	104
KIF14	9928	0.0010486404157539003	-0.0057077642264244536	42
KIF15	56992	0.01758474192596055	-0.008849331985589117	10
KIF18A	81930	0.0823911288779986	0.028466654071149955	4
KIF18B	146909	0.007634577643713286	-0.006253238696805373	42
KIF20A	10112	-0.0007379438248657962	-0.0025282849615237343	31
KIF20B	9585	-0.007890595954066874	-0.0007034836661717089	47
KIF22	3835	-0.009698606214140471	-0.001179675740956475	189
KIF23	9493	0.025051822422306982	-0.009943033971914872	30
KIF27	55582	-0.008521703924251523	0.0006395004181989521	102
KIF2C	11004	0.03049810975781061	-0.004310269157774765	221
KIF3C	3797	-0.011111648435107127	0.0007042610097370308	189
KIF4A	24137	0.01717655735192793	-0.006875230115044633	46
KIF6	221458	-0.016721171414247078	0.00326347314869136	195
KIFBP	26128	-0.00909969623003014	-0.0005896308149876545	89
KIFC1	3833	-0.004363959320037092	-0.0006046801914923687	45
KIFC2	90990	-0.0022369617031777725	-0.00497604645969009	53
KIN	22944	-0.0020619835191325324	-0.00469292890906152	36
KLC2	64837	-0.002492200492906138	-0.004113717904087984	33
KLC3	147700	0.00020337467851865384	-0.005272730429349258	18
KLF1	10661	-0.008337463429912772	-0.001123413231410207	147
KLF16	83855	-0.011407807027029277	-0.000523428564743393	190
KLF5	688	-0.003545790349626128	-0.003615955400321218	241
KLF7	8609	-0.011869103922341617	0.000987061790196687	181
KLHDC8A	55220	-0.009370625376688589	0.0003836127878287686	74
KLHL11	55175	-0.004239269381829034	-0.004681978990144743	17
KLHL22	84861	-0.004339803051290713	-0.001526428371326754	208
KLHL34	257240	-0.013694139316409452	0.0006392448318873114	245
KLHL40	131377	0.0022868287551694273	-0.003268477629502274	64
KLHL7	55975	-0.00838836299735826	0.0005534490056339139	129
KMT2A	4297	-0.012982254589201575	0.0022081063704809953	37
KMT2B	9757	-0.013182780499582141	0.0030928607703208004	13
KMT2D	8085	0.0030690274797708105	-0.003060086845554098	19
KMT5A	387893	-0.008573581301180926	-0.001509587450529919	182
KNL1	57082	-0.01136212885823123	-0.0005052738867871	210
KNTC1	9735	0.006856028094436964	-0.007160121837107772	162
KPNA2	3838	-0.004262283472455913	-0.0016853462427939784	214
KPNA6	23633	0.00789836987760136	-0.006500340906453353	140
KPNB1	3837	0.015186452233221778	-0.007083791934249952	77
KRAS	3845	-0.0010579317986942102	-0.005525203616015233	7
KRI1	65095	-0.011247124329472996	0.0009903339230429879	120
KRR1	11103	0.003847813490806263	-0.0022555120639208078	51
KRT10	3858	0.0003853339496888596	-0.004707220742983707	107
KRT16	3868	-3.876682729735082e-05	-0.003963785477847496	35
KRT17	3872	-0.0021734548919755754	-0.0035846946661821583	214
KRT18	3875	0.016194964568724438	-0.007475102888553306	76
KRT2	3849	-0.004651538393721594	-0.0009696539133904684	90
KRT31	3881	-0.011711869791136526	-0.0007655997424670923	212
KRT35	3886	-0.012014239034718103	0.001320698185061111	113
KRT6A	3853	0.00014027683998169558	-0.005069345729574927	141
KRT7	3855	-0.004009370897550482	-0.003497215838499421	89
KRT78	196374	-0.0012854370243278682	-0.0036860541333803894	15
KRT79	338785	-0.009490133815407623	-0.0008966157222538674	232
KRT8	3856	0.0009069388087327839	-0.004546742115176496	222
KRTAP10-1	386677	-0.02022831549494587	0.005130969777419408	22
KRTAP10-12	386685	0.010835866116024264	-0.006833751078580201	88
KRTAP10-4	386672	-0.00608752819092663	-0.003230240347565783	155
KRTAP10-6	386674	-0.010208181877601906	0.0004360317513888292	5
KRTAP10-8	386681	-0.011418496295000928	0.0011036742195416204	37
KRTAP10-9	386676	-0.01546427162876421	0.002368109125112438	167
KRTAP15-1	254950	0.0020491607680195234	-0.004339509956047317	186
KRTAP19-3	337970	-0.011085174560913357	-0.0012112942825570293	16
KRTAP19-8	728299	-0.00909583265613202	-0.0015354812570127496	176
KRTAP2-1	81872	0.003676935355649788	-0.007600087020898366	62
KRTAP2-2	728279	0.021535178345954167	-0.012094006654793576	1
KRTAP2-3	730755	-0.0068519806966336385	-0.003245750718491934	21
KRTAP2-4	85294	-0.009261007016682114	-0.0021735247142764358	16
KRTAP21-1	337977	-0.015856924860738995	0.00359994831994021	210
KRTAP4-11	653240	-0.011096517875498629	0.0014319942789077073	131
KRTAP4-2	85291	0.0002569138320201423	-0.006340419112026892	7
KRTAP4-5	85289	0.0030082352816619357	-0.003562538585642941	25
KRTAP4-7	100132476	-0.005358561556882009	-0.0030212935551792238	114
KRTAP4-8	728224	-0.003367453653455987	-0.005692760172874933	138
KRTAP5-11	440051	-0.014916064654253332	0.0015128168834819965	5
KRTAP5-3	387266	0.019511400460639563	-0.006028495671830076	196
KRTAP5-7	440050	0.003044033654138843	-0.00516215998663589	193
KRTAP5-9	3846	-0.0036325448664297115	-0.003800218504968986	89
KRTAP9-4	85280	0.02971345247651711	-0.013343704620238784	1
KRTAP9-8	83901	-0.004414537175597496	-0.004085225865604502	230
KRTCAP2	200185	-0.01716777561438809	0.003387221989666138	80
KRTDAP	388533	-0.005643689809454582	-0.0014297448878462075	63
KTI12	112970	-0.01898985950984531	0.004849758651937528	14
KXD1	79036	-0.015642590312395274	0.002149120966717062	84
LAD1	3898	-0.011747012265097615	0.0004845245256664482	126
LAGE3	8270	-0.008412134965506881	-6.907174886112448e-05	192
LAIR1	3903	-0.010477416529513877	0.0008065670777732493	60
LAMC3	10319	-0.008850573072365458	-0.0008651538765708109	81
LAMTOR1	55004	-0.009944349900843351	-0.000804008150198355	150
LAMTOR2	28956	-0.00979251355192034	-0.0010480492644499477	43
LAMTOR3	8649	-0.00816853272251984	-0.001220989173231279	44
LAMTOR4	389541	-0.01277173665448489	0.0008381643641544904	172
LAMTOR5	10542	-0.0015067258068639513	-0.004574867641473993	108
LARP1	23367	-0.0076984226147071575	-0.0012856145692097128	234
LARP4	113251	-0.0015458346105876666	-0.0003550660255559307	128
LARS1	51520	-0.014699616338437606	0.010884791097253075	26
LARS2	23395	0.001207539519403949	-0.005723210806401521	178
LAS1L	81887	-0.007709900007775848	0.005466411155445245	164
LAT	27040	0.0010088535287139512	-0.0033952597619202707	64
LCE1A	353131	-0.01619106114897591	0.002755830750169699	146
LCE1C	353133	0.0017041860132261818	-0.005580008085591075	12
LCE1E	353135	-0.0049874394824581635	-0.0019219531950071006	124
LCE2A	353139	-0.008041345832154836	0.00041268162164278784	223
LCE3A	353142	-0.0030470134086020744	-0.003386984309848008	64
LCMT1	51451	-0.009968058122871876	-0.000895812446126886	111
LCN10	414332	-0.006673655048386647	-0.003322466843974813	155
LCN6	158062	-0.00953681299287875	-0.000670495654389918	148
LCN8	138307	-0.019698928712073117	0.00614010399933212	22
LDB1	8861	0.0050219093296428145	-0.005915364474210545	220
LDLR	3949	-0.009263039967212275	-0.0004744914500000555	157
LEMD2	221496	-0.004356217020587631	-0.0018341476838810433	213
LEMD3	23592	-0.003380305216565577	-0.0049082831883732105	55
LENG1	79165	-0.016638292287539228	0.0023441301082513283	5
LENG8	114823	0.016305118013876647	-0.0051839306969313804	168
LENG9	94059	-0.0011637064151149908	-0.004540763798740383	53
LEO1	123169	-0.01767284910117363	0.0030463229461520597	5
LETM1	3954	0.0010082710133581141	-0.0025130834317511033	38
LEXM	163747	-0.008800940253807022	8.23949007724178e-05	37
LGALS3BP	3959	-0.008563015441704942	-0.0016515224637273	190
LGALS9B	284194	-0.0007112162064604001	-0.003912480931829141	8
LIAS	11019	-0.0033285744599465075	-0.002203262201339482	166
LIG1	3978	-0.010636778665026604	0.00044788181357327983	74
LIG3	3980	0.0003147046072961291	-0.006059164506320773	6
LIMD1	8994	-0.009794692282878319	-0.0006708102531576693	137
LIMD2	80774	-0.012568137538200687	0.0018477909639926316	132
LIMS1	3987	0.02329149571140827	-0.00563337571802586	59
LIN37	55957	-0.01187315531168128	0.009486451378721124	9
LIN52	91750	0.02088117480046301	0.021128025486866937	0
LIN54	132660	0.00640477165520323	0.02287936268664925	0
LIN7C	55327	-0.006715300594543115	-0.0014228822279587984	93
LIN9	286826	-0.012897748549601844	0.008984288741963465	13
LINGO4	339398	-0.0027533670775808715	-0.003398739272900634	227
LIPM	340654	-0.002796199411639531	-0.003030060636400389	110
LIPT1	51601	0.006190114100604803	-0.0036553245537590214	76
LIPT2	387787	-0.007581621319947704	0.0003341181977836615	19
LLPH	84298	-0.011869928481255631	0.0009532813675527387	27
LMAN2	10960	-0.006631388715423884	-0.001793781586218041	147
LMNA	4000	-0.005461769816968342	-0.0028251683096637286	161
LMNB1	4001	-0.001254545804832629	-0.004741502435214843	7
LMNB2	84823	-0.014344786793685931	0.001808392762719713	97
LMO2	4005	-0.015257891901713616	0.0022019145781768967	179
LMO7	4008	-0.009874640724974031	-0.0008420259006902863	112
LMOD1	25802	-0.008662742023558451	-0.0008757977505296012	130
LMTK3	114783	-0.0014370350284976855	-0.003968395206614585	186
LMX1B	4010	-0.004844387650413232	-0.003066932700086078	85
LONP1	9361	-0.008932073760047165	-0.0021907764634292596	155
LPA	4018	-0.015448131065007389	0.002247200161034726	198
LPAR2	9170	-0.0036366096807429137	-0.004279989527111842	175
LRCH2	57631	-0.00865499831658924	-0.0006996189099168962	183
LRCH4	4034	-0.013580603913799987	0.002432235470920002	39
LRP10	26020	-0.011222020455139325	-0.00037001805658793134	44
LRP1B	53353	-0.01165828489917062	-0.0001405899476729688	112
LRP4	4038	-0.007084249029029537	-0.001645481078456252	219
LRP5	4041	0.0018753677441283394	-0.003964687679666145	144
LRPPRC	10128	0.00039149052934166006	-0.0056221798400914605	36
LRR1	122769	0.0717544524219966	-0.003294613849007568	1
LRRC1	55227	-0.016909024923345672	0.0037399498283996082	116
LRRC10B	390205	-0.009727327235737654	-1.003255945614541e-05	203
LRRC15	131578	0.0008778851289694941	-0.006596188781979607	6
LRRC32	2615	-0.007685677019890359	0.0001447112694893139	95
LRRC37A2	474170	0.007945634460328569	-0.009258726356377343	62
LRRC37A3	374819	0.011925598661835108	-0.009480669593308884	62
LRRC37B	114659	-0.01704940884660656	0.002726912580735226	66
LRRC3C	100505591	-0.010465282726522846	9.869466526558455e-05	225
LRRC41	10489	-0.013019265455367645	0.0009545364856454447	113
LRRC73	221424	-0.008756021466535249	-0.001458116102054577	148
LRRC75A	388341	-0.014217476921110542	0.0010147519480423746	69
LRWD1	222229	-0.01519476986777921	0.0016463884935007927	5
LSG1	55341	-0.004971854568932005	0.004595851347168738	26
LSM10	84967	-0.004341653202524392	-0.004259280595114685	17
LSM11	134353	0.0019127039848990932	-0.00492067531126471	88
LSM12	124801	-0.0019748480878693134	-0.00483758141778506	177
LSM14A	26065	-0.009677680919910382	-1.5644123655158553e-05	102
LSM2	57819	0.06364502449336634	-0.0031181991475591653	3
LSM3	27258	0.01110356930745869	-0.00672900206580257	168
LSM4	25804	0.05801541443893375	-0.006211482406262332	3
LSM5	23658	0.05955406258547304	-0.006135497315816682	3
LSM6	11157	0.05785659781268205	-0.00704502488493754	3
LSM7	51690	0.05651492906650605	-0.006945780415138918	3
LSM8	51691	0.06218886048573332	-0.004541670554557571	3
LSP1	4046	-0.009998432567503247	0.000569975504497912	60
LSR	51599	-0.012451655999288765	0.0010731841810776583	187
LST1	7940	-0.01619866685782921	0.0018979945817485895	75
LTB	4050	-0.01991809795703086	0.005305108709710251	135
LTB4R	1241	-0.01519280638962415	0.001666845784476722	111
LTB4R2	56413	-0.012397785887730158	0.0008665924251753288	139
LTBP3	4054	-0.004779825090276228	-0.0032047854136998126	89
LTO1	220064	-0.012058205781476029	0.0010659210113580558	50
LTV1	84946	-0.007898922761550986	0.013718338634338904	9
LUC7L2	51631	0.0013445866709047942	-0.004663954107599331	40
LUC7L3	51747	0.02336774046704397	-0.011552571254208024	125
LURAP1	541468	0.0006346335825030802	-0.005018346351144361	149
LURAP1L	286343	-0.0007348337167421636	-0.004069647299199993	68
LYL1	4066	-0.010684877361510425	-0.0003978974586969157	203
LYPD2	137797	-0.009377718593928937	-0.00129397763702682	114
LYRM2	57226	-0.009063587034308818	-0.0006559670418582843	147
LYRM4	57128	-0.0021417977102228046	-0.005464682815701307	17
LYSMD1	388695	-0.008676540793343438	-0.0010746481424823053	182
LYZL4	131375	-0.01184593911317549	0.0012172152341690262	37
MAD1L1	8379	-0.0037293141123935568	-0.0036540025643269913	122
MAD2L1	4085	-0.00913142382238818	9.889565687978075e-05	75
MAD2L1BP	9587	0.01815775065830956	-0.0050072257411799565	46
MAD2L2	10459	0.013317335227636208	-0.007168307366047614	20
MADD	8567	0.0061937900129588165	-0.0064068589350785785	36
MAEA	10296	-0.004384941335133052	-0.002437635511843078	122
MAF1	84232	-0.0016337870900584325	-0.0040721385475785375	64
MAFF	23764	-0.009893165455959259	0.00012465472916909398	87
MAFG	4097	-0.010401321852723754	0.0006164406664182247	101
MAFK	7975	-0.0055121544191011965	-0.0032161110786996156	115
MAGEA4	4103	-0.010983097666082903	0.0005370825796611394	126
MAGEA8	4107	-0.007787833553709744	-0.002358983685778454	138
MAGED4	728239	-0.010013174424563152	-0.000876386456913101	172
MAGED4B	81557	-0.014299070682765787	0.0027818297469930386	39
MAGOH	4116	-0.004605350508641758	-0.0022903309990601295	124
MAGOHB	55110	-0.004356169278008387	-0.001231078810402038	207
MAK16	84549	-0.0022792809462668278	0.03265865455672781	0
MALSU1	115416	-0.02123153886262526	0.005759021986535007	58
MAML1	9794	-0.008459368480833503	-0.0012838546781012742	48
MAN1C1	57134	-0.011711337927230728	-0.0001631779771672952	123
MANF	7873	0.003313090834253125	-0.004835730427989648	157
MAP1LC3B	81631	-0.013797219252259199	0.0009096327793201051	48
MAP2K1	5604	-0.013997038953019562	0.0022126943070493992	80
MAP2K3	5606	-0.01224136167972941	0.001390152250285416	137
MAP2K7	5609	-0.011578432166960086	0.0014693985358511523	16
MAP3K11	4296	-0.013881614424835254	0.001359681358139176	52
MAP3K7	6885	-0.008364959377053857	-0.0019659248993245757	115
MAP4K2	5871	0.002432967469450865	-0.00556584261290338	193
MAP7D1	55700	0.004275924290173613	-0.00548751103170936	143
MAPK1	5594	-0.011700597832997017	0.0003614266887060844	28
MAPK14	1432	-0.010913233111231354	0.005655316473116848	164
MAPK15	225689	-0.006248962086934571	-0.0022902462138246287	133
MAPK3	5595	-0.002869243348431889	-0.0038599831001403587	96
MAPKAP1	79109	-0.016847398946161177	0.002634353281154092	173
MAPRE1	22919	-0.006819741518029719	0.00041688845579027084	170
MARCHF4	57574	-0.007084619874674656	-0.0014393243000988467	85
MARCHF5	54708	-0.01611159531726373	0.0029740457190198786	75
MARCHF6	10299	-0.013108842105820244	0.001067512601116807	120
MARCHF9	92979	0.0067708027423036285	-0.008078816747792417	62
MARK2	2011	0.007734445374825021	-0.008252305765243084	57
MARS1	4141	-0.011102616742897793	0.0010258423085828033	137
MARS2	92935	-0.009082456044380209	-0.0004518201527441792	65
MARVELD3	91862	-0.016909538858187523	0.004744013982254714	22
MAST3	23031	-0.01503228174093848	0.001981982493802359	32
MAST4	375449	-0.015933428661574843	0.0020838838290962104	91
MASTL	84930	0.01579384509596725	-0.00921837621506965	30
MAT2A	4144	-0.005487160632545703	-0.0003381378690837752	154
MATK	4145	-0.00979155803303125	1.9885260904790548e-07	34
MATR3	9782	-0.01492088830131877	0.0017228093398822624	50
MAU2	23383	-0.008247299286209127	-0.002071615856269245	233
MAX	4149	-0.012597982623387006	9.572123312284185e-05	189
MBD2	8932	-0.010332678993207752	-0.0011156608364533917	67
MBD3L2	125997	0.002182462112389006	-0.006689894771209	55
MBD3L3	653657	-0.012836079018776408	0.0022961714513501873	49
MBD3L4	653656	-0.001375795313727074	-0.004882073721667712	141
MBD3L5	284428	-0.016483234894420443	0.0041653637453980576	72
MBNL1	4154	0.00010448609668626505	-0.005877734657755944	42
MBTD1	54799	-0.0077416065256934044	-0.0021411310332651065	67
MBTPS1	8720	-0.013734909719153875	0.0015922774160789161	37
MBTPS2	51360	-0.01347874794082441	0.001238341429321793	97
MCAT	27349	-0.01573306059837676	0.0026010493730212274	167
MCF2L	23263	0.0019340282595989382	-0.00466717175665403	108
MCL1	4170	-0.010044087134468424	0.002729205971067566	37
MCM10	55388	0.06743911270105675	-0.004355691288996203	1
MCM2	4171	-0.0231004631725026	0.008072873366966922	58
MCM3	4172	-0.016104018286674675	0.0034256936561828134	86
MCM3AP	8888	-0.010663956554155486	-0.00011689348498201166	179
MCM4	4173	-0.00875034964384193	-0.0021780236642457798	56
MCM5	4174	-0.009363509994146297	0.00010538917620584855	103
MCM6	4175	0.0126002362020934	-0.00769167164254606	88
MCM7	4176	0.02250481659250128	-0.00899215032262206	221
MCM9	254394	-0.016301010364137506	0.003667929148383669	104
MCMBP	79892	-0.012624287923411621	0.0021804467983638043	39
MCOLN1	57192	-0.019028927212389114	0.0039807201492915775	14
MCPH1	79648	-0.008823888071802309	-0.0016806605030317092	200
MCRS1	10445	-0.01166262977740524	0.0017712200642561696	39
MCTP1	79772	-0.0035869285535859797	-0.003278082736129852	233
MCTS1	28985	-0.0202688114351489	0.007570691654760331	14
MDC1	9656	-0.0134324688920067	0.003461238991913872	39
MDH2	4191	-0.010764271038970881	0.00011892455912974343	75
MDM2	4193	-0.00824439405594122	-0.000709648487367175	201
MDM4	4194	-0.003919995595753251	-0.0024249258580463515	23
MDN1	23195	-0.0031796503791163967	0.03733887105373792	0
ME2	4200	-0.016071015496889954	0.0021054528959764617	245
MEAF6	64769	-0.0008538425646016455	-0.003284217266784298	29
MEAK7	57707	-0.011563800656971211	-0.0002531874458139615	56
MECR	51102	-0.00016983046967871827	-0.00408417144476954	140
MED1	5469	-0.015294795622066879	0.0014746710513002137	163
MED10	84246	-0.0004532506386146708	-0.003633722189058342	144
MED11	400569	-0.009930419162554709	-0.0006350260185658104	96
MED12	9968	-0.00811672725002805	-0.00213121932549485	230
MED13	9969	-0.011642500554231567	-0.0008414539596950115	67
MED13L	23389	-0.011707341180599231	0.00034892222412652614	159
MED14	9282	0.02060010901764438	-0.012114635984309854	57
MED15	51586	-0.0017150354288784707	-0.004143397540324369	15
MED16	10025	-0.015251968844797176	0.0024075775411657174	169
MED17	9440	-0.007109484532885108	-0.00014667125965445686	45
MED18	54797	-0.019358335290282483	0.004987441775029153	173
MED19	219541	-0.007436420842367417	-0.002404329934529128	149
MED20	9477	-0.014012253762118159	0.0014249863455123998	80
MED21	9412	0.012729263406497663	-0.007784927445710749	20
MED22	6837	-0.008228253441066393	-0.0020122779561161292	200
MED23	9439	-0.012653588395576558	0.0006736895957128905	182
MED24	9862	-0.01713213038056677	0.003200072757156833	135
MED25	81857	-0.01017514795853573	0.00027855648008401427	161
MED26	9441	0.0006597337082386058	-0.003572510415524376	180
MED27	9442	-0.004966137980971501	-0.0014761011358192726	90
MED28	80306	0.0011144234053294113	-0.005368931820162816	82
MED29	55588	0.007209225704660216	-0.005625862076429505	46
MED30	90390	-0.0076278199686137535	-0.0018637355421026835	180
MED31	51003	0.0009253350375751804	-0.0031711218274600443	103
MED4	29079	0.013551263039097821	-0.005589335077737783	51
MED6	10001	-0.010171437546026235	0.003084687040784935	90
MED7	9443	0.005430686737798607	-0.007131753429228641	238
MED8	112950	-0.013216706206549767	0.0027040252389565816	27
MED9	55090	0.0011977053094670204	-0.006594112188054706	17
MEF2B	100271849	-0.010717572609434489	6.299303609797769e-05	28
MEF2C	4208	0.0009457008147391398	-0.004523386538796902	205
MEF2D	4209	-0.013895733427377273	0.0016798951437966925	97
MEIOC	284071	-0.012666047189792458	0.0007783560245859764	225
MEIS1	4211	-0.002979417148421605	-0.0038272174709270633	165
MEMO1	51072	-0.009345197497006739	-0.0011719194840400199	142
MEN1	4221	0.0026805335737632554	-0.006165718645154085	82
MEPCE	56257	0.07452298579903353	0.008545855593229453	3
MEPE	56955	-0.0051878621081892975	-0.002515807063491057	241
METAP1	23173	-0.00942334957730906	-0.0012986562897471755	115
METAP2	10988	-0.010055604914948422	0.016014098909053517	26
METTL1	4234	0.0009266948657740985	-0.005678564605327128	55
METTL14	57721	-0.006452917438836388	-0.0014701098853882703	234
METTL15	196074	-0.0030959835626704385	-0.0031634153881402727	12
METTL16	79066	-0.01550366010632768	0.001870837359077755	92
METTL17	64745	-0.0075235968458102044	-0.000902744783493664	180
METTL23	124512	-0.0015442285203467823	-0.002640080695063084	131
METTL25	84190	-0.0010741320644055868	-0.003058761287548914	122
METTL3	56339	-0.01961961715374006	0.006572952365450353	136
METTL7A	25840	-0.002178440102329914	-0.004105618310583546	118
METTL7B	196410	0.010808017625217657	-0.006272276838331788	31
MEX3A	92312	0.0019703413202504724	-0.005818849366964832	238
MEX3C	51320	-0.007946009379782916	-0.0017956089610436186	148
MFAP1	4236	0.058219686643465725	0.002143275100662348	119
MFN2	9927	-0.015498086561346356	0.0020579048207469237	105
MFRP	83552	-0.011104036372661575	-0.00010646366171670278	43
MFSD12	126321	-0.01818072509922021	0.0030064275207658	135
MFSD13A	79847	-0.01755334383906478	0.003457963795310041	91
MFSD14A	64645	-0.010370013632085576	-0.0013188751974528177	212
MGA	23269	0.008278082258482682	-0.00799420961145799	57
MGAT1	4245	-0.008379205815814118	-0.00031786742818354477	147
MGAT3	4248	-0.020374596852046924	0.005624671319300474	2
MIB1	57534	-0.0015140511703398928	-0.003525301404510122	85
MICALL1	85377	0.003759462130903406	-0.005881698254720962	178
MICALL2	79778	-0.0005615395702173653	-0.004258966606290553	143
MICB	4277	-0.009968778238345336	0.0008958638685313844	206
MICOS10	440574	-0.01917752534326235	0.004429539538650283	153
MICOS13	125988	-0.008440331916709681	-0.0015806272438095013	233
MICU1	10367	-0.004163394493462807	-0.003196024203700938	89
MIDN	90007	-0.01660233468832217	0.006778263595628374	2
MIEN1	84299	0.0032994228749538084	-0.006985826410367368	224
MIGA2	84895	-0.0035516976335904353	-0.0038914687395697235	107
MINDY1	55793	-0.010617026994145988	0.00016353062910737747	112
MINDY2	54629	-0.02230270808460219	0.005327512858935385	14
MIOS	54468	-0.01640449223880604	0.0031183229846307586	91
MIPEP	4285	-0.003725972048056944	-0.0020715910851485404	74
MIS12	79003	0.009836553021160117	-0.0048868735585981425	35
MIS18A	54069	0.023170312149895293	-0.0040699675104870076	108
MIS18BP1	55320	0.012620665442887922	-0.0008154074189793912	117
MKRN1	23608	-0.0033972712023975157	-0.005249909584176773	21
MLLT1	4298	-0.013048102554686209	0.0011913749687611722	169
MLLT6	4302	-0.005939072299410403	-0.002865311637899215	8
MLST8	64223	-0.002960289295054066	-0.004663419097847502	175
MLX	6945	-0.006269440736863553	-0.002542592761399101	134
MMAB	326625	-0.013848074294386878	0.002752024520422584	184
MMACHC	25974	-0.006961761687473715	-0.001598199745018648	81
MMGT1	93380	-0.002442841119750364	-0.004169614816252893	8
MMP17	4326	-0.018380323921621047	0.0032551026719476518	5
MMP25	64386	-0.009562976215620788	-0.0010801346079662734	69
MMS19	64210	-0.014053857276157518	0.0013253892097748142	50
MMS22L	253714	0.07113247708402594	-0.0037611880256567354	1
MNAT1	4331	-0.016159293431004626	0.0022879394008151433	184
MNT	4335	-0.009572966466928122	-0.0014716225882076953	71
MOB4	25843	-0.0049673033755653255	0.002750803866603611	164
MOCS3	27304	0.001016601538000707	-0.005870465409610395	6
MOG	4340	-0.004314301112843637	-0.004127371317900063	53
MOGS	7841	-0.009163204687264673	4.785060937916075e-05	65
MOK	5891	-0.013743838428747246	0.0026101110415032856	5
MON1B	22879	0.002888152175250464	-0.005905930880656354	36
MON2	23041	0.008484057685469436	-0.0050839692274900206	51
MORF4L1	10933	-0.009923456128108302	-0.0002865159768749586	158
MPDU1	9526	-0.009616840213118098	-0.00019728800674327957	105
MPHOSPH10	10199	0.01255898627201718	0.008928357470917131	9
MPHOSPH6	10200	-0.006191994926444438	-0.0013405128369526696	242
MPI	4351	0.0033684551638662433	-0.004012145010291658	140
MPND	84954	-0.013450841393759917	0.0023110184611881135	159
MPP3	4356	0.008811029345361836	-0.007692172109618698	29
MPRIP	23164	0.00011731890195086297	-0.0035915659557925667	140
MPV17L	255027	-0.010661737940633145	-0.0005046877982470088	184
MPV17L2	84769	-0.002759181421489039	-0.003628717289102291	122
MPZL1	9019	-0.013389987469625837	0.0007483551425040253	71
MRE11	4361	-0.011834818152370192	0.0016608045330439216	65
MRGBP	55257	0.014156254233375121	-0.00760601353934232	59
MRGPRE	116534	0.009647095463001628	-0.005257936368127089	29
MRGPRG	386746	0.0008429864858072662	-0.005947858141912997	143
MRGPRX1	259249	-0.012800957850238614	0.0027612666966281754	65
MRM2	29960	-0.0052761721737594885	-0.0019531661231531215	158
MRM3	55178	-0.011498722067193618	-0.0008343829775372624	32
MROH7	374977	-0.01469920028872241	0.0015214078993261771	199
MRPL1	65008	-0.01472409870701215	0.0017008259545143035	5
MRPL10	124995	-0.011312895470873876	-0.000391469343234726	163
MRPL11	65003	-0.0012541303663364488	-0.0021533791593533885	131
MRPL12	6182	-0.00452237709148532	-0.002328323675965849	83
MRPL13	28998	-0.011006333355099693	-0.0003918481327418333	138
MRPL14	64928	-0.012779057381229812	0.0007075003614448159	229
MRPL15	29088	-0.01550115477395229	0.0028032354765728895	86
MRPL16	54948	-0.012364137010166422	0.0005718655192064258	48
MRPL17	63875	-0.014033687641156362	0.001875036614201198	184
MRPL18	29074	-0.015227189986651837	0.0018618086763770242	136
MRPL19	9801	-0.015957621305019258	0.0019377552370074646	66
MRPL2	51069	-0.007531968504926461	-0.001142485190398556	245
MRPL20	55052	-0.0031519258456086173	-0.004997495411123614	18
MRPL21	219927	-0.01373471427118383	0.0008520257414817421	239
MRPL22	29093	-0.016739225105543033	0.00365490570527474	66
MRPL23	6150	-0.008611158895411433	-0.0014631346851643875	78
MRPL24	79590	-0.004665227833531365	-0.0036692901768665583	176
MRPL27	51264	-0.005850588982825117	-0.0013845680415801892	36
MRPL28	10573	-0.012524354968390057	0.002551627899314104	11
MRPL3	11222	-0.003379987669539077	-0.0036794741201754133	68
MRPL30	51263	-0.0011949441258379072	-0.0018557077290769226	90
MRPL32	64983	-0.02000518126005925	0.004435144695339159	14
MRPL33	9553	0.0027887627769017506	-0.004233336354763945	140
MRPL34	64981	-0.010305930561641087	-0.0005669601905602927	44
MRPL35	51318	-0.003742641446951259	-0.003739826088833797	33
MRPL36	64979	-0.010056194988645892	0.0002982246349738386	81
MRPL37	51253	-0.01007037446042143	0.000798928003649222	63
MRPL38	64978	-0.010584795785779413	-0.00010010702934670609	34
MRPL39	54148	-0.010161237991528066	0.001131939265733395	37
MRPL4	51073	-0.008347124065468146	-0.0019159104245991458	171
MRPL40	64976	-0.015080260827791158	0.0018160718363662734	54
MRPL41	64975	0.0005319924460342335	-0.005495790398417202	57
MRPL42	28977	-0.0036895634457267115	-0.003286240902465747	127
MRPL43	84545	-0.014425468895981782	0.0022153963229535477	206
MRPL44	65080	-0.011530714643444	0.00189504424556659	41
MRPL45	84311	0.0029181187763352846	-0.005818138237303529	193
MRPL46	26589	-0.007992281788776057	-0.001392193430227932	234
MRPL47	57129	-0.017307973639223706	0.003147432100609137	39
MRPL48	51642	-0.0015660312620870958	-0.003243328282930814	15
MRPL49	740	3.4855738603514066e-06	-0.0026047533918375923	19
MRPL50	54534	-0.0035609545304520983	-0.0036977896338954664	85
MRPL51	51258	-0.008946472752308334	-0.0012500221707281154	171
MRPL52	122704	-0.014119538429897698	0.0017458479522455912	145
MRPL53	116540	-0.0018717968591411178	-0.002396576168721071	41
MRPL54	116541	-0.004841806555056009	-0.0034261506853735784	215
MRPL55	128308	-0.012944153147478293	0.0005661367847825296	48
MRPL57	78988	0.0034637706212603822	-0.005976958607920605	61
MRPL58	3396	-0.010065475604348412	0.0006861894384284369	223
MRPL9	65005	0.004081523003162919	-0.006120279322420801	29
MRPS10	55173	-0.0034418699589531324	-0.004498657714558532	6
MRPS11	64963	-0.0038127854046307486	-0.0016460494500481577	188
MRPS12	6183	-0.004230663032495507	-0.0021203774870116833	83
MRPS14	63931	0.00609956945545055	-0.008408185244574911	18
MRPS15	64960	-0.008493137758545126	-0.0006365973353169559	81
MRPS16	51021	-0.00765076768514736	-0.0003809646706207364	27
MRPS17	51373	-0.0060411240942198656	0.002340043109337795	236
MRPS18A	55168	-0.003320835083227937	-0.0019395264329577584	74
MRPS18B	28973	-0.01606342705673618	0.0022787229518311906	66
MRPS18C	51023	-0.010643130788445991	0.0001711759089004217	28
MRPS2	51116	-0.016547771705364867	0.004847414786154497	2
MRPS21	54460	-0.012058926877678497	0.0001270600797968623	112
MRPS22	56945	-0.009904849441380596	-0.000715884493870269	208
MRPS23	51649	-0.004963077669006299	-0.0018752752155354732	124
MRPS24	64951	0.014860944605541668	-0.0059236168086478505	46
MRPS25	64432	-0.0029807758989088226	-0.004450887993587443	205
MRPS26	64949	-0.0013327022767488084	-0.0031556894217046965	74
MRPS27	23107	-0.012373494291639846	-0.00011330604522575359	67
MRPS28	28957	-0.0049015631688058125	-0.0010294301903448397	63
MRPS30	10884	-0.005203353300342977	-0.0025327439792188766	205
MRPS31	10240	-0.005065248953727441	-0.002553423569413234	74
MRPS33	51650	-0.015266099555938124	0.0039920926791404505	129
MRPS34	65993	-0.01216583732603408	0.0009293498164121385	104
MRPS35	60488	-0.013097129492277116	0.00046037360530310335	48
MRPS36	92259	-0.009486257295967582	-0.0014262160241600022	44
MRPS5	64969	0.01966151863630782	-0.005438916729229402	59
MRPS6	64968	-0.01859981515801282	0.003690844793619682	135
MRPS7	51081	-0.002071209088884729	-0.00433371627107062	107
MRPS9	64965	0.011559269507881744	-0.006842747012806883	29
MRTFA	57591	-0.011736958408643437	-0.0002483039576016488	105
MRTO4	51154	-0.014642536234350849	0.0021966402241364712	199
MSH5	4439	0.0001090211274560253	-0.003582099704699448	157
MSL1	339287	-0.004497083961654992	-0.0014777734237496176	186
MSRB1	51734	-0.005916806163264907	-0.0033116357350607387	176
MST1	4485	-0.002726676528074953	-0.0038103393090020824	61
MSTO1	55154	-0.009733378906080649	-0.0011950282486838737	176
MT1E	4493	-0.004643040399011722	-0.0033261464452074983	215
MT1G	4495	-0.014014071606101132	0.00156883634518551	223
MT1X	4501	-0.010323134038720271	-0.0012521008492983837	112
MT2A	4502	-0.005892931579266523	-0.0020920616593665966	102
MTA2	9219	-0.0013333315911356236	-0.003545752785249816	68
MTBP	27085	0.0667541406618492	-0.004643853732661942	1
MTCH2	23788	0.0004003848078260042	-0.00387044782439359	128
MTERF3	51001	-0.020027894061483816	0.005841768444862483	2
MTERF4	130916	-0.004376019729091547	-0.002674433915384499	127
MTF1	4520	-0.009354192792975086	-0.0010064484716372408	209
MTFMT	123263	-0.009831825977416771	0.0007568662443178249	139
MTG1	92170	-0.00751506078952113	-0.0009594438346372199	103
MTG2	26164	-0.008939759907996317	-0.0011167043971500499	48
MTHFD1	4522	-0.002499113475548077	-0.00399578703385465	68
MTHFD1L	25902	-0.017831386141055547	0.0030785620730433986	202
MTHFD2	10797	-0.009387530094639622	-0.0002314654223011984	126
MTIF2	4528	-0.00888151311415664	-0.001172384940747947	152
MTMR3	8897	-0.01465595061874267	0.0028614421720870526	181
MTO1	25821	-0.014684242219804817	0.0021470629340833644	145
MTOR	2475	-0.014030662209296094	0.0028551189617669207	160
MTPAP	55149	-0.0023337040468004314	-0.004747614920704416	155
MTREX	23517	-0.006573736061345796	-0.0007955934454842561	47
MTRF1L	54516	-0.005201356824987221	-0.003140758231584951	33
MTRNR2L1	100462977	0.010987119922376614	-0.007350901461444151	35
MTRNR2L8	100463486	-0.015493825039626253	0.005363023554748988	13
MUC16	94025	-0.009561657433505955	-0.0003656241326812286	113
MUC20	200958	-0.004230077961363057	-0.0031279558403021017	15
MUC6	4588	-0.0016315806991837125	-0.0050758684051577276	209
MUS81	80198	0.0029651524015953975	-0.005361468215937214	214
MVB12A	93343	0.0006718426634285372	-0.00395828732735416	8
MVD	4597	-0.00963248316726044	-0.001506706937192646	200
MVK	4598	-0.003040461241985107	-0.0033201001348259385	249
MX1	4599	-0.005228956894721096	-0.0022748270834750065	23
MXRA7	439921	-0.00635684437300674	-0.0015439145598334504	128
MYB	4602	-0.008046825693044426	-0.0019314189164767453	111
MYBBP1A	10514	-0.011416002406092756	0.001361408407773302	160
MYBL2	4605	0.02886126604120038	0.013594747833597093	98
MYBPHL	343263	-0.00185689059028654	-0.004043050522595054	89
MYC	4609	-0.008008436970622663	-0.0016933185201722981	138
MYCBP	26292	-0.005176298370805275	-0.0027310187159982884	194
MYD88	4615	-0.014567796359806628	0.001835994100541433	34
MYH4	4622	-0.005734317151800033	-0.003403082720153929	33
MYH7B	57644	-0.006594253062126219	-0.002109262449980881	149
MYH9	4627	-0.012849091828166449	0.0010732462359936015	169
MYL12A	10627	-0.008246172066639194	-0.0012861241815595164	172
MYL12B	103910	0.010738753884709872	-0.005123647930618396	76
MYL6B	140465	-0.0020476558887436128	-0.0037590642639110895	193
MYL9	10398	0.000693348934130119	-0.002255545219288161	154
MYLK2	85366	-0.009713223273888618	0.0009712182750900054	170
MYLK3	91807	-0.018000263702419413	0.0038731648704996816	210
MYO15A	51168	-0.00541759545391408	-0.003039990504867663	8
MYO18A	399687	-0.002303883681783945	-0.003075867257601073	19
MYO1G	64005	-0.008942761915114434	-0.0007500172631231031	145
MYO1H	283446	-0.008128060926839122	-0.0013010174004665156	96
MYOC	4653	-0.012538498305340448	0.002332615274296353	11
MYRIP	25924	-0.008983052392311721	0.0006505579402465722	45
MYT1L	23040	-0.007744223881694291	-0.0018989318715241373	158
MZF1	7593	-0.013297025753536664	0.0011303479667112075	184
MZT1	440145	0.03050486034969051	-0.0014354927873702719	24
MZT2A	653784	-0.016979239011057565	0.004490355496291101	226
N6AMT1	29104	-0.011716009384116577	0.0008976043518051299	43
NAA10	8260	-0.002904035581917881	-0.0020906607910487897	127
NAA15	80155	-0.004757378963582094	-0.0021230078961155716	70
NAA20	51126	-0.01299993665497435	0.0010782851575726166	180
NAA25	80018	-0.005320766623228578	-0.003347621208359497	138
NAA30	122830	-0.012359978771322654	7.495717864221594e-05	232
NAA35	60560	0.00011436536022017089	-0.004149630867230109	38
NAA38	84316	-0.022234862230318616	0.006100936357891144	14
NAA40	79829	-0.004347411056314873	-0.0034284148465441983	82
NAA50	80218	0.05629572170806692	0.007701250746594666	4
NAALADL1	10004	-0.01250930744935083	0.0015687894034945725	41
NACA	4666	0.04548977708430104	-0.01118378954834074	125
NACAD	23148	-0.00919800457165814	-0.0014338614274735698	182
NACC1	112939	0.00046496125182730614	-0.0057480929355448705	6
NADK	65220	-0.015893590205026942	0.002307611261345425	120
NAE1	8883	0.004260037201982743	-0.006048217450330281	68
NAF1	92345	-0.013202701351566131	0.0024352765317270154	136
NAGK	55577	0.00433638745132048	-0.004059778218826819	246
NAGLU	4669	-0.00788579892719957	-0.0013559246677645165	43
NAMPT	10135	-0.01320345168977518	0.0007086480350951851	192
NANOG	79923	-0.013266673687214039	0.0020297458402619554	120
NANOS1	340719	-0.008101347508282694	-0.0018012916099383197	8
NAPA	8775	-0.007400931879714242	-0.0012131929146203368	101
NAPG	8774	-0.014368495972737632	0.003253569449816999	181
NAPRT	93100	-0.012990232097748692	0.000948159490779329	34
NARS1	4677	-0.019527135946807148	0.011967002888036043	106
NARS2	79731	-0.013521407674734889	0.002846398484040904	39
NASP	4678	-0.01388749181005513	0.0009280267091015698	79
NAT10	55226	0.0008974488261803728	-0.0017741411743306247	41
NAT14	57106	-0.01302398298142148	0.0002254143285965496	97
NAT8	9027	0.00546207645770972	-0.00677064436739883	108
NAV1	89796	-0.0039324937819021615	-0.002901125330705325	149
NBAS	51594	-0.009804191840336028	-0.001011927973727044	194
NBEAL1	65065	-0.014931083627332815	0.0030488756935189766	240
NBPF10	100132406	0.011474145912678618	-0.00439805534981429	1
NBPF11	200030	0.014846608188341678	-0.008134980884282373	1
NBPF12	149013	0.028551329437654635	-0.012629061465166192	1
NBPF15	284565	0.03269135199434047	-0.011895746125255067	20
NBPF3	84224	-0.0011785236878552683	-0.00484868449399281	36
NBPF6	653149	-0.012799065910421277	0.001233990533580479	43
NCAN	1463	-0.008510310132944272	-0.0005730634753989937	63
NCAPD2	9918	0.008329885441182122	-0.006202094209897717	77
NCAPD3	23310	0.019215926305627767	-0.010470719944855534	10
NCAPG	64151	0.024247327365814315	-0.009928533120935898	30
NCAPG2	54892	0.015705465328203886	-0.008818086626401003	10
NCAPH	23397	0.013383811574237748	-0.007024820373219109	59
NCAPH2	29781	0.01929628636387475	-0.008800446112316895	10
NCBP1	4686	0.027217009413300994	-0.009247242322823352	221
NCBP2	22916	0.0031521672054019667	-0.004925846354866841	143
NCBP3	55421	-0.002365663642552508	-0.004859540286701818	33
NCKAP1	10787	-0.007816640927392723	0.0016123523492985532	11
NCL	4691	-0.002443004025685858	0.026265702331778003	0
NCLN	56926	0.002187798612292959	-0.005331192111729306	88
NCOA2	10499	-0.007509638785156158	-0.0027313202706530397	149
NCOA4	8031	-0.006590116037983833	-0.002749819427026759	17
NCOA5	57727	-0.003274193920406641	-0.003625980280101521	42
NCOR1	9611	-0.0012735105093044517	-0.004403161499676152	42
NCOR2	9612	-0.013410794641341324	0.0013091492231504676	87
NCR2	9436	-0.011759733880542323	2.4924589660628712e-05	184
NCR3	259197	-0.008268904057273124	-0.0017170282614467351	28
NDC1	55706	-0.0007088113717209914	-0.004465202235629568	141
NDC80	10403	0.020938172185087273	-0.006594463156986793	168
NDE1	54820	0.008153271007706436	-0.0059695358232006454	82
NDOR1	27158	-0.013899059367312127	0.0012887372321379919	34
NDRG3	57446	-0.012360594528974336	0.005842053388210314	13
NDST2	8509	-0.003942440681910779	-0.004020084737836559	8
NDUFA1	4694	-0.001997535757110929	-0.002723820702874964	99
NDUFA10	4705	-0.0041975222870752	-0.002671970105903739	63
NDUFA11	126328	-0.0025719645276402166	-0.0032586850321454463	157
NDUFA13	51079	-0.0006811606567890531	-0.0028691753278650323	70
NDUFA2	4695	-0.001755154537592411	-0.003719158874912403	157
NDUFA3	4696	0.001465016226683318	-0.005274942685909067	68
NDUFA4	4697	-0.0020293514494427907	-0.004925612447485729	33
NDUFA5	4698	-0.006537301621057101	-0.002468013810558991	111
NDUFA6	4700	-0.01403441752639127	0.0015964155830839758	137
NDUFA7	4701	0.0011972185504189544	-0.0046765890239264096	88
NDUFA8	4702	-0.011733102371224073	-0.0006563861767856825	32
NDUFA9	4704	0.00038360531716485083	-0.003902408759068732	140
NDUFAB1	4706	-0.010041211406813078	3.351357071735806e-05	34
NDUFAF1	51103	-0.013516907998627627	0.0014965127518868455	159
NDUFAF3	25915	-0.0020138138094155074	-0.0035933498918250583	15
NDUFAF4	29078	-0.00686181021068399	-0.0017717825414061419	151
NDUFAF5	79133	-0.012462285091522847	0.0019216609749094283	60
NDUFAF7	55471	-0.014904789713901283	0.0019466050097995853	210
NDUFAF8	284184	0.005109071728286928	-0.004686582018144936	166
NDUFB1	4707	-0.013170426851721553	0.0018780982997704573	50
NDUFB10	4716	-0.008858424155388933	-0.0015226820102601528	123
NDUFB11	54539	-0.004828092025075969	-0.0032918004107030507	107
NDUFB2	4708	-0.017387378249179426	0.0028365422138110865	199
NDUFB3	4709	-0.00383998399281351	-0.0015765800098539767	93
NDUFB4	4710	-0.0022872598869630436	-0.002336297069416797	63
NDUFB5	4711	-0.01951792674169589	0.0042899144595534774	14
NDUFB6	4712	-0.001319402228597346	-0.0030639165620901607	214
NDUFB7	4713	-0.007724132128673138	-0.0014754556402229453	12
NDUFB8	4714	-0.01464342772756641	0.0009951515711354552	146
NDUFB9	4715	-0.0037435815635987655	-0.002230120431002077	15
NDUFC1	4717	-0.0031452315438755696	-0.004633534912487485	17
NDUFC2	4718	0.0010944222798128914	-0.005832090596049043	33
NDUFC2-KCTD14	100532726	-0.02074299171006845	0.004341706803466271	14
NDUFS1	4719	-0.01409860589203658	0.0020408620977350016	145
NDUFS2	4720	-0.010252030146590306	-0.0010333756961154528	67
NDUFS3	4722	0.00027296698781006695	-0.005220482839405801	61
NDUFS5	4725	0.0012873841127302352	-0.005889154565493759	82
NDUFS7	374291	0.0008304746324896576	-0.0031584457282093532	85
NDUFS8	4728	-0.014013177736946079	0.0028039288255461456	181
NDUFV1	4723	-0.00812608905281263	-0.0010113862562007349	214
NDUFV2	4729	-0.009085472462177186	-0.0008863978489833874	179
NEDD1	121441	0.06074754235171139	0.01677571333274642	98
NEDD8	4738	0.023018309749249455	-0.013329292611019837	57
NEFM	4741	-0.016639954228205963	0.00279736669708927	43
NEIL1	79661	0.0006288265896819524	-0.0052972661195451794	141
NEK1	4750	6.77308013968144e-05	-0.005819585689786926	6
NEK2	4751	-0.011986959897516197	-0.00024705469018881	183
NEK6	10783	-0.008296838357344748	-0.0010661939876554284	180
NELFA	7469	-0.0037268062714864536	-0.0017793064503711163	154
NELFB	25920	-0.010940928877906245	0.0016357948128086237	129
NELFCD	51497	-0.0052241853322827275	-0.0006279620096457362	41
NELFE	7936	-0.0002179744894150619	-0.0020488517229476553	31
NEMF	9147	-0.002551389444260099	-0.0038474878323924593	165
NEPRO	25871	-0.012993864199409039	0.0033920277456380753	11
NEUROG3	50674	0.00410793378578928	-0.002371533105249069	25
NFATC2IP	84901	0.005846645110466764	-0.006369831348843905	143
NFATC4	4776	-0.008116176374658385	-0.0012104715807581188	43
NFE2	4778	0.002827616043960798	-0.005568170730717156	68
NFE2L1	4779	0.0014763826324966957	-0.005444634600842704	143
NFE2L2	4780	0.00019234284256875047	-0.00018228313154998335	38
NFE2L3	9603	-0.014562732658372702	0.0018663633130858398	167
NFKB2	4791	-0.007733998507739956	-0.0015645432129323949	89
NFKBIB	4793	0.0030781708853005922	-0.004500353305132916	228
NFKBIE	4794	0.006710072609247221	-0.006464193236857513	61
NFRKB	4798	-0.002879779516207899	-0.0022424142322276467	63
NFS1	9054	0.0005155130296566246	-0.006808624154289243	6
NFU1	27247	0.0020290489311211393	-0.003217654751482929	128
NFYA	4800	0.020356275635162614	-0.01040316940258393	108
NFYB	4801	0.010091312044383025	-0.004492391108569905	154
NFYC	4802	0.006580918542550284	-0.005072814229070082	154
NGDN	25983	0.009773802443312307	-0.005232300992652058	51
NGLY1	55768	-0.019494646228036688	0.00508307814303424	136
NGRN	51335	-0.007665077367671128	-0.0014112762574361917	148
NHLRC2	374354	-0.0072702669281009226	-0.0017066772174934666	158
NHP2	55651	-0.010838339657241852	-9.012605440403871e-05	16
NHSL1	57224	-0.013192808426267745	0.001741177614332525	206
NIBAN3	199786	-0.011025764703919166	3.883760255133387e-05	113
NIFK	84365	-0.002085337060488448	0.0276870547596453	0
NINL	22981	-0.02021272502042008	0.003993808054486568	14
NIP7	51388	-0.007616249968326138	0.018991683335512387	26
NIPAL2	79815	-0.008535838467536229	-0.00238757145286021	36
NIPBL	25836	-0.015741960065875856	0.0032234784177781447	34
NISCH	11188	0.015509852281783471	-0.008598074180794793	220
NKAP	79576	0.00042220939240652643	-0.004497527268217536	40
NKAPD1	55216	-0.01627045531178103	0.003446325042433315	226
NKTR	4820	0.0012474561191520273	-0.003178574041678012	131
NKX2-5	1482	-0.018446111711810483	0.003349353845414693	135
NKX6-1	4825	-0.01646948556103442	0.004222860204339858	2
NLE1	54475	-0.00445342294490014	0.0018698924571601146	93
NLRP13	126204	-0.019338744804357173	0.004995983178613678	14
NLRP2	55655	-0.0016230428041079988	-0.0055914529602123664	197
NMD3	51068	-0.004088290382969931	0.03384857190059913	0
NME2	4831	-0.0035441045945584088	-0.00524479421280464	7
NME5	8382	-0.00744167482558144	0.0003564119699392551	11
NME6	10201	0.0036290402256307416	-0.004071420952286258	174
NMNAT1	64802	-0.006181118681710368	-0.0006409267626411511	63
NMT1	4836	-0.008782600542376152	-0.001528754872672971	171
NOA1	84273	-0.004012230932535987	-0.003167342526123238	241
NOB1	28987	-0.009134698731112495	0.0016138321199693766	95
NOC2L	26155	0.003300444301504071	0.004495007940876221	117
NOC3L	64318	-0.006030023515534917	-0.0027142801781296325	17
NOC4L	79050	-0.004408491580710401	-0.0004902703648058023	121
NOCT	25819	-0.016089957671082376	0.0021060961521992883	92
NOL10	79954	-0.019829968518567404	0.011199646409875494	106
NOL11	25926	-0.011242756919673151	-0.000384559590747273	208
NOL12	79159	0.0030188232313153704	-0.0038805568679798775	29
NOL6	65083	0.017780327567829393	-0.008233975971051966	35
NOL7	51406	-0.015538197082502923	0.003961277270618584	181
NOL8	55035	-0.01147547194598653	0.010958848815410463	191
NOL9	79707	-0.017233022106426802	0.004863972364703412	58
NOLC1	9221	-0.015244922435834295	0.0037021557070770704	204
NOM1	64434	-0.017460572175541093	0.003357791429388562	79
NOMO3	408050	-0.009290706362729585	0.0005806211343413254	164
NONO	4841	-0.021520349727657886	0.008103778816198141	58
NOP10	55505	-0.01636935359195528	0.00223397108917018	92
NOP14	8602	-0.0019507547016716505	-0.003328518860471537	148
NOP16	51491	-0.010645928181174344	0.02305121464482483	26
NOP2	4839	-0.01661729106993358	0.017090201219110902	106
NOP53	29997	-0.002956075419243048	0.03866185609053542	0
NOP56	10528	-0.011687878144189066	0.014836668195894962	26
NOP58	51602	-0.009541444720648912	0.015650799403522625	9
NOP9	161424	-0.00977669518902473	-0.000969681477459708	69
NOS1	4842	-0.012395884427766065	0.0006110184600913446	235
NOS1AP	9722	-0.00649934814031448	-0.0018932636207569446	56
NOSIP	51070	-0.011439707727668069	0.00033225085538514306	219
NOTCH2	4853	-0.013801873677619534	0.0010065701902320344	229
NOTCH2NLA	388677	0.006644754195321195	-0.007476006547353041	12
NOTCH2NLB	100996763	-0.005047223681473704	-0.0039678959263654764	53
NOXA1	10811	-0.011831046049263903	0.00023487214919751465	192
NPAS4	266743	-0.00528698051188581	-0.0024222416799406744	12
NPAT	4863	0.003027323267577357	-0.004949968612161676	82
NPB	256933	-0.012343435146357174	-0.00013329760553363733	190
NPC1L1	29881	-0.014627071129604447	0.002049997953477358	50
NPEPPS	9520	0.007729432628854094	-0.008627908266152914	55
NPIPA1	9284	0.020619721285814924	-0.006978457640258085	1
NPIPA3	642778	0.02483416350559633	-0.008227070668348687	1
NPIPA5	100288332	-0.0008821355832645955	-0.004196972295809126	222
NPIPB13	613037	0.015455980324671312	-0.005192212152510747	174
NPIPB5	100132247	-0.0031931958622130182	-0.0037708428538406344	62
NPIPB6	728741	0.03333002595810669	-0.007178651552858713	1
NPIPB8	728734	0.025959765832666484	-0.00829594798868999	1
NPLOC4	55666	0.011113534745261722	-0.008506715952448613	108
NPM1	4869	0.006946921488172319	-0.008021658622593983	18
NPM3	10360	-0.009376160107910548	-0.0001622586490624326	172
NPR1	4881	-0.00983158082271425	-0.0010136403653877553	67
NR0B2	8431	0.011026706945749325	-0.009326506840649085	108
NR2C2AP	126382	-0.00845164143946839	-0.000577079641897595	113
NR4A2	4929	-0.014278008966925018	0.0017220537655483212	49
NRAS	4893	-0.006632547813185621	-0.0008409541762665566	151
NRBF2	29982	-0.0040957759738999636	-0.002540603565211355	227
NRBP1	29959	-0.005404056418105765	-0.0021915400507258338	148
NRDC	4898	-0.00593393374838425	-0.0028519548286321033	209
NRDE2	55051	-0.00804877184406961	-0.0020802381391280935	215
NRF1	4899	0.008299804338731639	-0.008880647005302693	177
NRIP2	83714	-0.004195999722401207	-0.003737229617487956	156
NSA2	10412	0.013499404318889867	0.01667748641440322	0
NSD1	64324	-0.013042882305128236	0.0016437762584931407	5
NSF	4905	-0.0018775318226905086	-0.004726063956563188	7
NSFL1C	55968	0.0011754222363118143	-0.005329841813235528	57
NSL1	25936	0.0266613946190314	-0.0020479001342878444	24
NSMCE1	197370	-0.005735897689101526	-0.0008367962822887613	11
NSMCE2	286053	-0.014031710487016439	0.001645987440325883	97
NSMCE3	56160	-0.004384298154425825	-0.0029272917954308924	180
NSMCE4A	54780	-0.021563596944036135	0.006263216234440658	2
NSMF	26012	-0.002074251908506665	-0.004427547760869258	118
NSRP1	84081	-0.0027977143477082795	-0.004848032793298918	7
NSUN4	387338	-0.005249220272404804	-0.002339946200501387	142
NT5C	30833	-0.008328557928582656	-0.0005549302954225463	87
NT5C3B	115024	-0.003726452624927756	-0.003856936776366919	8
NTF3	4908	-0.014512269401746202	0.0011592758320553194	146
NTF4	4909	-0.008161980686429938	-0.0009679451572752979	218
NUBP1	4682	-0.007839189794031276	-0.0006530503274956423	121
NUBP2	10101	-0.010745971692409992	0.0004304479858260876	109
NUBPL	80224	-0.011284679177763428	0.00028446280221627537	44
NUDC	10726	-0.008879477490318604	-3.891039159953381e-05	133
NUDCD3	23386	-0.014321992022312659	0.003052976094327064	109
NUDT16L1	84309	-0.002296503963741774	-0.0016831181963137833	241
NUDT17	200035	-0.005344688677833913	-0.002923861390852253	83
NUDT21	11051	0.008541622799786503	-0.007970490998773718	238
NUDT4	11163	-0.0007392870557416614	-0.005157242590544091	42
NUDT4B	440672	0.0038272037914976655	-0.005393484563015032	29
NUF2	83540	0.09556840847626691	0.040242128844471196	4
NUFIP1	26747	-0.0002451129433222849	-0.0040957454015765615	68
NUFIP2	57532	-0.016986174906798532	0.004808644903068495	187
NUMA1	4926	-0.015333048190578694	0.002140563968766787	50
NUP107	57122	-0.021009472631742566	0.01020524091809546	106
NUP133	55746	-0.006755778863319609	-0.0029769950260389055	21
NUP153	9972	-0.014312877935254877	0.0031603189587636115	104
NUP155	9631	-0.01590775508518395	0.0028278680104113605	167
NUP160	23279	-0.012870609970739846	0.006085212094395874	191
NUP188	23511	-0.008631419492054987	0.00019047315442945106	113
NUP205	23165	0.0009320600904211768	-0.0010945828373823392	38
NUP214	8021	-0.006064565072042511	-0.0014010394662514632	41
NUP35	129401	-0.01087319752356405	0.007581441304900196	191
NUP37	79023	-0.013117334067157193	0.00046762933298179904	199
NUP43	348995	-0.008188951469518004	-0.002011313962766736	21
NUP50	10762	-0.016069937753010504	0.003847424718923649	72
NUP54	53371	-0.016286652375627018	0.0061461713084776555	100
NUP58	9818	-0.012017196803578005	0.0003235833954036848	219
NUP62	23636	0.008534499717020472	-0.0024891454504140276	174
NUP85	79902	-0.010122166894523112	-0.0005723359948629457	92
NUP88	4927	0.0006178526523952358	-0.0038661969734705244	186
NUP93	9688	0.015802394304772285	-0.006148610571715281	51
NUP98	4928	0.0010178682328586815	-0.004656926875426565	162
NUPR2	389493	-0.015202351881948507	0.0017995696607478282	104
NUS1	116150	-0.0056486785774787955	-0.001932716113066893	234
NUTF2	10204	0.02030740000086895	-0.007245672782310425	59
NVL	4931	-0.009578133353261787	-0.0005236282250777887	218
NXF1	10482	-0.012359481460313128	0.0026219579528094002	65
NXT1	29107	-0.014228898850052489	0.002286422709029032	27
NYAP1	222950	-0.0020505503404553466	-0.003600229460134922	227
NYNRIN	57523	-0.015044169944054664	0.001279146799515193	54
OAZ1	4946	-0.00593129866944881	-0.0027397148759157964	114
OBP2A	29991	-0.0038352300342597767	-0.0036878653923957346	154
OBSCN	84033	-0.012281826698194368	-5.6038478307133315e-05	229
OBSL1	23363	0.004462051587176509	-0.0037766335069993823	51
ODR4	54953	-0.007295915697013244	-0.0020245969270278686	17
OGA	10724	-0.014649300102164026	0.002471755985582528	49
OGDH	4967	-0.01444037851542433	0.003163307104317339	109
OGFOD1	55239	-0.003306427147049944	-0.003544042984109791	89
OGFR	11054	-0.013954409180636956	0.003227211257352	13
OGT	8473	-0.008176321861617547	0.0044511019989104065	94
OIP5	11339	-0.013520838205803841	0.0012928987076250263	27
OLFML3	56944	-0.0019204733348980112	-0.00444140159942903	118
OPA1	4976	-0.003365753103078144	-0.0039655721602168065	197
OPN4	94233	-0.006185089732188818	-0.001710971555353091	85
OR10A4	283297	-0.008875685366760571	-0.0008587129344290073	234
OR10C1	442194	-0.010028816034800523	-9.760706333035271e-05	201
OR11H1	81061	-0.003099100332856025	-0.0034976854413398214	8
OR1D2	4991	-0.013030965214876133	0.0017159202207071064	97
OR1E2	8388	-0.004202604725368338	-0.004450644593949405	21
OR2A1	346528	-0.02058741176284601	0.006079378347077344	2
OR2A4	79541	0.012033396759852738	-0.006363803850251195	46
OR2T29	343563	-0.016734821511681347	0.0025762744589801303	5
OR2T5	401993	-0.0034209666701258724	-0.003342374158087383	107
OR3A3	8392	-0.012803394305573885	0.0019331399995480465	37
OR4A47	403253	0.006735258590604447	-0.005056033002486943	25
OR4D1	26689	2.8704654732926378e-05	-0.004712358303244203	62
OR4D2	124538	-0.005088670622036996	-0.004242432875656775	53
OR4D9	390199	-0.013185789299402227	0.0009156613139087053	50
OR4F21	441308	-0.006693948739277289	-0.0012072141555509897	63
OR4F29&OR4F16&OR4F3	26683&81399&729759	-0.0032573228117637205	-0.002788943780258476	144
OR4F4	26682	0.0019223175062686403	-0.0061904403186726605	141
OR4K1	79544	-0.00887108327285237	-0.0009544989561812992	134
OR4N2	390429	-0.006842627125940491	-0.0014724595747281344	151
OR51I2	390064	-0.007081646018458519	-0.0006687274088537748	63
OR5L2	26338	-0.014108507085146453	0.003125231745117942	73
OR6C6	283365	-0.013693138751495524	0.0024613555352101433	39
OR7A10	390892	-0.01152529739204546	6.165021511393549e-05	103
OR7A17	26333	-0.015699608305727062	0.002528698927876472	189
OR7G1	125962	-0.013891520729622926	0.001618643772005764	198
OR7G2	390882	-0.011598605315950054	0.0007668785132252991	112
OR7G3	390883	-0.008760689980833306	-0.0017641633948129111	114
OR8A1	390275	-0.014800577966732153	0.002292127893719786	179
OR8I2	120586	-0.011822908734081213	4.8584937488991976e-05	232
ORC1	4998	0.07255259682318399	-0.0022466832282641925	1
ORC2	4999	-0.0013439170427109262	-0.004161030332622852	143
ORC3	23595	-0.008272104972346145	-0.0018068264175398292	138
ORC4	5000	0.003795713825359131	-0.003771108230783892	31
ORC5	5001	-0.014371223260205622	0.0015195346344808066	79
ORC6	23594	0.055561616754025156	-0.008784102809479206	1
OS9	10956	-0.009131346189469728	0.0006574592363567537	27
OSBP	5007	-0.009048599507571323	-0.00136771648168202	209
OSBPL7	114881	0.009464995158018855	-0.010522163851884543	177
OSGEP	55644	-0.005694610976478895	-0.0022774465651592755	127
OST4	100128731	-0.0025654356674236736	-0.004510451085382315	55
OSTC	58505	-0.0031851292887178292	-0.0002640713922804721	38
OTOF	9381	0.014580877856954123	-0.009498336466325115	10
OTOP1	133060	0.018567975362014814	-0.006804466290634549	59
OTUD5	55593	-0.018098450563739096	0.0066125886169144665	167
OTX1	5013	0.006957497015847513	-0.00516535959205081	227
OVCA2	124641	-0.006532635944271209	-0.003175514109171722	217
OVGP1	5016	-0.005897790841574846	-0.0013402891209892771	23
OVOL2	58495	-0.010766545007488812	-0.0003965739086395439	132
OXA1L	5018	-0.008984720204632752	-0.000306057012849769	103
OXCT2	64064	-0.008064423729573665	-0.0028382076303885605	189
OXER1	165140	0.0013206617286784371	-0.003282381400671094	19
OXSM	54995	-0.011217844658901771	0.0005906891554213654	235
P3H1	64175	-0.001362204153436527	-0.005444398901415948	36
P3H4	10609	-0.014991430207631901	0.003864049342949416	39
PA2G4	5036	-0.008724137200543583	-0.00030893931230978377	47
PABPC1	26986	0.0061711514101352545	-0.0038480973155327228	35
PABPC1L2B&PABPC1L2A	340529&645974	-0.004298110569467729	-0.0034389518961741175	47
PABPN1	8106	-0.007685789504912528	-0.0008291339544745103	127
PABPN1L	390748	0.002945973117695895	-0.007028308427851743	55
PACS1	55690	-0.006410038594836605	-0.0003465073952534366	41
PACS2	23241	-0.008574017991844417	-0.0020845929164347134	78
PAF1	54623	-0.00735770114991183	-0.0004828429904396559	192
PAFAH1B1	5048	0.06005903157148851	0.006906929864248393	4
PAGR1	79447	-0.0014237147119459117	-0.005287774492155373	177
PAICS	10606	-0.01049591275202335	0.0003959787962230542	225
PAK1IP1	55003	-0.002879169728769217	0.005136802378884524	236
PAK2	5062	0.005413877417693162	-0.007185580664544953	57
PALB2	79728	-0.0018550366931836743	-0.0022553274961748192	165
PALM	5064	-0.00907221925465683	-0.0016112773866950088	28
PAM16	51025	-0.015860690262143356	0.002680380003299136	73
PAN2	9924	-0.012781252699802313	0.0005874916750245167	54
PANK3	79646	-0.006251633501528828	-0.0013644382657344986	161
PAPOLA	10914	-0.013067325457994822	0.0015205317022849696	60
PAPOLG	64895	-0.009884444747383266	0.0013584149445561384	133
PAQR3	152559	-0.00973773616622957	-4.7924254709577225e-05	65
PAQR6	79957	-0.005377977212478505	-0.001409944016413134	161
PARD3	56288	-0.0019891271248346043	-0.0041666787252822345	6
PARD6B	84612	-0.0038434589792275126	-0.0015827769649563723	110
PARL	55486	-0.006758176577218106	-0.00271846550772655	114
PARN	5073	-0.003133433579826221	-0.00432088518884547	55
PARP10	84875	-0.013791088488921077	0.0010680333301352658	198
PARS2	25973	-0.007284754020937019	-0.0023122442815195782	148
PATZ1	23598	-0.0021160535049686204	-0.005076459346717701	7
PAX5	5079	0.008444978320677742	-0.007367746512452267	220
PAXBP1	94104	0.018632896056068902	-0.006920601471999158	77
PAXIP1	22976	-0.006932443514707935	-0.001813239440433603	85
PBRM1	55193	0.003452521581707287	-0.006789786310135405	82
PBXIP1	57326	-0.0028645493724627014	-0.0019478061262735743	19
PC	5091	-0.015423357965598919	0.0028194133926027235	240
PCARE	388939	0.004332609445259135	-0.004419297088571123	31
PCBP1	5093	0.013595917940167943	-0.005674580967220986	76
PCBP2	5094	0.004139486355241498	-0.004508363891488676	31
PCDHA13	56136	-0.016060534675144626	0.001938959753765639	163
PCDHA4	56144	-0.015483313078867456	0.0020301623987038562	75
PCED1A	64773	-0.009503004776630002	-0.0014163167326494916	134
PCED1B	91523	-0.009504141581515293	-0.0008460701700188178	95
PCF11	51585	0.02782872687200802	-0.0009585815671342801	24
PCGF2	7703	-0.009978451795700083	-0.0015537283768564405	112
PCGF6	84108	0.008666669034137398	-0.007617513034430677	10
PCID2	55795	-0.012936404395627259	0.001233435581711458	160
PCM1	5108	-0.015231307709224168	0.001934532285455889	69
PCMTD2	55251	-0.014378650537079304	0.0014719680770745038	69
PCNA	5111	0.0657801105667832	-0.006134136849014212	1
PCNP	57092	-0.009965978892086464	-0.0011261348956429498	132
PCNT	5116	-0.00498348756323557	-0.0025286381827507236	122
PCNX3	399909	-0.017525605745579598	0.0036630151096902173	91
PCP2	126006	-0.009561246446329242	-0.0011352156401684245	56
PCSK9	255738	-0.012545034279063286	0.000276155283156241	231
PCYT1A	5130	-0.017710375663394857	0.0035315609042063894	66
PCYT2	5833	-0.010617996829021639	-0.0012366310988303814	71
PDAP1	11333	-0.003693121913728487	-0.0028929638417040933	110
PDCD11	22984	-0.004729783876429117	0.004048626944638163	164
PDCD2	5134	-0.009395175537443961	0.0010673974025814706	101
PDCD2L	84306	-0.012949594898319474	0.0005528641597750638	169
PDCD5	9141	-0.004257320965638656	-0.0033706407472099327	178
PDCD6	10016	-0.012814251852706167	0.0016319053152573351	223
PDCD6IP	10015	-0.004554309138351794	-0.004087407075582751	18
PDCD7	10081	0.009409121744119982	-0.006220562709384167	77
PDCL	5082	0.0043273402598720525	-0.0043869832412692066	40
PDCL3	79031	0.014236751036369413	-0.0039162173143031465	51
PDE12	201626	-0.013481066961054505	0.0018153279696432707	139
PDE1B	5153	-0.014646984054579105	0.002045836199907323	73
PDE4A	5141	-0.01991085428924026	0.005687337398935893	58
PDE4C	5143	-0.011275048230030713	-0.0006923041915443256	134
PDE4DIP	9659	-0.005045895245001338	-0.0030156058712250233	149
PDE7A	5150	-0.014462677801827624	0.0015559621487013123	173
PDGFRA	5156	-0.00387919171191778	-6.660568303137872e-05	38
PDK2	5164	-0.0008848619340156211	-0.00592201210678037	53
PDPK1	5170	-0.01657514998874187	0.00316096235703151	160
PDRG1	81572	-0.004852759502136289	-0.003169065233297932	200
PDS5A	23244	0.018581713915433222	0.000513312445626682	24
PDSS1	23590	-0.011360057842575228	0.0018762794355677555	11
PDSS2	57107	-0.014436231545704097	0.0012268190827048003	92
PDXK	8566	-0.009023565244924162	-0.0004231704867463361	161
PDZK1	5174	-0.012767393692046752	0.0010901404689662624	23
PDZK1IP1	10158	0.0006411850442385454	-0.005611280409267718	193
PEF1	553115	-0.008306159825657248	-0.002426153293123196	17
PELI3	246330	-0.006856456571414269	-0.0009225671463548596	192
PELO	53918	-0.012396770512876892	0.0001989697629921295	114
PELP1	27043	-0.01467749795180431	0.001679083936169268	199
PER2	8864	-0.012822787711396425	0.0012907044618658114	120
PES1	23481	0.004395439226697255	0.029933403814346258	0
PET100	100131801	-0.013316270913243531	0.00019470874354812575	71
PET117	100303755	-0.01415731625385911	0.003039141723311522	39
PEX1	5189	0.00047405228723308387	-0.004438255082871983	249
PEX10	5192	-0.014393965018204844	0.0015527131449688983	50
PEX11B	8799	-0.000501416845189997	-0.005864399829219386	224
PEX12	5193	-0.007711977986834059	-0.0017968097890045983	115
PEX13	5194	-0.005087956989309812	-0.003643473937049861	175
PEX14	5195	-0.01659469197021242	0.003031162245867891	14
PEX26	55670	-0.009941811688350883	-0.00025718226193122243	169
PEX5	5830	-0.015102151072399294	0.0012402823177333554	92
PEX6	5190	-0.008589690158415236	-0.0011956590207850924	99
PF4	5196	0.0010382291556423205	-0.0033046740788263296	31
PFAS	5198	-0.0007809322818035178	-0.00587102020097503	18
PFDN1	5201	0.00027213049648678765	-0.0016553425994116158	99
PFDN2	5202	-0.005030756146926139	0.000715992269487917	47
PFDN4	5203	-0.006166867930169191	-0.0018942352177648573	127
PFDN5	5204	0.0033304778007636096	-0.0045455240451516415	38
PFDN6	10471	-0.017758645547479957	0.0035085173276767495	69
PFKFB4	5210	0.003464664214744439	-0.004090423819576515	76
PFKL	5211	-0.02077606585448597	0.0068669006788238595	22
PFN1	5216	-0.012186604444604614	0.000909182995705983	44
PGAM1	5223	0.021444182612498024	-0.010089165109018467	1
PGAP6	58986	-0.0005258079333362506	-0.005191539114816272	61
PGBD2	267002	-0.014930064108029564	0.0021531131079273336	204
PGD	5226	0.011450673106351743	-0.002380129148474239	154
PGGT1B	5229	-0.001699980072052119	-0.0037579633256924956	36
PGK1	5230	-0.018621615648131674	0.004972428808067461	49
PGLS	25796	-0.01747087152510734	0.003756334683804547	210
PGLYRP1	8993	-0.013378977202570788	0.008354834588174199	13
PGM3	5238	-0.0025673826674413058	-0.005402212700335993	21
PGM5	5239	-0.002447234822484414	-0.0019974556500148965	90
PGP	283871	-0.01214228662309282	0.00016890791809082265	87
PGPEP1	54858	0.0002662549939329478	-0.005260796536828524	197
PGS1	9489	-0.004145456037028446	-0.004039049150878922	142
PHAX	51808	0.021329956955235457	-0.008537300069704445	77
PHB	5245	-0.002443784611129903	-0.005051441436705456	7
PHB2	11331	-0.020083333688189917	0.015237348939780297	106
PHC1	1911	0.0032737809663192707	-0.005006040960255014	29
PHF1	5252	-0.000682997798991323	-0.0029458066242697917	19
PHF12	57649	-0.004987384744305613	-0.0036834124102309265	8
PHF2	5253	-0.0003048523091059668	-0.005371896365605542	197
PHF20	51230	0.009684711216009266	-0.008066726098514441	10
PHF23	79142	-0.005038491608794564	-0.0022746709528097164	96
PHF5A	84844	0.05214061268402894	-0.0043691837164955795	1
PHF8	23133	-0.005148300718220756	-0.0033154897424743286	8
PHGDH	26227	0.0025619177353976576	-0.005261262000832704	36
PHKG1	5260	-0.0013151349321453383	-0.004931097888538586	42
PHLDB1	23187	-0.015597534099310967	0.0029423467143361	34
PHLDB3	653583	-0.017063541460148955	0.0033280906832813015	173
PI4KA	5297	-0.013554875506154546	0.005945257605142485	13
PI4KB	5298	-0.0030943361667745283	-0.001272437383501258	47
PIAS1	8554	-0.013532987168592499	0.003110610154278681	37
PIAS4	51588	-0.011580105589889093	0.001194233004292926	126
PIGB	9488	-0.014777381727227732	0.0019385195139588072	173
PIGH	5283	-0.007060701968701919	-0.0015618848915590902	113
PIGO	84720	0.030121716725104192	-0.011431018447996334	30
PIGQ	9091	-0.014600626228521481	0.004161753283699824	49
PIGS	94005	-0.010069710658078287	-0.001679786326641418	212
PIGV	55650	-0.0019852542300246266	-0.005472245411092568	6
PIGW	284098	-0.007064182524936915	-0.003391407713289413	17
PIGX	54965	-0.01346596988359996	0.001830699428993731	181
PIH1D1	55011	-0.013128666238487512	0.0019929072624844135	80
PIK3C3	5289	0.008870363587961599	-0.003811621460077236	51
PIK3CA	5290	-0.002970789967867542	-0.001508629534265595	38
PIK3CD	5293	-0.006569926332128987	-0.00147198434450833	70
PIK3CG	5294	-0.007624902907624973	-0.0022135103532244693	156
PIK3R2	5296	-0.010393580350999012	0.00037679620250517337	81
PIK3R4	30849	-0.0051489233775209135	-0.0028854848774108317	228
PIK3R5	23533	-0.011056787163037492	0.0005529767719767497	137
PILRA	29992	-0.013529350467493519	0.002384844217082078	206
PIM1	5292	-0.015282932235845495	0.0026201127048529655	206
PIM2	11040	-0.016826802942850272	0.0027911060528323832	79
PIP4K2A	5305	-0.0014113171709429892	-0.005801091330850257	18
PIP4K2B	8396	0.0020618342387663737	-0.0054774526659349294	42
PIP5K1A	8394	-0.0012754595770800728	-0.003245084537195027	162
PISD	23761	-0.012697210489347254	0.0018985235761155542	109
PITPNM1	9600	-0.021347225033742697	0.007076381998252885	2
PITRM1	10531	-0.010654869947945827	0.001237393813239712	101
PKD1	5310	-0.01726617591929054	0.0031721128169304473	22
PKM	5315	0.00044559596349717415	-0.002350593553163248	31
PKMYT1	9088	0.0033526801401415943	-0.005518776408432089	25
PKN2	5586	-0.0013401122159863279	-0.004574272525903232	42
PLA2G10	8399	0.029159036650585734	-0.0035099146231995764	119
PLA2G4D	283748	-0.021214856089826796	0.009140075579867657	14
PLA2G4E	123745	-0.015937185613518583	0.0028485228113119617	245
PLAC8	51316	-0.015008274274314296	0.0032067659914030064	195
PLAGL2	5326	0.01518208865225167	-0.007691594215092169	108
PLCB2	5330	-0.014448408038824296	0.0014207333046563511	84
PLEC	5339	-0.005647097041894111	-0.002364545974110897	148
PLEKHA4	57664	-0.013771523786329964	0.0012479485400656034	34
PLEKHG2	64857	-0.0015207341907086383	-0.003942147195756707	90
PLEKHH1	57475	-0.00044111047227222007	-0.005464795364325684	55
PLEKHM1	9842	-0.00023964563803429732	-0.005063659700107725	36
PLEKHM2	23207	0.0009128054056857201	-0.0031586099236995675	151
PLEKHN1	84069	-0.0037374460792562016	-0.003235131410244883	149
PLGLB2&PLGLB1	5342&5343	-0.008329306942950629	0.002719630132975899	94
PLIN1	5346	-0.01824399294952425	0.003336117425199275	66
PLK1	5347	0.013583248043179773	-0.005248735726848291	51
PLK4	10733	0.06237362423672059	0.0190156601029639	98
PLRG1	5356	0.06961703939697728	0.010885779561543922	3
PLXNB3	5365	-0.017693172454127742	0.003149697076227959	153
PMF1	11243	-0.005010943639382165	-0.0015640932148621228	124
PMF1-BGLAP	100527963	-0.0128982816184729	0.0023922825073243456	13
PMM2	5373	-0.008481024222327778	-0.0009305886595731931	130
PMPCA	23203	-0.00991668865359541	-0.000333309438435296	44
PMPCB	9512	-0.018888895362769022	0.003849704951723294	52
PMVK	10654	-0.008840149826094428	-0.0016273460279230933	78
PNISR	25957	-0.01196095677453972	0.00026981062387178224	235
PNKP	11284	-0.0023488445224983116	-0.001836871205350922	131
PNN	5411	0.002003722468538168	-0.006467628381269798	197
PNO1	56902	0.007012948679769574	-0.004522892418935797	25
PNPLA7	375775	-0.012510826282442301	0.0019256011719085214	137
PNPT1	87178	-0.0069342188915545435	-0.0005695336149957878	127
PNRC2	55629	-0.007663090176069594	-0.0023147366996276583	53
POC1A	25886	0.01923451905182011	-0.00884881193860202	10
POGZ	23126	-0.008949904535277603	-0.0011597423717247428	96
POLA1	5422	0.041518659290669065	-0.015234192981537383	1
POLA2	23649	0.031666730354585115	-0.011090026903416882	20
POLD1	5424	-0.0032151502724293043	-0.0040395801061051265	115
POLD2	5425	0.0004144557297612667	-0.0027365659057515495	31
POLD3	10714	-0.00251804835613508	-0.0032208081193371126	15
POLE	5426	0.06889826791273458	-0.005067353302395378	1
POLE2	5427	0.06536693997187533	-0.006532957389119942	1
POLE3	54107	-0.0009509212930647839	-0.004489656243838577	99
POLE4	56655	-0.012894337156291968	0.001827793193575379	109
POLG	5428	-0.015423302271169404	0.0027711711696454156	173
POLG2	11232	-0.00017337444807225149	-0.0063966817488175015	6
POLM	27434	-0.0025800828264213936	-0.004460619357156249	42
POLQ	10721	-0.0022862447050967898	-0.005578859950047163	18
POLR1A	25885	0.002652027595848073	0.02115607905180409	0
POLR1B	84172	0.005266459844200022	0.02934370098857845	0
POLR1C	9533	-0.004394585426541729	0.0016768024706870375	236
POLR1E	64425	0.021876564400355843	-0.009036200969822583	30
POLR2A	5430	-0.014259287645839483	0.002916426728643035	13
POLR2B	5431	-0.01403128333623946	0.0010922369395575781	54
POLR2C	5432	0.0222300050403994	-0.008223605573553196	221
POLR2D	5433	0.02355090607506672	-0.00815987483050863	30
POLR2E	5434	-0.01653087362950423	0.006590345759331194	49
POLR2F	5435	0.009226627408858636	-0.004182703934959451	38
POLR2G	5436	-0.012611284366342354	0.002494182360121463	90
POLR2H	5437	-0.016571090435469334	0.0025405093336789888	202
POLR2I	5438	-0.009403332161665215	-0.00020932761456451677	130
POLR2J	5439	-0.01014907973025078	0.0035268897145705577	72
POLR2J2	246721	-0.005149492424727286	-0.0006626537190714619	121
POLR2J3	548644	-0.012753063702664841	0.0020916397090866927	27
POLR2K	5440	-0.011585981886908368	0.0004191509654066078	43
POLR2L	5441	0.00014659171769652464	-0.0043508280671412155	12
POLR3A	11128	-0.01061947565424991	0.00032565640078966357	113
POLR3B	55703	-0.008334460971763399	-0.0006178302841106847	208
POLR3C	10623	-0.00869841005623369	-0.0007378676896749397	161
POLR3D	661	-0.011808179669791167	0.0020441970709207174	37
POLR3E	55718	-0.015983667902965418	0.0031608718490234314	91
POLR3F	10621	-0.012510809946259732	0.0034431833376790135	47
POLR3H	171568	-0.012433205436847613	0.0013836393774454606	34
POLR3K	51728	-0.010538808117196924	-0.0009900039025964851	152
POLRMT	5442	-0.003027310873267618	-0.004041550689674893	138
POM121C	100101267	-0.004277776010325921	-0.002943616013751204	57
POMP	51371	0.0025943324544634855	-0.005586455428672621	141
PON1	5444	-0.011304062911220533	0.00021206506012694015	102
POP1	10940	-0.008208105744809777	7.199343183565481e-05	203
POP4	10775	-0.010181215161878688	-0.0007370015412744617	28
POP5	51367	-0.0068922898749341505	0.0002647426246135981	188
POP7	10248	-0.015136498101903133	0.003649348746690176	13
POT1	25913	-0.009645665773844325	-0.0013962519450971614	33
POTEC	388468	0.0026629633571443757	-0.004001386275070939	131
POTED	317754	-0.016550470512664752	0.0031006534690668527	173
POTEE	445582	-0.0037676300542531533	-0.0030916386088115076	118
POTEG	404785	0.01194441324374474	-0.004855049690427509	174
POTEH	23784	-0.008135031547663388	0.00015927208891189582	216
POTEI	653269	0.014087364445180361	-0.006452141191856122	220
POU2AF1	5450	-0.011793824764716429	0.0006264584293578596	43
POU2F1	5451	-0.010815467785687436	5.744022455820293e-05	54
POU2F2	5452	-0.013669876560774943	0.004971311071717062	100
POU5F1	5460	-0.010403546221602035	-0.00019419844244539423	138
POU5F1B	5462	-0.00024941952999239233	-0.005211302897394397	118
PPA1	5464	-0.0013979300969866183	-0.00501642774522356	224
PPA2	27068	-0.003328925159937621	-0.004166586046880654	99
PPAN	56342	-0.008458010790340304	0.018174602452904545	26
PPAN-P2RY11	692312	-0.005288710568156749	0.002296429659755778	26
PPARGC1B	133522	0.0005159305203553459	-0.004650756545520906	40
PPAT	5471	-0.005949502716797426	-0.0026177357752299336	96
PPCDC	60490	-0.012849860875238633	0.0008866264335791953	34
PPCS	79717	-0.009094164259149504	-0.00040659826707547354	87
PPFIA4	8497	-0.005662151442060962	-0.003191717277670654	56
PPHLN1	51535	-0.006376202898561572	-0.0015113673088970512	90
PPIA	5478	-0.008151538547796848	-0.0015569877521282186	171
PPIAL4A	653505	0.04340740090771754	-0.008597503389873565	1
PPIAL4C	653598	0.026768807039078597	-0.010549565535707992	1
PPIAL4D	645142	0.004828214655640807	-0.0029352250404810617	31
PPIAL4G	644591	-0.002110080984508382	-0.002185381220472175	186
PPIE	10450	-0.007722823059211474	-0.0005126349238264989	95
PPIH	10465	-0.005193453906327167	-0.0010113661124325876	188
PPIL1	51645	-0.003310541632968739	-0.003964854334927326	68
PPIL2	23759	-0.013586286513506159	0.0032670735893091836	13
PPIL4	85313	-0.007800833036594458	-0.00236339702429432	28
PPIP5K2	23262	-0.009280175404655313	-0.0015254415444939	146
PPM1D	8493	0.017504318600964797	-0.014786642030463674	138
PPM1E	22843	-0.008627860172205164	-0.000713329277771505	150
PPM1F	9647	0.0004908999294569033	-0.005196856965204783	7
PPM1G	5496	-0.0047311209192531616	-0.0031820319721035262	147
PPM1J	333926	-0.014871418350077166	0.00254354530823554	86
PPME1	51400	-0.008429365688558834	0.0008071348931717298	27
PPP1CA	5499	-0.00930525540645771	-0.0001639194691855414	139
PPP1CB	5500	0.030258036218589298	-0.011007711153573926	20
PPP1CC	5501	-0.019226030374470893	0.004218917972058082	135
PPP1R10	5514	-0.007245577684288864	-0.0021285399755978595	33
PPP1R11	6992	-0.002289225623107338	-0.0006896464139254668	23
PPP1R12A	4659	0.01379622280125821	-0.009137653643883522	30
PPP1R13L	10848	-0.012652990601693354	0.001211479260318681	129
PPP1R14B	26472	-0.000852206840084003	-0.0030397761955155158	142
PPP1R15A	23645	-0.006689678013744785	-0.0016715049375079119	103
PPP1R15B	84919	-0.019466929936165292	0.007995283796592475	106
PPP1R16A	84988	-0.01880888987536348	0.0046607335385749765	153
PPP1R18	170954	-0.011478366257210385	0.0003561800280724788	126
PPP1R2	5504	0.0003985742383322608	-0.0034431810941796203	25
PPP1R35	221908	-0.003279320188361183	-0.002522056514141483	8
PPP1R37	284352	-0.01271277137836891	0.0025088280389511516	105
PPP1R3E	90673	-0.006761658523663845	-0.0012180930629457612	151
PPP1R7	5510	-0.006187360950326276	0.002115348982609853	94
PPP1R8	5511	0.012933928736771128	-0.005124034990144981	46
PPP2CA	5515	0.017499182623433855	-0.006119746277272836	46
PPP2R1A	5518	0.014898942550394811	-0.006391708238309142	25
PPP2R2A	5520	-0.016207258716232215	0.0046929299320813645	116
PPP2R3C	55012	-0.015761444016392102	0.0020359390464542004	202
PPP2R5B	5526	-0.010265030397525096	0.001043671844826327	19
PPP4C	5531	0.002568782263244581	-0.002804941430333159	19
PPP4R1	9989	-0.013638041066684628	0.0026889086899494615	37
PPP4R2	151987	-0.0037464268982864988	-0.0023026997440602935	103
PPP4R3A	55671	-0.009946596681036222	0.0017923413567379311	37
PPP5C	5536	-0.011977255999034653	0.000712816953312984	185
PPP6C	5537	-0.012993299541467588	0.001622630021616066	75
PPP6R2	9701	-0.0038913888613543533	-0.002766077825943388	25
PPP6R3	55291	-0.009428697102086237	0.00043239087257497	75
PPRC1	23082	-0.01764624630707016	0.006569008839869257	135
PPWD1	23398	-0.001676127508428381	-0.001185832436689917	246
PPY	5539	0.0010556373394115387	-0.007292178255638169	6
PQBP1	10084	-0.006080210962898863	-0.001733961117367129	151
PRAC1	84366	0.00901208300648508	-0.0050088409777054215	174
PRAM1	84106	-0.01713824385694959	0.0034515389021839036	2
PRAME	23532	-0.010189531391802719	-0.0003127974054194231	147
PRAMEF11	440560	-0.006527739514567604	-0.001829109540895456	87
PRAMEF12	390999	-0.015061639530622468	0.003272084876820243	13
PRAMEF13	400736	0.005083705687708617	-0.006351358826297687	29
PRAMEF15	653619	0.002513328191071525	-0.00633934399325867	42
PRAMEF17	391004	-0.015408773800936896	0.002684216679110917	198
PRAMEF18	391003	0.004792975713339658	-0.005406270875714829	29
PRAMEF20	645425	-0.021798555756700057	0.006659281676425338	58
PRAMEF5	343068	-0.007913494799478029	-0.0005577454645564835	158
PRAMEF6	440561	-0.012394994119275233	0.0005384202860731626	180
PRAMEF9	343070	3.944672903867887e-05	-0.0026202278395225237	70
PRC1	9055	0.0265478241588921	-0.00649865869742418	30
PRCC	5546	-0.01579300895026409	0.002537254329134917	104
PRDM10	56980	-0.0032477756316307174	-0.0022104978765305878	64
PRDM4	11108	0.0011479122165175956	-0.006254566776439381	197
PRDX1	5052	-0.011484849500285018	-0.0005099694860669019	146
PREB	10113	4.782221256600248e-05	-0.005184899194776074	141
PRELID1	27166	-0.012031133696525094	0.013407056634559055	26
PRELID3B	51012	-0.016404951114381068	0.01273553305516342	106
PREX1	57580	-0.015676557196467784	0.0029254850563827754	100
PRG4	10216	-0.011837181607426086	0.00018009651174641784	189
PRH1	5554	-0.012915182430310184	0.001350762774668943	137
PRIM1	5557	0.040817790450351873	-0.013755058894784305	1
PRKAA1	5562	-0.0019760705918412036	-0.00385685084066513	228
PRKAB1	5564	-0.010333861652830699	0.00030368719681469043	86
PRKAB2	5565	-0.019575232178887538	0.006033683866185405	2
PRKAR1A	5573	0.006358636372237663	-0.008204461331202386	55
PRKAR2A	5576	-0.004322315112272354	-0.0024517490061868974	205
PRKCSH	5589	-0.003911217055394517	-0.0033296021061690914	222
PRKCZ	5590	-0.02155062296733343	0.006424459099185765	22
PRKRA	8575	-0.004493714316865651	-0.0035928432357681265	21
PRKRIP1	79706	-0.005045555442859051	-0.0027471816006110795	87
PRLHR	2834	-0.018933568982725666	0.005236623866979199	2
PRMT1	3276	-0.010469145136942035	-0.0009476039754236703	114
PRMT5	10419	0.00459626566921895	-0.006499119236234495	62
PRMT7	54496	-0.0069521077626605735	-0.0018651219558918914	130
PROCA1	147011	0.0011966920451252309	-0.0052205252850119725	193
PRODH	5625	-0.00177857287864135	-0.0019465110358536529	76
PRODH2	58510	-0.020899571414134403	0.00610972011874202	52
PRORP	9692	-0.007167277302368706	-0.00204165692069396	156
PRPF18	8559	-0.008877562901974867	-0.0016284174842094113	132
PRPF19	27339	0.06506158503036925	-0.0003965108112100494	3
PRPF3	9129	0.01291401703946912	-0.007409211049912561	20
PRPF31	26121	0.05811461373140235	-0.003110543827688497	3
PRPF38A	84950	0.08086266090136626	0.01477567798399823	3
PRPF38B	55119	-0.0065044023147719085	-0.0023716000005087274	62
PRPF39	55015	-0.005947762913868337	-0.0011625710320734993	41
PRPF4	9128	0.04810586939906807	-0.008825571266917551	3
PRPF40A	55660	0.02599450210128821	-0.0049591479339685714	117
PRPF40B	25766	-0.0027025983529959108	-0.0026187671007991955	90
PRPF4B	8899	0.003343860495974932	-0.006519131497161105	53
PRPF6	24148	0.08093807426363185	0.017063977460580228	3
PRPF8	10594	0.10482073914785005	0.048760188771411764	3
PRR12	57479	-0.008543442837870249	-0.0013673112065738316	215
PRR13	54458	0.022073400491774402	-0.008381465868722219	59
PRR19	284338	-0.008366271075309285	0.0018811751456241264	236
PRR20D&PRR20C&PRR20B&PRR20E&PRR20A	122183&729233&729240&729246&729250	0.03535306248186402	-0.003646224341323843	196
PRR22	163154	-0.004724215931898296	-0.0027219621552525813	42
PRR30	339779	-0.01126763137745444	0.0014030309941034315	216
PRR7	80758	-0.009168919158722904	-0.0008353127968534337	172
PRRC2A	7916	-0.02000353213244774	0.00599083209940747	2
PRRC2C	23215	-0.0066120269985504646	-0.0035093672875663082	155
PRSS50	29122	0.0028504982321720792	-0.003973937760925417	31
PRSS53	339105	-0.007272175794628316	-0.0013214147009881852	89
PRUNE1	58497	-0.003515307617778571	-0.0023942850131675867	124
PSAP	5660	-0.004342606474523407	-0.004043262382410613	17
PSAT1	29968	-0.014119096034016143	0.0011195865365142526	173
PSD4	23550	0.01490968410555671	-0.007753258534453583	30
PSEN2	5664	-0.012484914912776991	0.0018543325256643894	27
PSG8	440533	-0.007117222297777016	-0.0011007543747164961	147
PSMA1	5682	0.01919110496676216	-0.006906563216030676	51
PSMA2	5683	0.021057689527415945	-0.0058239395967776796	117
PSMA3	5684	0.0007545297155459601	-0.004393329690444973	151
PSMA4	5685	0.03172308852532137	-0.011106038620009492	20
PSMA5	5686	0.028628828864169883	-0.012734210217434545	30
PSMA6	5687	0.03540609252064756	-0.013394260086258672	125
PSMA7	5688	0.04336841581238651	-0.013819067511525486	125
PSMB1	5689	0.04188816310406191	-0.01350547604693892	125
PSMB2	5690	0.039687668441138434	-0.01382648426592163	125
PSMB3	5691	0.031700637692009	-0.011314676247701645	30
PSMB4	5692	0.0076697471518354845	-0.007548347221586324	57
PSMB5	5693	-0.0046274765205032075	-0.0011784144688208073	128
PSMB6	5694	0.011759677920704082	-0.005734403889450719	76
PSMB7	5695	0.05450126611633173	-0.013271086530730853	125
PSMC1	5700	0.05071617854630734	-0.01201267593469603	125
PSMC2	5701	0.06430570230196914	-0.012397977123505698	125
PSMC3	5702	0.06425824553835875	-0.012371852659767996	125
PSMC4	5704	0.06377095896243651	-0.012385448126894977	125
PSMC5	5705	0.0618925015520224	-0.012386407201783751	125
PSMC6	5706	0.06290552501588756	-0.012405738823696751	125
PSMD1	5707	0.0459862392659171	0.008582135679548375	98
PSMD10	5716	-0.010079214218207719	0.0013405841613915372	132
PSMD11	5717	0.04596443148736158	0.008693259090985025	98
PSMD12	5718	0.05010247212712377	0.010764548263398144	98
PSMD13	5719	0.030759232467882664	-0.010886936190073974	108
PSMD14	10213	0.02495393563932555	-0.00829466811680565	196
PSMD2	5708	0.029800865235481068	-0.012779504256506573	30
PSMD3	5709	0.047924990580378926	0.008900519579487919	98
PSMD4	5710	0.029529541256726098	-0.010020856957646596	108
PSMD6	9861	0.03397398773854025	-0.0014118248587653504	196
PSMD7	5713	0.030319756273252913	0.0051034941184607855	98
PSMD8	5714	0.05099958040093451	0.011260321454445148	98
PSMD9	5715	-0.017132001089296998	0.0033704743620437674	153
PSME1	5720	-0.018347707670007013	0.004777605722644254	136
PSME2	5721	-0.005462438372169793	-0.002849923865977921	156
PSME3	10197	5.3189617669108204e-05	-0.005746184755062852	62
PSMF1	9491	-0.011386241537253766	-0.00012340693371145454	28
PSMG1	8624	-0.010877500908250076	0.0008346315252381474	216
PSMG2	56984	-0.001611927501541574	-0.0009379977022574113	38
PSMG3	84262	-0.010869710571716177	-0.0007624158775815126	115
PSMG4	389362	-0.011276394989982305	0.0015358590277691063	37
PSPC1	55269	-0.009492519152966446	-0.0012220858689051084	114
PSRC1	84722	-0.005633967421050291	-0.0018105700928796147	144
PSTK	118672	0.0025560001399502273	-0.005218616843235062	42
PTAR1	375743	-0.01093080172222135	-0.00016396077439619829	67
PTBP1	5725	-0.0021777475357195597	-0.0020447965601819392	242
PTCD1	26024	-0.002917902884720352	-0.004428468680031393	17
PTCD3	55037	-0.008517453205494808	0.0013634310458971776	41
PTCHD4	442213	-0.007030561306925627	-0.0031653916567045554	21
PTDSS1	9791	-0.010245060194502878	-0.0009577632454682893	176
PTGES3	10728	-0.011617989415755873	0.0009654361189267717	75
PTK2	5747	-0.004070645421652298	-0.002474182662852657	23
PTMA	5757	-0.008875279674377406	-4.935677458608368e-05	41
PTP4A1	7803	-0.008304931100961279	-0.001356371945788778	138
PTP4A2	8073	-0.014360906500167183	0.0013127763624689766	5
PTPA	5524	-0.01341275256772009	0.0011371655293977816	80
PTPMT1	114971	0.009066452771501053	-0.0078000573579988805	10
PTPN1	5770	0.008436432091585703	-0.006052825890419578	29
PTPN11	5781	-0.001188908596088681	-0.004836780232093021	228
PTPN23	25930	-0.010408168470643991	-0.0007583529105549442	225
PTPRU	10076	-0.013486088581112507	0.0007243111065932467	146
PTRH1	138428	-0.013984703885729824	0.0008499851679771321	204
PTTG1	9232	-0.010982276102800129	0.000808871096897176	234
PUF60	22827	0.03169008776715892	-0.008829527917497228	20
PUM1	9698	-0.010934800670607932	-0.0008448009605085428	189
PUM3	9933	-0.009075680182874359	-0.0016048365806459537	152
PUS1	80324	-0.01583386974293971	0.0019589296212555556	32
PWP1	11137	-0.010655477258026442	-0.0008076433745833313	123
PWP2	5822	-0.012653763839244665	0.009205565976438073	9
PWWP3A	84939	-0.007790664418845881	-0.001645098910473879	233
PXN	5829	-0.016558369162569052	0.0029521991296406953	159
PYCR1	5831	-0.014689089012165212	0.0012885131808296198	229
PYGB	5834	-0.015547180433364392	0.002307419987003927	198
PYGM	5837	-0.0077535709118772755	-0.00022061893744751624	133
PYM1	84305	0.005027200427364737	-0.0068326018834233716	57
PYROXD1	79912	-0.006459800936143869	-0.0021045217065948888	147
PYURF	100996939	-0.01311198453200173	0.0013355414863083389	183
QARS1	5859	-0.01370145182468672	0.009440504724586003	26
QRFP	347148	-0.0012385425231739222	-0.004895212806008675	197
QRICH1	54870	-0.013455953804832272	0.0013539928650169993	101
QRSL1	55278	-0.007495676448330077	-0.002069037762831432	15
QTRT1	81890	-0.01751287218810179	0.003908132126576155	22
R3HCC1	203069	-0.005378258754708498	-0.002889764962122095	233
RAB10	10890	-0.013683028005228876	0.0013357327126419108	80
RAB11A	8766	-0.00930227494952453	-0.0011593488721783106	152
RAB11FIP4	84440	-0.014039502620460352	0.0009645867995390594	97
RAB13	5872	-0.00013412473581892676	-0.0038823692053102524	128
RAB14	51552	-0.015336695274250857	0.0028029910510141164	167
RAB18	22931	-0.014145513113717392	0.002721022850799528	120
RAB1B	81876	0.007629423302012481	-0.004749296427277428	35
RAB23	51715	-0.0007953573859969885	-0.004541670104067279	166
RAB26	25837	-0.012722257087929005	0.0013623213418653291	50
RAB35	11021	-0.007333603125546567	-0.0013145000139551915	215
RAB36	9609	-0.01325898135869327	0.0014956880918105266	137
RAB39A	54734	-0.014815677745872467	0.0014868504130797818	229
RAB3A	5864	-0.005577730023914542	-0.002067399109138351	188
RAB43	339122	0.0058564543810231745	-0.008007118007848745	82
RAB4A	5867	-0.0029595353691102408	-0.0038679537145213955	33
RAB5C	5878	-0.0006570373199515107	-0.003960052359367788	107
RAB5IF	55969	-0.016978490333880058	0.004152786892185171	16
RAB6A	5870	-0.005470452604916647	0.00045798337551881713	19
RAB6C	84084	0.016122689166021692	-0.0076370121287945856	46
RAB6D	150786	-0.001149511687586509	-0.0027679543690115665	213
RAB7A	7879	-0.009698183537424096	-0.0004975052188667765	185
RABGAP1L	9910	0.0003998562563014119	-0.0046668351978535905	40
RABGEF1	27342	-0.008788923813322672	0.00045982799951888124	19
RABGGTA	5875	0.003818202376466943	-0.004397502933331808	46
RABGGTB	5876	-0.008578661214939696	-0.0012499689193982953	218
RABIF	5877	-0.011434508965237077	0.0004300822798264048	239
RABL2A	11159	0.01551280947808852	-0.006559370429601102	76
RABL2B	11158	-0.012440634154677431	0.0025460084802624715	11
RAC1	5879	-0.006050520162081309	-0.0008683246503617265	207
RAC3	5881	-0.0016021248510338258	-0.004783376758880618	21
RACGAP1	29127	-0.007275879278787101	-0.0018561852732507963	12
RACK1	10399	-0.007992248845643025	0.0131662195715458	26
RAD1	5810	-0.014066468637230349	0.004737383198321492	13
RAD17	5884	-0.003667805609557817	-0.00131214019770709	131
RAD21	5885	0.08560921801068369	0.028805332565985966	4
RAD23B	5887	-0.004185207969199685	-0.0019801347785210234	90
RAD50	10111	-0.011485312900995267	0.0008160905075213365	234
RAD51	5888	-0.0020282140521905015	0.002800930582528294	72
RAD51B	5890	-0.01214771358127249	-0.00045930844293976187	146
RAD51C	5889	-0.007173744263742849	-0.0008338681140469241	124
RAD51D	5892	-0.010410672732528289	5.808215012680625e-05	34
RAD54L	8438	-0.0072256682820045675	-0.0029909180922894326	33
RAD54L2	23132	-0.005894110475992186	-0.0010181069049725114	170
RAD9A	5883	-0.008473225370419661	-0.0015817283260350233	132
RADIL	55698	-0.01835838588506745	0.00421490556839735	135
RAE1	8480	0.016796203741793088	0.023229222998660252	0
RAF1	5894	-0.015348183774987275	0.0026552497829803665	206
RAI1	10743	-0.010579496414256215	-0.0009467924042764438	71
RALGAPB	57148	0.0033536875129628594	-0.004056406566745692	99
RALGPS1	9649	-0.008057364083319451	-0.0003739002467671699	129
RAMAC	83640	-0.0007999687758024519	-0.004891090680793601	55
RAN	5901	0.01782331806165329	0.006485838949298218	0
RANBP1	5902	0.013283635790587403	-0.0068549799712978405	77
RANBP10	57610	0.007183335710356314	-0.005518650721968743	128
RANBP2	5903	0.00950005927607588	-0.0038764353310461524	51
RANBP3	8498	-0.01036965222938909	0.0005205652481477664	81
RANGAP1	5905	-0.015419535538198217	0.004567359695701427	100
RAP2A	5911	-0.016488277813764707	0.002701338650315814	84
RAPGEF1	2889	-0.00837683998482709	0.0006181727713581199	139
RARA	5914	-0.01344008039810104	0.0010558747526943056	116
RARRES2	5919	-0.005199386379331322	-0.0010988320712358645	121
RARS1	5917	-0.0065843020164017075	-0.00128787354478611	78
RARS2	57038	-0.013190739473005442	0.0013464974172263627	97
RASA4	10156	-0.00035506186206074955	-0.0026294923050418422	131
RASD2	23551	-0.007637015688846857	-0.0021975315600103553	190
RASGRP1	10125	-0.0035384351776598186	-0.0015101393515030744	121
RASGRP2	10235	-0.00870076340985094	0.00022318550937034548	147
RASL10A	10633	0.020932894577267335	-0.0011356254288083293	24
RAVER1	125950	-0.006906629134710238	9.339937455810094e-05	147
RB1CC1	9821	-0.0035154269934107515	-0.004480427926064703	53
RBBP4	5928	-0.010772187846221656	0.0016741419292182122	129
RBBP5	5929	-0.009605384670048095	0.0024682235016690824	96
RBBP6	5930	-0.013252380773433336	0.0016742853469705464	126
RBBP7	5931	-0.006376211523174317	-0.0011124157422545162	161
RBBP8	5932	0.0290249724005083	-0.010907085560749319	1
RBCK1	10616	3.300368823146439e-05	-0.004637731101971473	128
RBFA	79863	-0.003580918381196433	-0.003629708679812285	12
RBIS	401466	-0.015708058236138286	0.006767419000289862	2
RBM10	8241	-0.010866575352958811	-0.001013370404526181	176
RBM12	10137	-0.006791981312093527	-0.0006174489244850556	218
RBM14	10432	-0.011425956272813124	0.0011970592126367586	27
RBM14-RBM4	100526737	-0.01139578490086985	0.0009024326971572804	126
RBM15	64783	-0.01592480344919017	0.0032652235813638115	226
RBM17	84991	0.021809840293338625	0.00046790527613092164	24
RBM18	92400	-0.008596631997051518	-0.0010658138554269186	217
RBM19	9904	-0.011985090484302161	0.002096714885710675	37
RBM22	55696	0.04629368295693157	0.002820572291580634	119
RBM23	55147	-0.014464437098459335	0.002203239935554255	32
RBM25	58517	0.032971914106061026	-0.012269806937094486	125
RBM26	64062	-0.009053375345723057	-0.000497595496347214	159
RBM27	54439	-0.0036811666433113096	-0.00274864214017012	208
RBM28	55131	-0.0026844399206613304	9.009896112975234e-05	236
RBM33	155435	0.0018291486106518672	-0.006356696185937474	18
RBM34	23029	-0.013002998501666023	0.0007596617623275509	123
RBM39	9584	0.10378387452693294	0.057060096701113214	3
RBM4	5936	-0.0010363554113077573	-0.0032896898037722295	64
RBM42	79171	0.0009054774123410724	-0.003439602973600142	90
RBM48	84060	-0.00430575786186277	-0.0026017108066957906	222
RBM5	10181	0.009815126082123133	-0.00647157281791687	29
RBM8A	9939	0.032360857733042064	-0.00681605219015694	10
RBMX	27316	0.013922579400371867	-0.006851283284272191	35
RBMX2	51634	-0.0032882026811006677	-0.002766484730076558	147
RBMXL1	494115	-0.0013705345659395368	-0.002938071888165863	31
RBP3	5949	-0.015877937780457176	0.003081671975884842	104
RBPJ	3516	-0.0002310072168913342	-0.003503780390902834	70
RBSN	64145	-0.005937199291526072	-0.0013710819889121322	158
RBX1	9978	0.02760588430442679	-0.01585678715488128	57
RC3H1	149041	-0.011812189351621467	0.0002612541334844591	203
RCC1	1104	-0.0011208803601789727	-0.003285539340923606	157
RCC1L	81554	0.0033291248044255936	-0.005567796303154781	42
RCE1	9986	-0.01122730160504974	0.000991058435311715	137
RCL1	10171	-0.011917829180815943	0.011339842084230228	191
RCOR1	23186	-0.012614050096909355	0.0006625766047240729	229
RCOR2	283248	-0.01208613971244127	0.0010830879513060402	111
RDH5	5959	-0.0029347667645880987	-0.0035996466147143	64
RDH8	50700	-0.00806810407296993	-0.0011262907146560343	127
RDM1	201299	-0.006047094059859932	-0.0021331272315310832	23
REC8	9985	-0.011698610479249047	0.0003048635041676446	84
REEP1	65055	-0.013317312330191329	0.001982926424512674	173
RELA	5970	-0.0029259614922517215	-0.00160787198122743	31
RER1	11079	-0.008713668181485846	-0.0010892722539769034	148
REV3L	5980	0.02335742563513126	-0.011386018251354211	77
REX1BD	55049	-0.008209670833312881	-0.0021957407270292084	190
REXO1	57455	-0.007174765356631902	-0.0015010791279137954	234
REXO2	25996	-0.013178591774613344	0.0014755374835721446	169
RFC1	5981	0.009834085983824325	-0.0072939878934222754	10
RFC2	5982	-0.004055675538711743	-0.0031632087111307552	238
RFC3	5983	0.0030037175159166605	-0.005633227726096504	107
RFC4	5984	-0.002244292436848579	-0.0025457824243708673	186
RFC5	5985	-0.008265707891175804	-0.0017421781430880334	28
RFFL	117584	-0.010573829354264703	-0.000898856481011212	78
RFK	55312	-0.011488557717101007	-0.00012009219427404966	112
RFT1	91869	-0.0054729918517446	-0.00219042019363034	205
RFWD3	55159	-0.00802116268022421	-0.0005836797378025593	34
RFX5	5993	-0.009283244238436383	0.00017539976728711814	139
RFXANK	8625	-0.010805387534583974	-0.0008095971485919905	67
RGP1	9827	0.021626057935554183	-0.006580011295667459	24
RGPD2	729857	0.027914756392480988	-0.005804933846334354	196
RGPD4	285190	0.013511548360811969	-0.006915070584583159	59
RGPD5	84220	0.01595776896260514	-0.007612667010268932	10
RGPD6	729540	0.017310721180005432	-0.00623752969277219	59
RGPD8	727851	-0.0041035246732159065	0.0016002198076721264	94
RGS9BP	388531	-0.01321240419664032	0.0015322507276200451	123
RHBDF1	64285	-0.014255271862064437	0.0011604182669906224	97
RHEB	6009	-0.013195071529639398	0.0015348555194616142	150
RHOA	387	-0.006675108037304236	-0.003348423823605774	7
RHOF	54509	-0.010684719080343697	0.0008261717804098749	216
RHOG	391	-0.01161897479001465	0.0003832654498255416	92
RHOQ	23433	0.011832218039812385	-0.008131794160008306	46
RHPN1	114822	-0.01491803751383957	0.0021931367436644395	121
RIC1	57589	-0.005836583131093476	-0.0015090745101145847	124
RICTOR	253260	-0.010590433980300552	-0.0003996569025899937	44
RIF1	55183	0.009319312694619213	-0.0019039516175708851	117
RILPL1	353116	-0.00016472674893457532	-0.0035643515669973856	31
RILPL2	196383	-0.006448938071500258	-0.0023373056067982536	85
RINT1	60561	-0.009266991629498528	-0.0013516190289418067	123
RIOK1	83732	0.007946756334419146	-0.006136720680900204	30
RIOK2	55781	-0.011020287967540357	0.007070319556788785	9
RIOX2	84864	-0.015780927197844373	0.0029880847920080353	79
RIPK3	11035	0.0003252505882211601	-0.004496666400165188	233
RIPOR1	79567	-0.014802130421646457	0.0022124696493811664	28
RITA1	84934	-0.015328092425182228	0.0029145158466256423	167
RLF	6018	-0.008348047873500885	-0.001339055067379405	47
RMI1	80010	-0.0077101642207106965	-0.0012018022951281835	148
RMI2	116028	-0.007651684886445934	-0.0012318524715130594	83
RMND1	55005	-0.019228373121049296	0.004434469557931549	136
RMND5A	64795	-0.006375415536129307	-0.0016432243029539824	148
RNASEH1	246243	-0.01683171634404172	0.003706541131531425	69
RNASEH2A	10535	-0.01617234668297557	0.003858743868984563	160
RNASEH2B	79621	-0.012576809171091273	0.0012391429242382302	137
RNASEH2C	84153	-0.013896986165664588	0.0010200033919932244	69
RNASEK	440400	-0.0010560770067309275	-0.004570276135441497	42
RND1	27289	0.011672415833009842	-0.007942023758960016	30
RNF103	7844	0.011735407885349929	-0.005369472721663541	76
RNF103-CHMP3	100526767	-0.0018327145112180642	-0.0036145254067198713	70
RNF113A	7737	0.00495474073379071	0.0005338263171430387	207
RNF115	27246	-0.015543834530186913	0.002229598915986045	104
RNF121	55298	-0.012958963656154926	0.0018105400095274784	150
RNF123	63891	0.0011243391452313836	-0.0032995964107051154	36
RNF126	55658	-0.009854479254713253	6.998262140628897e-05	160
RNF14	9604	-0.008824775314379939	-0.001231775376932931	73
RNF145	153830	-0.006779598172849398	-0.0007155753171421485	23
RNF157	114804	-0.008675130104011494	-0.0014906309488360474	16
RNF168	165918	-0.017317818166638906	0.004549264292517307	52
RNF181	51255	0.009169992155371053	-0.004149821999009208	51
RNF20	56254	-0.008860012552143413	-0.00040864393185979423	95
RNF214	257160	-0.021328907718333037	0.006215996734721594	58
RNF25	64320	-0.009866049208988465	7.632699348378398e-05	203
RNF31	55072	-0.003629187192986733	-0.0034487761885997922	99
RNF4	6047	-0.014850203900980956	0.007375685351252231	13
RNF40	9810	-0.010134644055822763	-2.8893984585085126e-05	222
RNF41	10193	-0.006679104865940144	-0.0011529221495747207	180
RNF8	9025	0.0038450807705784607	-0.004779660252454735	154
RNGTT	8732	-0.01155004211627521	0.00038278448485114827	54
RNH1	6050	-0.016985810107638152	0.002411246110050729	202
RNMT	8731	-0.012739190949114005	0.0013767727640436708	105
RNPC3	55599	0.025839544609866337	-0.0029284029920034625	24
RNPS1	10921	0.025711542089578626	-0.009271900776062407	77
ROMO1	140823	-0.006034282044122165	-0.0003883055176399019	110
ROPN1L	83853	-0.007239441236585557	-0.0015779944364815392	124
RPA1	6117	0.07924249596204637	0.008197965524737708	1
RPA2	6118	0.042307638090444806	-0.011736585500560745	1
RPA3	6119	0.005762002223333791	-0.006111170909214205	20
RPAIN	84268	-0.010011284635057613	-0.0008173423523107227	190
RPAP1	26015	-0.01803227488978741	0.005051734979063188	129
RPAP2	79871	-0.004246842037016711	-0.0010704187849344842	121
RPAP3	79657	0.015630951595275243	-0.008121291605944377	35
RPE	6120	-0.0019975367949162178	-0.0022020567108987327	214
RPE65	6121	-0.003762747631209751	-0.003832527663309662	17
RPF1	80135	0.002462003957554565	0.027519475970221995	0
RPF2	84154	-0.004415832453742073	0.038026527854392984	0
RPIA	22934	0.00910897634188768	-0.005381584501788954	29
RPL10	6134	-0.0035629560096853852	0.03712387169443672	0
RPL10A	4736	-0.004374167136286194	0.039790598782312794	0
RPL11	6135	-0.003939449420623896	0.03916531498289502	0
RPL12	6136	-0.008892187026722802	0.015178100742941049	9
RPL13	6137	-0.011239880064466065	0.012962402333556696	26
RPL13A	23521	-0.003349733485596433	0.028334685725727067	0
RPL14	9045	-0.001742635267897686	0.034978352036986	0
RPL15	6138	-0.0031919386940753454	0.03849985083136107	0
RPL17	6139	0.0070049131237224825	0.02372529840601526	0
RPL17-C18orf32	100526842	0.007493770733920561	-0.0020084302656626202	94
RPL18	6141	-0.0024380290960575855	0.035230903764794014	0
RPL18A	6142	0.0026818624265045176	0.029206084334315777	0
RPL19	6143	-0.0031132974071891983	0.03419555812649752	0
RPL22	6146	-0.0008795315516932115	-0.004056218703348031	166
RPL22L1	200916	-0.015372724512465418	0.002283136746459113	198
RPL23	9349	-0.0014450316150848188	0.038202369845154585	0
RPL23A	6147	0.04099111770370016	-0.00976908588492865	1
RPL24	6152	0.003030268214946202	0.031248051812471214	0
RPL26	6154	-0.0027026070566941915	0.03988077728949558	0
RPL26L1	51121	-0.0032987347361696315	-0.003955804119916806	186
RPL27	6155	0.005083446019744029	0.032764053725480746	0
RPL27A	6157	-0.004384110360691511	0.03647032669584383	0
RPL28	6158	-0.006671313987938145	0.009817535637241755	26
RPL29	6159	0.022013154258951	-0.008500733373474916	10
RPL3	6122	-0.0036027532418339623	0.038341556620466885	0
RPL30	6156	-0.008215519632145526	0.033487511632308724	0
RPL31	6160	-0.0050701597299345315	0.03822365263967241	0
RPL32	6161	-0.0026489134580002164	0.029948990549772975	0
RPL34	6164	-0.0006020269755615934	0.03141664975087512	0
RPL35	11224	0.007025778409420464	0.017166176392257024	0
RPL35A	6165	-0.00397053235571596	0.038352233096610254	0
RPL36	25873	-0.01023287737094677	0.028037545460758335	106
RPL36A	6173	-0.011842453647078506	0.0014927130890074825	60
RPL36AL	6166	0.007118722836740026	-0.007729723232419218	62
RPL37	6167	-0.004447058271801206	0.023773365357256705	0
RPL37A	6168	-0.002684935391208433	0.03978899924348726	0
RPL38	6169	-0.002299936173386323	0.03464145710817244	0
RPL39	6170	0.01294601299886111	0.011088329229857304	9
RPL39L	116832	-0.005916641141175609	-0.0025947207804153482	99
RPL4	6124	-0.004312849984037848	0.03837878016451833	0
RPL41	6171	0.021184387949733083	-0.0078054269226946055	59
RPL5	6125	-0.0075059122946996085	0.022743548617777862	191
RPL6	6128	-0.004546075836479164	-0.0029229837261280055	114
RPL7	6129	-0.003043988857500816	0.03951796737126054	0
RPL7A	6130	-0.013676199266452096	0.011063129920458945	26
RPL7L1	285855	0.0025225623706626506	0.028559422904679863	0
RPL8	6132	-0.0039694567669526365	0.03510729987605158	0
RPL9	6133	-0.0017867661142699149	0.008379192624837686	26
RPLP0	6175	-0.005491287008583273	0.03313982247764876	0
RPLP1	6176	-0.013079863893164345	0.007020190439519122	191
RPLP2	6181	0.007700934754016757	-5.560225770349846e-05	77
RPN1	6184	-0.006028793947141718	-0.0027747428371753436	33
RPN2	6185	0.01533878030181638	-0.007960257652370233	59
RPP14	11102	-0.01213660047628427	0.001910986865079245	179
RPP21	79897	-0.010935583957494065	0.0028606383511609597	11
RPP25L	138716	0.025121278413273437	-0.010257800613641939	35
RPP30	10556	0.0037315426574787407	-0.005044325516152643	64
RPP38	10557	-0.008123406904127488	-0.001792077332212544	208
RPP40	10799	-0.0007882478874739824	-0.005319410035230461	36
RPRD1A	55197	-0.013543141261360345	0.010675213986779019	26
RPRD1B	58490	-0.0051044447196116555	0.0007876406341056384	170
RPRD2	23248	-0.007420259082054429	-0.0015434673728327354	85
RPS10	6204	-0.007945767452052643	0.000591439644041822	93
RPS11	6205	-0.018714358202907462	0.013145539504858916	106
RPS12	6206	0.0029744606335477862	-0.002325593518655475	51
RPS13	6207	0.0035731915621173547	0.0023728795519194737	211
RPS14	6208	0.004115241576952093	-0.003476509872784376	88
RPS15	6209	-0.005123449266424722	0.0055190262341901644	170
RPS15A	6210	-0.009708396208109937	0.011686638520067395	9
RPS16	6217	-0.010060728668625379	0.013224075449505459	9
RPS17	6218	-0.0045832311341787455	0.012181024571534495	9
RPS18	6222	-0.014329104543143746	0.009699222317643407	13
RPS19	6223	0.005463207591890803	0.011549683700337753	9
RPS19BP1	91582	0.0014952819282783658	-0.002752073541831552	31
RPS2	6187	0.017003565548819165	0.0013877369796517047	24
RPS20	6224	-0.0026305797469320493	-0.0018552429614940177	38
RPS21	6227	-0.007453703367168535	0.013985615019560804	9
RPS23	6228	-0.0036458765019655058	0.006909200020019536	164
RPS24	6229	0.009339447373385129	-0.0006115795902837691	24
RPS25	6230	-0.016066151746065967	0.004531740552268162	49
RPS26	6231	-0.00837318494020287	0.0014822754446238164	11
RPS27	6232	0.013819983045804335	-0.006596357935484022	46
RPS27A	6233	0.012438193962328484	-0.0018830638036659393	25
RPS27L	51065	-0.008428981339042336	-0.00048474391198823015	27
RPS28	6234	-0.009245348214584634	0.012825033994723326	26
RPS29	6235	0.012381156803279534	-0.004146312443007621	24
RPS3	6188	7.417597058972362e-06	9.93639317445651e-05	93
RPS3A	6189	0.017026686905395886	-0.0006469680307561134	24
RPS4X	6191	-0.02174820224836626	0.00913656996726643	106
RPS5	6193	-0.004018409109177678	0.023813380653266006	0
RPS6	6194	-0.00014836950267166192	0.029360600495679897	0
RPS6KA1	6195	-0.008703116923686879	-0.0005769827801481486	43
RPS6KA4	8986	-0.00804059877094999	-0.0005453639564869489	126
RPS6KB1	6198	-0.013193652558396383	0.002256871263502752	13
RPS7	6201	-0.010337847794845142	0.005556443066887828	113
RPS8	6202	0.0014782653096268496	0.011684030331395178	24
RPS9	6203	-0.010719047709889976	0.016887986304423182	9
RPSA	3921	0.07790135900192062	0.011554784352768577	3
RPTOR	57521	-0.0011762813118624364	-0.0042754630993902245	6
RPUSD2	27079	-0.01848347271395908	0.0038696214233662463	66
RPUSD3	285367	-0.0014091765931789999	-0.0021505623840511723	213
RPUSD4	84881	-0.016071567658007775	0.001971462799662271	92
RRAD	6236	-0.0059515576273683965	-0.003773854852629629	53
RRAGA	10670	0.0002640844999019112	-0.003836874409766642	70
RRAGC	64121	-0.0011153745803577152	-0.005291731754795486	55
RREB1	6239	-0.01351235159199577	0.0015585273924685916	240
RRM1	6240	0.025995184619337877	-0.011855632162091899	1
RRM2	6241	-0.011069991808454503	-9.556064134415817e-05	182
RRN3	54700	0.007978988976388329	0.023970838011942844	0
RRP1	8568	-0.004569116655926779	0.004496545001818052	9
RRP12	23223	-0.0030768254034473303	-0.003375002576962858	12
RRP15	51018	-0.016532849398576424	0.004509989963067622	58
RRP36	88745	0.003629025009040522	-0.005050008014878514	40
RRP7A	27341	-0.010875687058156978	0.0008581642377793174	34
RRP9	9136	0.007227678207104934	0.00022320254727987174	46
RRS1	23212	-0.009056654515580968	0.026000854900900695	26
RSAD1	55316	-0.00530570716640321	-0.004196161736493252	21
RSL1D1	26156	-0.01399331392131732	0.014093452244742283	106
RSL24D1	51187	0.009280950674735045	0.024261236284688206	0
RSPH10B2	728194	-0.008728538492249121	5.83348436579415e-06	207
RSPH4A	345895	-0.011244888998454682	0.0006808928684045814	126
RSRC2	65117	-0.008609149326131368	-0.0016125888666043923	114
RSU1	6251	-0.01993297125407969	0.006619295197337501	2
RTCB	51493	-0.00698415535571489	-0.0022926539235533887	78
RTEL1	51750	0.0022966314333851784	-0.006083574022497087	238
RTF1	23168	-0.004554956700367615	-0.001404156421511248	186
RTF2	51507	-0.0006584907826202519	-0.0008762451163875329	45
RTKN	6242	-0.003699915711885266	-0.002672606799419521	144
RTL10	79680	-0.00953629507480536	0.0008205606853460321	185
RTN3	10313	-0.003981557662883969	-0.003854693085827698	166
RTRAF	51637	-0.010277958637503437	-5.14870092535964e-05	130
RTTN	25914	-0.005985145816421782	5.785070981246103e-05	170
RUBCN	9711	-0.006388727223401491	-0.0016027351007938575	145
RUNX1	861	-0.006928173333968052	-0.002619220555444792	17
RUNX2	860	-0.0020735322921746867	-0.004908680836300373	18
RUVBL1	8607	0.027076424031126377	-0.011265769860912165	77
RUVBL2	10856	0.044454681449421364	-0.010508875387711744	125
RXRA	6256	-0.014744092451204229	0.0019419749301012265	97
RXRB	6257	-0.004999151010628841	-0.003163425679411747	107
RYR3	6263	-0.016706634129964544	0.0024246102898407575	92
S100A11	6282	0.00789849284933158	-0.006891574175003812	29
SAA2	6289	0.0023570072084443537	-0.006161237081837199	82
SAAL1	113174	-0.015901599607427857	0.001818717503459327	92
SACM1L	22908	-0.0073434719136974405	0.0008937359563290681	181
SAE1	10055	-0.0019857571739101743	0.0033095941497766255	236
SAFB	6294	-0.0034247394315943002	-0.0007051777523999951	242
SAMD4A	23034	-0.009532229175535372	-0.0016597821483065307	190
SAMD4B	55095	-0.007662799968461028	-0.0019160657722259405	245
SAMHD1	25939	-0.008955663750342562	-0.0007577884901675545	127
SAMM50	25813	0.006911482473084424	-0.0037761330038811585	64
SAP130	79595	0.011102296065438489	-0.00319217768640892	24
SAP18	10284	0.02202902756437211	-0.0024943922844184586	117
SAP30BP	29115	0.0983237462793625	0.03969016500711706	3
SARDH	1757	-0.017640686040316027	0.0028854278625568925	153
SARNP	84324	-0.01315212788117991	0.0028552294478247494	49
SARS1	6301	-0.015840146750447946	0.0036178916338123757	187
SARS2	54938	0.0025088739870633516	-0.007156942736883735	18
SART1	9092	0.06081397833173059	0.0030130731332263408	119
SART3	9733	0.0031886268606614258	-0.005980901376476166	193
SASS6	163786	0.05566129880627691	0.013713516099294663	98
SATB2	23314	-0.005374987770866714	-0.002349308840512776	122
SBDS	51119	-0.014250281347314766	0.003916067064920671	240
SBK1	388228	0.0006237455800791816	-0.003802538253740172	25
SBNO1	55206	-0.003421896103541769	0.00327488699588627	72
SCAF1	58506	-0.011639976766547523	0.0014463822362378602	101
SCAF11	9169	-0.0026011372790898197	-0.0034567363335958937	85
SCAF4	57466	-0.012963844351727578	0.0013840683621988846	137
SCAF8	22828	-0.013567375555237201	0.0015214105133408765	169
SCAND1	51282	-0.0051797160651114085	0.0012571441825431264	93
SCAP	22937	0.008131049430125997	-0.005425093795371681	31
SCD	6319	-0.008883913293170469	-0.0022123289010265307	190
SCFD1	23256	-0.0037070494070682433	-0.001523487100680684	93
SCGB1C1	147199	-0.0009085569655628552	-0.003420846946793424	70
SCGB1D1	10648	-0.00018031689811058612	-0.0033386651500767	38
SCGB2A1	4246	-0.0002721626250287078	-0.001983820633084304	93
SCMH1	22955	-0.0011534840159982624	-0.003590694159402131	85
SCN4A	6329	-0.002900759005854543	-0.0033735200733990335	157
SCNM1	79005	-0.010633194470652092	-0.0008653538083633842	71
SCO1	6341	-0.008355681776321936	-0.0017749058012907874	156
SCO2	9997	-0.016134710790753803	0.002698590462276496	226
SCPEP1	59342	-0.0003504631759605463	-0.006442952936607124	6
SCRIB	23513	-0.008652659219236832	-0.0018826132067566745	156
SCRN2	90507	0.00010861540670767627	-0.005735561194873156	55
SCRT1	83482	-0.00609215367373254	-0.003255438648718552	114
SCUBE1	80274	-0.014129603157080464	0.006287070843964523	13
SCYL1	57410	-0.012385137797407606	0.0026055445607197645	11
SDAD1	55153	-0.003238481433849517	0.038586557064318884	0
SDC1	6382	-0.016052476977048775	0.0020474602467454263	54
SDE2	163859	0.027628379293463064	-0.005812228227487405	168
SDF2L1	23753	-0.0026847994312647083	-0.003707051579437184	61
SDHA	6389	-0.006082870933707261	-0.0015649635666684367	161
SDHAF1	644096	-0.01147040739402518	0.0025461428804464323	65
SDHAF2	54949	0.003659846537651122	-0.003949430832649358	213
SDHAF4	135154	-0.009838919522604312	-0.0007323309260400298	148
SDHB	6390	-0.00921303797237201	-0.000579387379201953	145
SDHC	6391	-0.01723801176181019	0.0034905011617733872	5
SDHD	6392	-0.017154134115597634	0.0034266804167766155	116
SEBOX	645832	-0.008827111434065494	-0.002173634447036848	21
SEC13	6396	-0.010216891766192067	0.0008451060730261708	45
SEC16A	9919	-0.014242935433219932	0.0012976943689025297	146
SEC23B	10483	-0.014654206408335431	0.0027681398480553696	86
SEC23IP	11196	-0.00818272977496169	-0.0018928974708362837	115
SEC24A	10802	-0.008993968033188865	-0.001380344097683922	89
SEC61A1	29927	-0.008821668916219449	0.0027805746021767413	128
SEC61A2	55176	-0.012211375269838282	0.004711600668782652	60
SEC61B	10952	-0.008098277949480773	-0.0009536526832321329	43
SEC61G	23480	-0.011555567891391763	0.0016858748473584898	139
SEC62	7095	-0.017311346613566668	0.004765641131024214	2
SEC63	11231	-0.004620288135970263	-0.0026937510398327234	156
SECISBP2	79048	-0.009635057574737396	-0.0008108452480206572	28
SEH1L	81929	-0.007040411005003103	0.001603053053260424	47
SEL1L	6400	0.0014809462650200785	-0.002653357368592226	38
SELENON	57190	-0.01679511203605548	0.00258106098399935	5
SELENOW	6415	-0.015591790700212996	0.001973368578768243	146
SEM1	7979	-0.008132576642846067	-0.0010701608569035057	130
SEMA3F	6405	-0.012360055964046818	0.0008010000092482431	44
SEMA6B	10501	-0.006166135825057471	-0.0029607873564271225	28
SENP1	29843	-0.009796757509079471	-0.0016179666412410522	180
SENP6	26054	0.004452277498120775	-0.007468082649433821	18
SEPHS1	22929	-0.01719375238167054	0.002877089446465645	173
SEPHS2	22928	-0.010550270410127656	0.0014797106887629134	105
SEPSECS	51091	0.00027151404772436633	-0.005205028245703541	12
SEPTIN9	10801	-0.005395234268277441	0.0006619987668133597	164
SERBP1	26135	-2.831078136902814e-05	-0.003793981037158208	8
SERF1B&SERF1A	8293&728492	0.004649566118505059	-0.006516536964323493	42
SERF2	10169	-0.007391855291291029	-0.0023421391116452443	16
SERINC4	619189	0.002527017111343056	-0.005667341132323004	36
SET	6418	-0.010798859402518554	-0.00029565520107863223	112
SETD1A	9739	-0.008042089600122985	0.00283020414927597	72
SETD1B	23067	-0.006613686597515983	-0.003033352822509746	53
SETD2	29072	0.023907868214031444	-0.010635868056809836	30
SETD5	55209	-0.010975414316654856	0.001336487732875664	11
SETDB1	9869	0.004362464165737527	-0.006909281926825199	18
SETX	23064	0.00101352480748021	-0.00388727824552391	99
SEZ6L2	26470	-0.008510507880077501	-0.0016864887397678534	152
SF1	7536	0.011227808878793806	-0.007404727277336203	127
SF3A1	10291	0.0517968426264998	0.0022821018162242253	119
SF3A2	8175	0.050635800827137006	0.005021434911893773	119
SF3A3	10946	0.052053832200514814	0.003792409414474507	119
SF3B1	23451	-0.005050167439279005	-0.003959951105603415	17
SF3B2	10992	0.04690802101578557	0.002132606804939672	119
SF3B3	23450	0.10713131646193241	0.062456929738835515	3
SF3B4	10262	0.046957491065999855	0.0019799027000213017	119
SF3B5	83443	0.10727613412218356	0.06184523435679707	3
SF3B6	51639	0.08845713386171448	0.02676498635867417	3
SFPQ	6421	-0.011603018793977784	0.004443281871075386	11
SFR1	119392	-0.01173118467661603	-0.00023498640225260516	71
SFSWAP	6433	-0.007363813598111806	0.002607899621159238	93
SFTPB	6439	-0.007375939689066294	-0.000787264171773633	239
SGCA	6442	-0.01334885816028383	0.002559007956107862	49
SGCE	8910	-0.012942375590147645	0.00039340530003261853	232
SGF29	112869	-0.01564951173478813	0.0025077387377647467	100
SGMS1	259230	-0.004036547014013567	-0.0031372601703485016	23
SGO1	151648	0.08980464459291866	0.03416275032298131	4
SGPL1	8879	-0.004286522084833746	-0.0010488703383939016	170
SGPP1	81537	-0.013484025315646466	-0.0003251526877969765	32
SH3BP1	23616	-0.014015759793542928	0.002592395264477313	160
SH3GL1	6455	-0.008707361546709902	-0.00155573970965965	56
SH3PXD2A	9644	-0.012678745493274649	0.00013294868396996953	123
SH3RF2	153769	-0.006769882903892042	-0.002462200574714566	142
SHB	6461	0.0041611653299154314	-0.004980985142077195	162
SHC1	6464	-0.009857224771080845	-0.0006145575032203749	96
SHE	126669	-0.020569719031032985	0.006122166796474747	52
SHFL	55337	-0.008672641981328924	-0.0016966835009757813	189
SHLD1	149840	-0.0038081806133348386	-0.0033783694882538583	142
SHMT1	6470	-0.011998012800354443	-0.0004893859902708467	123
SHMT2	6472	0.0007430336607548836	-0.0037712729785003233	122
SHOC2	8036	-0.0050700280521552964	-0.0015256075356125912	157
SHOX2	6474	-0.011561712493786968	0.001773949412638149	206
SHQ1	55164	-0.009266594590384574	0.0011934904090931404	19
SIGLEC1	6614	-0.01708129718166307	0.0032857849438025105	91
SIGLEC14	100049587	-0.014628062948400113	0.0017760256122209645	105
SIGLEC6	946	-0.008545708221917131	-0.0017849868384438121	142
SIK1	150094	0.001241595598766224	-0.006410045050591925	162
SIK3	23387	-0.00875378257376201	-0.0007271631302412428	126
SIMC1	375484	-0.016733045034256978	0.0028524212013763266	5
SIN3A	25942	0.0010200900663461395	-0.00419068435186298	127
SINHCAF	58516	-0.008679496840006939	-0.0005670301686564839	95
SIPA1	6494	-0.013296884834060847	0.002233249659087841	113
SIRPA	140885	-0.005146422448075539	-0.002790092914252428	249
SIRT6	51548	-0.01928797819336846	0.006914205913891835	106
SIRT7	51547	-0.0016734015069766715	-0.00577973907779026	197
SIVA1	10572	-0.007587444691182927	-0.0027609981771520168	217
SKA1	220134	0.0871589369190224	0.031901854908594936	4
SKA2	348235	0.08724985691504854	0.031959014512721776	4
SKA3	221150	0.08759825562041293	0.03249803690669262	4
SKAP1	8631	-0.009498204512133492	-0.0014351002026077404	21
SKI	6497	-0.009300386214879355	0.0007911461908693856	139
SKIV2L	6499	-0.01608063251680464	0.0034048511900248977	116
SKP1	6500	-0.0062244307469463585	-0.002223330085427462	103
SKP2	6502	0.040334137858603514	-0.015731405324934233	1
SLAMF1	6504	-0.010594692356239254	0.0005364080907795124	27
SLAMF9	89886	-0.009651939111379923	9.942859581375262e-05	216
SLBP	7884	0.02058009234889629	-0.010171098734083327	238
SLC16A1	6566	-0.0024815432423023836	-0.0030711544141161476	145
SLC16A3	9123	-0.0005495905185865747	-0.004143163655684711	23
SLC16A5	9121	-0.019399243969062528	0.005505951407372867	2
SLC1A5	6510	-0.005848524343492297	-0.0011310717855468396	74
SLC20A1	6574	-0.008096956384195986	0.0010632293628564165	94
SLC22A12	116085	-0.010275469483444008	0.00017556027826636544	63
SLC22A17	51310	-0.005486181379255743	-0.002167077083094326	208
SLC22A25	387601	-0.0123279662654222	0.001010041407564582	54
SLC22A8	9376	-4.32856300403386e-05	-0.0019728330156525337	94
SLC23A3	151295	-0.017129069852440507	0.0034664101433010807	136
SLC25A1	6576	-0.008657609435623173	-0.0012172326326813931	134
SLC25A10	1468	-0.013045654411961274	0.000997461444027451	109
SLC25A18	83733	-0.008837604757789457	0.0012674163098162332	94
SLC25A19	60386	-0.006914369025059759	-0.0012514609186123737	47
SLC25A22	79751	-0.00661704771282019	0.001294754827715646	94
SLC25A25	114789	-0.0032038208420678356	-0.004687660991010403	6
SLC25A26	115286	-0.005348396205594237	-0.0029552267491764683	194
SLC25A28	81894	-0.016397418908641794	0.002430114042029713	5
SLC25A3	5250	-0.019023251375462527	0.005918219704291357	58
SLC25A42	284439	-0.01315328896449289	0.0004320105129949117	56
SLC25A48	153328	-0.003963897622675213	-0.004482022865546034	53
SLC25A51	92014	0.02199730077062083	-0.009241928753511179	20
SLC26A10	65012	-0.013560232680859341	0.0012099143693642045	48
SLC26A8	116369	-0.006781251255291107	-0.0024746063393585927	33
SLC29A1	2030	-0.020829500951695754	0.006725804898221022	58
SLC29A4	222962	-0.00137349236064648	-0.004613400825139509	68
SLC2A1	6513	-0.010485714557522318	-0.0004220269680036295	180
SLC30A9	10463	-0.000665194150552547	-0.003412021400946261	162
SLC31A1	1317	-0.004816719700285051	-0.0038850165671055177	53
SLC33A1	9197	-0.005920642801682619	-0.003682366459724418	155
SLC35A1	10559	-0.006278832404741933	-0.0030610664157841	78
SLC35A2	7355	-0.0032044259271834506	-0.0045530335874765125	149
SLC35B1	10237	-0.004206527756320469	-0.0021159833754179364	150
SLC35B2	347734	-0.0022836346177715163	-0.0030588509992679515	70
SLC35C1	55343	-0.011420393095441236	0.0019570642233846074	11
SLC35D1	23169	-0.01519876064756049	0.0017511920359799891	204
SLC35E2A	9906	-0.005200186644402396	-0.0012782742820590604	242
SLC35G3	146861	-0.006843526603858679	-0.00205898446214313	182
SLC35G6	643664	-0.000722902629396235	-0.0047157911602236655	62
SLC38A2	54407	-0.004690761103628356	-0.0015702605947562878	41
SLC38A5	92745	-0.016509437962122675	0.0033640875860884104	104
SLC38A7	55238	-0.008486642073427956	-0.0020375221424719183	149
SLC39A10	57181	-0.000362863902855616	-0.0031356791516737037	122
SLC39A4	55630	-0.014754417720268833	0.0020016675515946987	179
SLC39A5	283375	-0.008054104869742458	0.000186000188711032	19
SLC39A7	7922	-0.008434611504808853	0.0010784235676442216	45
SLC3A2	6520	-0.01730991586246365	0.004982492206193918	191
SLC41A1	254428	-0.004978546664724005	-3.0265211423760642e-05	121
SLC4A1	6521	-0.010595171613241696	-0.0008355009487345483	67
SLC4A1AP	22950	-0.017213059024452144	0.004203310482138657	240
SLC4A2	6522	-0.006986483559312478	-0.0017349442400240705	83
SLC4A5	57835	0.00932138411291637	-0.004188736374231844	51
SLC4A7	9497	-0.01362920863112333	0.0026254107550680635	105
SLC52A2	79581	-0.009300662173186654	-0.0004599503309214456	81
SLC5A1	6523	-0.005981556246562162	-0.001709801749254527	122
SLC5A3	6526	-0.011607305359092823	-0.0005136776326389506	123
SLC5A9	200010	-0.011339585132061025	0.0017171469248589465	11
SLC66A1	54896	-0.00014869941278417419	-0.005257242138787934	209
SLC6A17	388662	0.00021689687787377094	-0.004031292523903729	110
SLC6A18	348932	-0.01307325185882563	0.00112884822522864	66
SLC6A6	6533	-0.01299955497186732	0.0006985880248235042	239
SLC6A9	6536	-0.013786299878575716	0.002902754744057324	52
SLC7A1	6541	-0.0089687809813501	-0.0009172081125834945	172
SLC7A5	8140	-0.005150476280053028	-0.002511877852810346	201
SLC7A6OS	84138	-0.004018586343423325	-0.0011418660567694837	19
SLC9A3	6550	-0.01009993764068167	0.0019911919272743235	11
SLC9B1	150159	-0.013459256481040805	0.0016663733030197424	179
SLF2	55719	-0.013140549397244908	0.0013295442343472484	97
SLFNL1	200172	-0.005502006927845075	-0.002483890132151874	185
SLIRP	81892	-0.011363407011632064	-1.7485052487798114e-05	28
SLMAP	7871	0.007879683653338349	-0.002149580700294538	40
SLTM	79811	-0.018317794301533297	0.005462402401711816	167
SLU7	10569	0.020747659843690595	-0.006730921620813641	168
SLX1A	548593	-0.011587511067081556	0.0014407531536714145	150
SLX4	84464	-0.009295592858375097	-0.0006912356781097274	54
SMAGP	57228	-0.0017513417060377055	-0.0024867306561120756	157
SMAP2	64744	-0.012826080198692517	0.0006649470060235769	183
SMARCA4	6597	0.0008209784626964737	-0.005021168042549181	224
SMARCA5	8467	-0.015287070473658963	0.00258172572037403	100
SMARCAL1	50485	6.116523405027363e-06	-0.004883822868087974	162
SMARCB1	6598	-0.01252213041947375	-0.00010648464468769047	146
SMARCC1	6599	-0.014676748153896975	0.0037882935261939945	39
SMARCD1	6602	0.0004645782007308713	-0.005767083131086268	18
SMARCD2	6603	0.00251568846410151	-0.004058511102027931	25
SMARCD3	6604	-0.013832056505610016	0.001018899269135488	71
SMARCE1	6605	-0.008373362587504323	-0.0021449865168912236	114
SMC1A	8243	-0.016841671303728815	0.004083121333625505	22
SMC2	10592	0.043813248632255664	-0.006045881043732775	4
SMC3	9126	-0.01660538359748262	0.005505609397395201	91
SMC4	10051	0.04795266865126888	-0.003905055688907301	4
SMC5	23137	-0.016074537268340783	0.0031861859369229795	104
SMC6	79677	-0.009763313030179056	-7.861290691456483e-05	235
SMCHD1	23347	5.211519914782628e-05	-0.00042157196920027004	19
SMCR8	140775	-0.006876760779822219	-0.0023987269093158387	248
SMG1	23049	-0.0018167624981050444	-0.002503140323017542	131
SMG5	23381	-0.015076016999964935	0.0019483081200255	145
SMG6	23293	-0.010759298053843007	-0.00035286222218135476	182
SMG7	9887	-0.01121087632053505	0.0004465483166732149	48
SMG8	55181	-0.008165609264214358	-0.001326538337991525	56
SMG9	56006	-0.007614496298561137	0.0011235186098583377	94
SMIM29	221491	-0.007672437956000854	0.0007235178646590686	63
SMIM7	79086	-0.01853376034862946	0.003458565434564994	202
SMN1&SMN2	6606&6607	9.273613364618749e-05	-0.004272484491158064	127
SMNDC1	10285	0.02531951304685877	-0.010738189910621827	10
SMR3A	26952	-0.011274065298402946	0.00010529456976264906	60
SMTN	6525	-0.013655905680284908	0.0012324636169506673	120
SMU1	55234	0.10800534221471453	0.06271782574604742	3
SMUG1	23583	-0.0065779763182896404	-0.0015876205731472585	130
SMURF2	64750	-0.010914795833714562	-0.000456187608643121	48
SNAP23	8773	-0.01497508387636032	0.0018690738648994972	204
SNAP29	9342	-0.00012899939039148057	-0.00308985033303199	23
SNAP91	9892	-0.015219784959223812	0.0020625601162074995	75
SNAPC1	6617	0.0026704029923513553	-0.004003837506439444	188
SNAPC2	6618	-0.0005989805734543106	-0.004784242762636938	165
SNAPC3	6619	-0.007652117904268434	-9.427375028894252e-05	171
SNAPC4	6621	-0.00439474397736338	0.00019552468154137537	117
SNAPC5	10302	0.004762789143751837	-0.004326250037440623	31
SNF8	11267	-0.014295607574865523	0.0036471217298568942	116
SNHG32	50854	4.9978825186580425e-05	-0.005495908462785694	55
SNIP1	79753	0.07765607332333511	0.019640594472019414	3
SNRNP200	23020	0.09584883789992107	0.03582874560449819	3
SNRNP25	79622	-0.004167450815144386	-0.0007236716714932803	75
SNRNP27	11017	0.018293605677821494	-0.006085676924439617	196
SNRNP35	11066	0.019906700193474368	-0.008124677306140657	77
SNRNP40	9410	-0.006561237362837604	-0.0004800171901575349	147
SNRNP48	154007	0.0020454346893181074	-0.006502243085611048	18
SNRNP70	6625	0.030062741751884583	-0.009782003392560875	20
SNRPA	6626	-0.004441512338285297	-0.0015533901831987311	103
SNRPA1	6627	0.10564874057093807	0.06141078600454365	3
SNRPB	6628	0.0879674847209929	0.02502735767065377	3
SNRPB2	6629	-0.004452922701510081	-0.0030487511047128106	194
SNRPC	6631	0.017591944530333317	-0.010626738416987835	1
SNRPD1	6632	0.0860988212313918	0.02096587915115805	3
SNRPD2	6633	0.10022420610116198	0.043127518020582054	3
SNRPD3	6634	0.10591270995459101	0.05048933698025569	3
SNRPE	6635	0.03527483647759087	-0.0063292203195503185	196
SNRPF	6636	0.10561696268697873	0.04991704743642607	3
SNRPG	6637	0.1013274698013588	0.0439869103182326	3
SNU13	4809	0.10037464886584203	0.042588727168497875	3
SNUPN	10073	-0.0020640605689200018	-0.0033148818998197578	141
SNW1	22938	0.09984085914583114	0.0420122280596934	3
SNX15	29907	-0.015452125508805446	0.0023699659971805893	86
SNX17	9784	-0.012506117455280956	0.0003074575458394893	198
SNX32	254122	-0.009782021962094168	-0.0007743629252328315	127
SNX33	257364	0.008417096599251972	-0.0068083152818107385	10
SOCS3	9021	-0.007819050684588848	-0.0012364063546333626	102
SOCS7	30837	-0.00968197557091783	-2.216490886629327e-05	105
SOD1	6647	-0.01087668042185601	-0.0010141095383189628	71
SOD2	6648	-0.013265135691347844	0.0007265113796636434	71
SOGA3	387104	-0.010245732310286124	-0.000571650309192682	56
SON	6651	0.02150182479609002	-0.007991635806546087	168
SOS1	6654	-0.007511819888949895	-0.0008602832297174645	124
SOX10	6663	-0.0062999537777809	-0.0021052821152846278	96
SOX12	6666	-0.016911954527109044	0.004335767363261465	58
SOX15	6665	-0.007178301883447886	-0.001317733414417782	171
SOX4	6659	-0.007806706837439562	-0.001798916869660579	133
SOX9	6662	-0.001862412464461427	-0.0032712115181491486	85
SP1	6667	-0.010587993532463445	0.00011942220833420047	96
SP2	6668	-0.01068496647455302	-0.0008127631676182679	115
SP3	6670	0.0038371142660199044	-0.002452286701438733	154
SP5	389058	-0.014522614046185467	0.0011662477975656936	199
SP8	221833	-0.007000242828972023	-0.0014078343405860693	64
SPACA7	122258	-0.016622007042680003	0.0025533374754783834	79
SPAG4	6676	-0.01322879053873256	0.0013814986902903443	130
SPAG5	10615	0.0038233636901354533	-0.00533933279546681	12
SPAG7	9552	-0.0057885427336270235	-0.0022492524927699353	8
SPAG9	9043	0.010523710597188705	-0.007962868340815119	42
SPAST	6683	-0.011796102065639356	0.0001228969671560137	179
SPATA31A3	727830	0.018336174337518548	-0.008406348824187785	35
SPATA31A5	727905	0.016213083635418353	-0.008291880103190744	20
SPATA31A6	389730	0.003154214138833334	-0.0051828303448530665	29
SPATA31A7	26165	0.02141872346542749	-0.009555568125789355	35
SPATA5	166378	-0.0015537114149448935	0.0008743586751569108	38
SPATA5L1	79029	-0.017119498052872335	0.002812962451717806	5
SPATC1	375686	-0.009223194804486304	-0.0009198105409209525	145
SPATS2	65244	-0.0007228658565750064	-0.0016217369308327452	207
SPC24	147841	0.09532042310948954	0.04012027099875465	4
SPC25	57405	0.09448296768083408	0.03940460555469216	4
SPCS2	9789	-0.006686589308062473	-0.0017738946839898073	215
SPCS3	60559	-0.004197787897316349	-0.003917239320155714	114
SPDL1	54908	0.0849069589837089	0.029703507130226507	4
SPDYC	387778	-0.00889486417557689	-0.0012888013843191386	103
SPDYE1	285955	-0.00845830124606337	-0.0015900211827919787	171
SPDYE2	441273	-0.010846073820295404	0.0002688147244286007	132
SPDYE2B	100310812	0.010569068536382162	-0.005495891613361187	220
SPEN	23013	-0.0035418648575156657	-0.004697118008714383	17
SPG21	51324	-0.014977311406685713	0.0014664872823836287	120
SPHK2	56848	-0.007058055910887497	-0.00013375958163847895	65
SPI1	6688	-0.002629202502203175	-0.0001396380531614979	213
SPICE1	152185	-0.0040115972561389586	-0.0004286213807240272	129
SPINDOC	144097	-0.012227294989144226	0.00060292474642595	146
SPINT1	6692	-0.01245126371605436	0.005494969056340888	65
SPNS1	83985	-0.00944278553364982	-0.0010026041331603391	179
SPNS2	124976	-0.0020330636167664607	-0.004084108787998306	230
SPOCD1	90853	-0.011736927554113343	-0.0005863840792113682	112
SPOUT1	51490	-0.01108186272414988	0.01348303694406487	13
SPPL2C	162540	0.007504964273525543	-0.007913776269394051	62
SPRR2A	6700	-0.005194052471296553	-0.002269101295002671	8
SPRR2B	6701	-0.0022571152154114865	-0.00474482648206508	118
SPRR2D	6703	-0.015172532935882893	0.0023570792195130273	14
SPRR2E	6704	0.0014045951103611716	-0.004440410344479282	25
SPRR2G	6706	-0.009380938425909355	-0.0010960779077301766	247
SPRTN	83932	-0.01173665758255438	0.0023444096450971836	11
SPRYD4	283377	-0.0033416375841216145	-0.003558005051658383	142
SPTB	6710	-0.0047859369984397555	-0.003134083195865892	131
SPTBN2	6712	-0.01549392557358381	0.003364292927592891	206
SPTLC1	10558	-0.007973847626880099	-0.001915927503947196	158
SPTLC2	9517	-0.004170599232877073	-0.004468504676656769	53
SPTSSA	171546	-0.012707577093446807	0.00035459722422907704	189
SQLE	6713	-0.005114741942167034	-0.0029093480072420763	142
SRBD1	55133	0.021647629674639207	-0.009066883948714554	59
SRCAP	10847	-0.01036510016233887	0.002032258002576391	11
SRD5A3	79644	-0.015774220380491682	0.003739411683974327	72
SREBF1	6720	-0.01383361045738292	0.0016557257526833718	50
SREBF2	6721	-0.017564501215019547	0.00362552066008696	5
SREK1	140890	-0.0005547535006416398	-0.004134162287967276	143
SRF	6722	-0.0184575214040522	0.006249899166496836	187
SRFBP1	153443	-0.01160094924645063	0.003629387499897792	129
SRM	6723	-0.007356147951414707	-0.002587155572783328	132
SRP14	6727	-0.004931322093795375	-0.0037876910847711677	176
SRP19	6728	-0.00794617754245418	0.00015440762155675858	133
SRP54	6729	-0.007813795489571966	0.0016985581833627735	133
SRP68	6730	-0.01953700648963267	0.0049230893032794374	136
SRP72	6731	-0.005076800804111141	0.0001444059772386659	95
SRP9	6726	-0.019588814538550412	0.004830895016455019	2
SRPK3	26576	-0.011010853995935151	0.0012298907756448602	101
SRPRA	6734	-0.010097484283962612	0.0012873833110739095	133
SRPRB	58477	-0.010271214809993377	-0.0008579857515978013	172
SRRD	402055	-0.006469022903076005	-0.001621040540003617	87
SRRM1	10250	-0.013505808597216925	0.0032626501801542728	72
SRRM2	23524	-0.008695476570773195	-0.0014637422268979196	47
SRRT	51593	0.001982403777940937	-0.005464479868400879	42
SRSF1	6426	0.048633781496776364	-0.011026785832512587	20
SRSF10	10772	0.01900770787630536	-0.0024797218103920654	24
SRSF11	9295	0.0003440227353532852	-0.003942821619680037	118
SRSF2	6427	0.012816732624891511	-0.008331876799965611	76
SRSF3	6428	0.08767459445540718	0.03202705386643308	3
SRSF4	6429	-0.01085574988513057	0.00041724966471582797	27
SRSF6	6431	0.004201698534252275	-0.004616076986566666	140
SRSF7	6432	-0.009413938267419061	0.0009268708739096959	41
SRXN1	140809	0.0013594213910862163	-0.004978728804979925	29
SS18	6760	-0.008977755464240865	-0.0018321505738478436	200
SS18L2	51188	-0.0034380405693575913	-0.003212158625735381	103
SSB	6741	-0.010192856457275976	-0.00026524743132470157	134
SSBP1	6742	-0.007390524880994903	-0.0019438892159934055	145
SSBP3	23648	0.007255595756543388	-0.007488605066929968	30
SSBP4	170463	0.003496721931223647	-0.006562683527248584	7
SSC4D	136853	0.0011535763912925829	-0.005124333224415057	68
SSH2	85464	-0.013155032599618696	0.0007783938882885038	204
SSR2	6746	-0.013824769503593801	0.0008418868065314465	183
SSRP1	6749	0.002559868625373546	-0.0067407890164592	55
SSTR3	6753	-0.017494321685296584	0.0027837520655137247	5
SSU72	29101	-0.013969617647858392	0.003612760411584367	39
SSX2B&SSX2	6757&727837	-0.015724591014666087	0.0019046706448330665	5
SSX4	6759	-0.00379716008077066	-0.001294288505243206	19
SSX4B	548313	-0.005280133046898566	-0.0034597124439028045	99
ST13	6767	-0.009133447679330737	-0.0003709941803086422	44
ST20	400410	-0.010745368111587238	0.00021672878349175549	27
ST6GALNAC4	27090	-0.013197248240471698	0.0021785024826108	139
STAB1	23166	-0.010237492133747564	-0.0006857790380047364	134
STAC3	246329	-0.0024030885523945835	-0.0030197039720111854	38
STAG2	10735	-0.01623573191601787	0.006639707487707431	13
STAG3	10734	-0.00667763275482834	-0.0021907927532861266	115
STAMBP	10617	-0.019251238635270194	0.004340735037115821	22
STARD7	56910	0.01049269997739083	-0.00807842545061885	88
STARD8	9754	-0.013556623655099619	0.0030780262271624453	39
STAT5A	6776	-0.005632808150075164	-0.004260190722147654	17
STAT5B	6777	-0.011690476411124681	0.0002312345438751993	34
STEAP3	55240	-0.009260075861304375	0.00042697228312861795	93
STIL	6491	0.06197795253185401	0.018579635176397397	98
STIP1	10963	-0.00018736555890228794	-0.0035379445911854937	12
STK11	6794	-0.0026050781148308035	-0.0034036818718066707	122
STK40	83931	-0.0185466115583061	0.005811734699078921	2
STMN1	3925	-0.0076475189452641775	-0.0015895830941422449	78
STN1	79991	-0.00943549374340827	-0.0012422619334546382	96
STRAP	11171	-0.011549507067613502	0.0047352679548137	11
STRIP1	85369	0.0027441051473807	-0.0007023367428194263	23
STRN	6801	-0.007841967833760856	-0.0016932488833910776	244
STRN3	29966	-0.011067731977168678	0.000523828662249461	241
STRN4	29888	-0.016237479556640826	0.0022307769092286584	173
STT3A	3703	-0.006973048738765378	-0.0016224653582542544	63
STT3B	201595	0.0016217883315243343	-0.0035498141573355397	74
STUB1	10273	-0.0074889833218494154	-0.001911630190054109	81
STX10	8677	-0.017579182176593253	0.004147998731142651	80
STX18	53407	-0.012962569542670116	0.0013704823460365138	198
STX4	6810	-0.009126502162728402	-0.0006665270767149863	44
STX5	6811	-0.0024133712687144575	-0.004443741879588309	178
STXBP1	6812	-0.011193655969055975	9.138981516629322e-05	48
STXBP3	6814	-0.007305554986718159	-0.0020557893932820477	156
SUB1	10923	-0.013105560264310081	0.0016845006404146833	75
SUCLG1	8802	-0.00889568032046512	-0.0006471393909953129	44
SUCO	51430	-0.004366990691651511	-0.003294041158874279	148
SUDS3	64426	-0.0033404744899768785	-0.0036095254348335994	175
SUGP1	57794	-0.0055681472985880665	0.0002188804158534642	41
SUGP2	10147	0.0024762033184348078	-0.003270198581604218	214
SUGT1	10910	0.018545309523661017	-0.005992757387912792	76
SULT1A4&SULT1A3	6818&445329	-0.0028002704545125063	-0.004312765338241363	53
SULT2B1	6820	-0.010598041265475967	0.0010457175313218436	87
SUMO2	6613	-0.010870384677369952	0.00010354870554724237	113
SUN2	25777	-0.009355089224956058	0.00025334540874349953	121
SUOX	6821	0.00018909432104875	-0.004677063535224044	141
SUPT16H	11198	0.0027175742136208094	-0.005155427164951313	68
SUPT20H	55578	-0.0036117816700543207	-0.004852318725820026	7
SUPT4H1	6827	-0.008945318934601525	-2.414346346126414e-05	90
SUPT5H	6829	-0.012824791521779203	0.0023521914012278326	181
SUPT6H	6830	-0.0035900124141664035	-0.0033668431219815737	12
SUPT7L	9913	-0.008193485782516602	-0.0011528985080832665	152
SUPV3L1	6832	0.0008862344411392678	-0.006396864700964054	18
SURF1	6834	-0.01116909706231134	3.115041443588214e-05	78
SURF4	6836	-0.01695564633861764	0.003149197037491636	100
SURF6	6838	-0.003950927025825793	-0.003909788485877533	162
SUZ12	23512	-0.010114650730444794	-0.0008450114702228561	16
SV2A	9900	-0.005353367248243283	-0.002132268427114019	23
SYF2	25949	-0.009753703855525653	-0.0016135673221607096	232
SYMPK	8189	0.014577230756351844	-0.004612556132730903	246
SYNC	81493	0.0016973901018967454	-0.006711401101406585	18
SYNCRIP	10492	-0.013916222747838224	0.001066871291285734	79
SYNJ2	8871	-0.0053462617094091275	-0.002482259389603945	131
SYNPO2L	79933	-0.009250607860797146	-0.00035167628376743987	183
SYPL2	284612	0.0023004256292522072	-0.006829849592439428	82
SYS1	90196	0.012650784251210388	-0.009826391471903846	177
SYT12	91683	-0.005039522624822202	-0.0013472599761345174	214
SYT15	83849	-0.009048925912163112	-0.0002143457216504365	227
SYT2	127833	-0.0003709086908872237	-0.004858481484530311	110
SYT5	6861	-0.013574534810714179	0.000740734557771623	84
SYT8	90019	-0.00659364362627609	-0.0027688445884233534	78
SYVN1	84447	-0.01744862870175335	0.0038065769583443057	167
SZRD1	26099	-0.017717431306251183	0.0032400687863775837	75
TACC3	10460	0.048771111558523324	0.009016900362569163	98
TADA1	117143	-0.010645301270368845	-0.0001754154675775852	16
TADA2A	6871	-0.0016684645970177676	-0.004221396750308308	193
TADA2B	93624	-0.010394629638958658	0.008367282087232654	26
TADA3	10474	-0.004276618406704543	-0.0020190714701100515	121
TAF1	6872	-0.014060929710310706	0.0009589421301070527	84
TAF10	6881	-0.002184525651026879	-0.005277914242810418	18
TAF11	6882	-0.011512720131836164	-2.112293976982373e-05	244
TAF12	6883	-0.011188884283907392	-0.00015882547992678502	69
TAF13	6884	-0.010235570143145276	-0.000202810128544431	103
TAF15	8148	-0.013676994796752908	0.002253909369633936	109
TAF1A	9015	-0.020288486560386374	0.007463138708356905	52
TAF1B	9014	0.01265087791312354	-0.00733151537787399	221
TAF1C	9013	-0.013721054449602645	0.005588092328422453	13
TAF1D	79101	-0.007671645186872648	-0.0014544201264347137	28
TAF2	6873	-0.003963084903673336	-0.0021399840351965017	81
TAF3	83860	-0.012942298419456004	0.003380089281210847	65
TAF4	6874	-0.004123606651935888	-0.003793556807206591	6
TAF5	6877	-0.016513082734024607	0.0034977606831998616	22
TAF5L	27097	-0.004895435264485128	-0.0034632416857982144	217
TAF6	6878	-0.014057621726017006	0.0030171421977211767	65
TAF6L	10629	-0.004436135868360636	-0.00345804175917551	149
TAF7	6879	-0.011192850615925332	0.00037272498218455955	242
TAF8	129685	-0.018154745292004452	0.0036514397953065093	66
TAGLN	6876	-0.00849088509252046	-0.0012715057887854005	115
TAMM41	132001	-0.004081640496184372	-0.003358006726480902	17
TANGO6	79613	-0.012437146616100523	0.0006645826653089981	48
TAPT1	202018	-0.013052825274788718	0.0017583747442665968	199
TARBP2	6895	0.006582731415417778	-0.007803044990471799	18
TARDBP	23435	0.013801879859369183	-0.0117319000579098	57
TARS1	6897	-0.0020108279322833544	-0.0031928035753363516	143
TARS2	80222	-0.004829011004905978	-0.002855656050547306	248
TAZ	6901	-0.005102853766773429	-0.001181971018124755	140
TBATA	219793	-0.008697110513332211	-0.001344768572541361	158
TBC1D16	125058	-0.004286311133725428	-0.0028490563320495922	62
TBC1D17	79735	-0.02143070748964209	0.00713855546911131	58
TBC1D22B	55633	-0.016860745371791466	0.0027459374724911056	52
TBC1D28	254272	0.008762469534942736	-0.010350811539567288	177
TBC1D3	729873	-0.004006126781276918	-0.00421812199031577	248
TBC1D3B	414059	0.013127141102015679	-0.009237431447283798	1
TBC1D3C	414060	0.003127533574907938	-0.0066766016438286665	62
TBC1D3F	84218	0.00213224526781315	-0.006932718633264878	62
TBC1D3G	101060321	-0.005417713954605221	-0.003072196727639745	134
TBC1D3H	729877	0.0003875454915665316	-0.004811673128654965	143
TBCA	6902	-0.010291175523008634	-0.0004958338561183689	134
TBCB	1155	-0.0072446229713897595	-0.0009069200590093361	122
TBCC	6903	0.03766463650203945	0.03558035130087373	211
TBCD	6904	0.0013334680688614124	0.0038111610542473926	47
TBCE	6905	-0.0026871099991576312	0.008628126331291584	191
TBKBP1	9755	-0.003170853399822658	-0.0043564097053279075	118
TBL1XR1	79718	-0.010911466795188503	-5.9934712198342434e-05	212
TBL3	10607	-0.007370264773813951	0.008716077650017685	9
TBP	6908	-0.007306539187476857	-0.00037304205230414026	43
TBRG4	9238	-0.002783519928233721	-0.0038846357901767543	89
TBXA2R	6915	-0.01328758114556972	0.0011132885944204792	184
TCEAL4	79921	-0.009257470122321506	-0.0016374216564846143	56
TCEAL9	51186	-0.0018504702258273528	-0.005155167451510338	6
TCERG1	10915	-0.018858086893490136	0.004341289599329541	135
TCF3	6929	-0.007322639608124379	-0.0025099180648252327	142
TCHP	84260	-0.015240710118870208	0.00254287969397178	69
TCOF1	6949	-0.003853820438659998	-0.003110193570381974	83
TCP1	6950	0.031629863263892305	0.0370718608040364	211
TDGF1	6997	-0.0021225778120619824	-0.00399689744205486	222
TDP2	51567	-0.017273188347208444	0.0029495280386320146	91
TEAD1	7003	0.004368787843522183	-0.00622721303689355	193
TEAD2	8463	-0.007827354810402093	-0.001614342360648222	28
TEAD3	7005	-0.010243277127405123	-1.8154336987330425e-05	203
TEAD4	7004	-0.004203360565575975	-0.0019616780676495285	216
TECR	9524	-0.009971776581305746	-0.001406352076504472	134
TEDC1	283643	-0.015737463625018364	0.00247383402657341	80
TEDC2	80178	-0.008996375183882837	0.0005657990548770101	27
TEF	7008	-0.01903321125367936	0.004850555310652543	52
TEFM	79736	-0.008250049755890717	-0.0010763858664330215	8
TEKT2	27285	-0.01509699061220057	0.0031901329847294165	153
TELO2	9894	-0.012345567267973334	0.0014063518151800239	109
TEN1	100134934	-0.01317199205698701	0.0003138187686696826	50
TENT4B	64282	-0.007928609686298754	-0.0009254848420238098	148
TEPSIN	146705	-0.006090296649706285	-0.0029651586322747624	8
TERF1	7013	-0.012893764035561854	0.0013662273197254217	50
TERF2	7014	0.0025148426681825173	-0.009062626133281012	138
TERT	7015	-0.013885757765420684	0.0015027548731336297	34
TESK1	7016	0.017090929048688187	-0.00801411381231849	35
TEX10	54881	0.0018789838255401712	-0.0022419032341267483	110
TEX101	83639	0.003444433574769794	-0.005332214175138583	162
TEX19	400629	-0.010629063061941389	-0.00042568150507495047	44
TEX29	121793	-0.008398447451452682	-0.0021635592317554245	189
TFAM	7019	-0.004377730649927614	-0.0034459906320322264	96
TFAP2C	7022	-0.009755868271546963	-0.001019611989471984	111
TFAP4	7023	-0.0072800904788999	-0.0018172325130357515	144
TFB1M	51106	-0.01065924118746232	-3.1832406334856686e-06	43
TFB2M	64216	-0.0049698345996206	-0.0024433614647188574	151
TFDP1	7027	0.030833587717837833	-0.012418040872152689	20
TFG	10342	-0.010280790941608511	9.611616360118014e-05	249
TFIP11	24144	0.029953304729708904	-0.005067225956082378	168
TFPT	29844	-0.012588732584450238	0.002333229192816215	60
TFR2	7036	-0.01497884063643111	0.0022760559550896948	37
TFRC	7037	-0.004284159140255097	-0.002673745879284606	23
TGFBR1	7046	-0.010986863034814295	0.0010376027365386969	133
TGFBRAP1	9392	0.01656570674131468	-0.006259670886473832	59
TGS1	96764	-0.02180327959433887	0.007417182658825168	14
THAP1	55145	-0.002355450943479929	-0.003696732753181214	115
THAP11	57215	-0.007399683216447395	-0.0012888191968861997	161
THAP12	5612	-0.007632853520128522	-0.0011474928927086461	241
THAP4	51078	-0.012033538105120138	0.0013230362908652924	75
THAP7	80764	-0.007312832883995623	-0.00039887095195984207	121
THG1L	54974	-0.014532114644293442	0.0025974118011919197	13
THOC1	9984	0.004279517779333866	-0.004765365553841035	128
THOC2	57187	-0.011513660194694766	0.001497626274512222	137
THOC3	84321	0.015479709510937205	-0.005501694411383741	20
THOC5	8563	-0.007052900630505085	0.0015398132649916633	94
THOC6	79228	-0.013632142145752627	0.0014064817691515862	231
THOC7	80145	-0.00448060624259008	-0.0018784348378377844	178
THRA	7067	-0.003736435477258556	-0.0029739548079061955	12
THRSP	7069	-0.02190012898332992	0.006002073682647946	14
THUMPD1	55623	-0.001765244854507705	-0.004004847674022628	12
TIAL1	7073	-0.013817601712428558	0.004160040000971954	16
TICRR	90381	0.04194594755287384	-0.013221977892691975	1
TIE1	7075	-0.008957086783909761	-0.0012931549622257575	239
TIGD1	200765	0.010310715774079712	-0.00634645354219039	51
TIMELESS	8914	0.023606491851391388	-0.012132763343515112	77
TIMM10	26519	-0.014839165578598613	0.002162232800867732	173
TIMM13	26517	-0.016467166619872613	0.004067088453686385	91
TIMM17A	10440	-0.01328684270416194	0.0002781463509383892	146
TIMM22	29928	-0.008941379729198668	-0.0013031746614159154	176
TIMM23	100287932	-0.007649099763771502	-0.002322215275391401	134
TIMM29	90580	0.004975280099544063	-0.008436431221158117	177
TIMM44	10469	-0.013077848938761842	0.0019227133037337928	113
TIMM50	92609	-0.009075154637980351	-0.0004969656461823076	239
TIMM8A	1678	-0.014133010756623198	0.0029753903657715264	181
TIMM8B	26521	-0.0023170776838906753	-0.005164196642735905	33
TIMM9	26520	-0.008456159793222943	0.00274366409039229	164
TIMMDC1	51300	-0.019042677459885856	0.004946905205502019	2
TINF2	26277	-0.009013118285984802	-0.0022715041990247916	44
TIPARP	25976	-0.022824116568706428	0.005966557047783588	14
TIPIN	54962	0.011277196563255458	-0.008118921932415363	77
TIPRL	261726	-0.010953612106108677	0.0009256175711591176	101
TKT	7086	0.016538245131541958	-0.008741080406994261	10
TLCD1	116238	-0.01841567341960956	0.0035266831689301768	22
TLCD3B	83723	-0.011766759515851152	-0.0002055574377587777	132
TLE3	7090	-0.0004730584337055143	-0.003862731482353702	122
TLK2	11011	0.004629222462045271	-0.00520695807408951	35
TLN1	7094	0.023830537632582638	-0.01029314800656454	35
TM2D1	83941	-0.011258621882880264	-0.00010847102694080027	239
TM2D2	83877	-0.012639815091821782	0.0009269262161975433	183
TM2D3	80213	-0.012859169132154796	0.0006360565112847861	44
TM7SF2	7108	-0.009687099286918367	0.00073592724771993	27
TM9SF2	9375	-0.01950130635224614	0.005961078307717956	2
TM9SF4	9777	-0.0011842117341786774	-0.003746982080840642	110
TMA16	55319	-0.0045913273746638755	0.02025174495498046	26
TMA7	51372	-0.008895204391739424	0.0003874420799904649	102
TMCO3	55002	-0.0077128665342974505	-0.0014999938654761012	78
TMCO6	55374	-0.01932495145427587	0.005765631941869429	14
TMED10	10972	-0.010046313608258507	-0.0010965186563281157	34
TMED2	10959	-0.009018270859990924	0.001860379857028498	164
TMED5	50999	0.005798450498059194	-0.0066149900230253805	61
TMED9	54732	-0.009535318199691221	-0.00042939178766182546	47
TMEM104	54868	0.005115423442358934	-0.008481861641981829	177
TMEM127	55654	-0.005604831349287988	0.0009159172378574	38
TMEM130	222865	-0.003009831614541193	-0.0035316231560473467	118
TMEM131	23505	0.01778106408676564	-0.0077509040971233826	108
TMEM132A	54972	-0.0119081906558497	0.001110765955241904	113
TMEM143	55260	-0.007805577715497161	-0.0019312881662214313	152
TMEM145	284339	-0.00635137346683888	-0.0018279591626452916	23
TMEM147	10430	0.001453292201633765	-0.005101416150137766	162
TMEM165	55858	-0.016924091502800186	0.004847245192964731	136
TMEM167A	153339	-0.010842619281063134	0.0001496552010516764	60
TMEM183A	92703	-0.007898944760453984	-0.0010727308768596934	103
TMEM189	387521	-0.0011928417955338012	-0.0047111915968409464	178
TMEM189-UBE2V1	387522	-0.000505652277288144	-0.0055103357592186115	224
TMEM199	147007	-0.008231848186992217	-0.0018562168427723729	12
TMEM200B	399474	-0.01587583967092741	0.004722806306045389	139
TMEM201	199953	-0.0003211818539701454	-0.0038639009043239356	110
TMEM208	29100	-0.0036483092717448685	-0.0033272228965495125	227
TMEM209	84928	-0.01144432600785605	0.0015862089175390213	37
TMEM230	29058	-0.009754095927745118	-0.0013792015004580854	111
TMEM240	339453	-0.007573473049801041	-0.002843884693553343	217
TMEM242	729515	-0.016406849745778163	0.0023335063440616225	52
TMEM258	746	0.007598783718543499	-0.00605209709668213	35
TMEM259	91304	-0.015927536720100985	0.002887740655033621	240
TMEM30A	55754	-0.016784446901280697	0.002554421655844599	245
TMEM41A	90407	-0.004403656613939811	-0.0036704102676224336	165
TMEM41B	440026	-0.008062382126468735	-0.0019754427168045497	134
TMEM44	93109	-0.006858740951359607	-0.0016868029589155386	144
TMEM63A	9725	0.0006804200783963534	-0.004386365813473439	64
TMEM63B	55362	-0.009131509855817177	-0.0017795403743817758	142
TMEM64	169200	-0.01402421743322468	0.000532561180654904	146
TMEM69	51249	-0.015845560230147167	0.0022935109122008846	231
TMEM82	388595	-0.011565405874594939	-0.00010816361686478011	105
TMEM87A	25963	-0.016520854614104744	0.00341709826217799	116
TMEM97	27346	-0.00823861503807379	-0.0026279418090415204	21
TMOD4	29765	-0.000265804728539047	-0.0033466141535750775	208
TMSB10	9168	-0.008460542912436008	-0.001120682647392997	134
TMUB2	79089	0.0022025830731362043	-0.005081189844621964	197
TMX1	81542	-0.01752508423129902	0.0028512736513341677	66
TMX2	51075	-0.006068970533958814	-0.00015228167756658155	94
TNFAIP2	7127	-0.019968920944612837	0.004850499940272913	52
TNFRSF12A	51330	-0.014625599330363028	0.0015699874008970804	153
TNFRSF8	943	0.005515306206092171	-0.008054140500982685	18
TNKS	8658	-0.01566446754974155	0.0012527515275813274	32
TNNT1	7138	-0.005781679825031556	-0.0034821180886028084	217
TNNT2	7139	-0.016945760579062663	0.0028908602248975475	97
TNPO1	3842	-0.013795664366132212	0.002675485102324355	86
TNPO2	30000	-0.011939881190558131	0.0011630398086225396	137
TNPO3	23534	-0.009355879265378812	0.00014151442085904838	5
TNRC6A	27327	-0.004333470697018118	-0.0027918132318042596	205
TNS2	23371	-0.002657968214216645	-0.003060727351841429	38
TNS3	64759	-0.001315363163542243	-0.003855315419102174	64
TNXB	7148	-0.016004070260742367	0.003222668168939751	100
TOB2	10766	0.0005967037118773399	-0.0019933187748315136	170
TOE1	114034	0.0011404606665460142	-0.005331143817891569	237
TOMM20	9804	-0.014795060064071941	0.0014005996631624845	79
TOMM22	56993	0.0019329602375193712	-0.00427204856887891	157
TOMM40	10452	-0.007794811160046009	-0.0012068782833742203	178
TOMM70	9868	0.004230088057069554	-0.006087651599924269	64
TONSL	4796	0.03493874029893724	-0.014467291110854064	1
TOP1	7150	-0.008913238554152906	-0.0015555669418415713	28
TOP1MT	116447	-0.006952994235152736	-0.00013376937746904615	207
TOP2A	7153	0.05240177000032258	0.0002721717894725317	4
TOP3A	7156	-0.010191689150842577	0.0009419390863812738	75
TOP3B	8940	-0.015188394792611137	0.0023330475497556004	5
TOPBP1	11073	0.034974098289649765	-0.013954996985365335	1
TOR2A	27433	-0.01415168987692234	0.0026644608815384755	49
TOX4	9878	-0.005949019895373152	-0.0032705197256312933	114
TP53BP1	7158	-0.010151563478966943	0.00034512162996612445	95
TP53I13	90313	-0.011755118021575224	-0.0004868062474602327	28
TP53I3	9540	-0.00687822874840476	-0.002613608387550095	115
TP53RK	112858	0.0011612010758262385	-0.004417286093166744	29
TP53TG3B&TP53TG3	24150&729355	-0.009435353851146166	-0.0007141718850038603	172
TP53TG3C	653550	-0.006367806505028658	-0.001988596113172162	124
TP53TG3D	729264	-0.0035780952035091612	-0.0031404112219352103	194
TP63	8626	-0.010637914591978923	-5.695597752250409e-05	44
TPBG	7162	-0.019417989788229933	0.004123189528859541	52
TPBGL	100507050	-0.004865730575670159	-0.0011826146154247294	186
TPH2	121278	-0.012835413650294687	0.002091317309682321	132
TPI1	7167	-0.012070961229500599	0.0006430704402312384	43
TPM2	7169	0.01443001977298668	-0.007240752379332839	35
TPM3	7170	-0.007577227942265641	-0.0015059469389713336	81
TPM4	7171	-0.010376128063910557	0.0012977919307067473	181
TPR	7175	-0.010152083809207953	-0.0008310464653275018	84
TPRKB	51002	-0.009981121585905743	0.002332319812236983	94
TPSG1	25823	-0.006112403151463492	-0.001945108643711692	48
TPT1	7178	-0.01825589455346498	0.003391644561538117	66
TPTE2	93492	0.005860898484529113	-0.0034784524174040965	51
TPX2	22974	0.0393241542079673	0.006431889103644936	98
TRA2B	6434	0.012708933839261985	-0.004991177640269729	76
TRAF2	7186	-0.012524986829566043	5.2149205011534094e-05	67
TRAF3IP1	26146	-0.003227306806334483	-0.003720120686976092	161
TRAIP	10293	0.06722927627885503	-0.005502278344917958	1
TRAPPC1	58485	-0.010443607187450153	-0.0008559118988763582	123
TRAPPC11	60684	-0.0043851719671927645	-0.003741139146951462	17
TRAPPC2B	10597	-0.011467367553897176	0.0014071914296640256	150
TRAPPC2L	51693	-0.011382482833128454	-0.0010353115482005292	155
TRAPPC3	27095	-0.014592658952901674	0.0012171342146395162	73
TRAPPC4	51399	-0.01556532738301395	0.0017580843954848888	84
TRAPPC5	126003	-0.001934832622338677	-0.00409883781697295	61
TRAPPC6A	79090	-0.008033537246085921	-0.001213830954608418	185
TRAPPC8	22878	0.0025934025828388257	-0.005161906054374608	178
TREML2	79865	-0.0146224376597014	0.0014935116980317874	80
TRIAP1	51499	-0.006742379436758425	-0.0010371795429053128	23
TRIM24	8805	-0.011224319705619153	0.0024638531963561334	94
TRIM28	10155	-0.008266927447406928	-0.0011940182909518562	48
TRIM33	51592	-0.012231478482213216	4.187510098769597e-05	111
TRIM35	23087	-0.00957229226273452	-0.0009394543147218365	112
TRIM37	4591	0.013154232809394687	-0.004901784975013307	117
TRIM41	90933	-0.016638319910839732	0.0023327221877492	32
TRIM43	129868	0.021652741151349783	-0.005695251439185332	59
TRIM44	54765	-0.00037436729185437255	-0.0036752940317520966	25
TRIM46	80128	-0.017774040558052286	0.0033525851690911603	195
TRIM47	91107	-0.0023249463471171124	-0.0052125907713418025	224
TRIM48	79097	-0.004463494722792478	-0.0027340259763892994	144
TRIM49B	283116	-0.003276383526212034	-0.0036097052239217504	85
TRIM49C	642612	0.01288696521369752	-0.006883058477515083	20
TRIM52	84851	-0.010277948639809145	0.0003004609916889617	45
TRIM54	57159	-0.007727581695699788	-0.001987539268674601	209
TRIM64B	642446	-0.0069080604618312795	-0.0026814962870553628	171
TRIM73	375593	-0.0037898806165287823	-0.004532785694442931	53
TRIM74	378108	-0.011225775223326687	-0.0003029050183294747	171
TRIM9	114088	-0.017653922411531527	0.0037825470852626774	2
TRIP12	9320	0.007315665824052959	0.0014650028903635938	117
TRIP13	9319	0.013402948832776354	-0.008102627077679697	220
TRIP6	7205	-0.013887442235587927	0.0016305585534637944	231
TRIR	79002	-0.0060387801679873485	0.004669725227636571	164
TRIT1	54802	-0.007127370689260878	-0.0022920828310208762	156
TRMT1	55621	-0.01088829183375403	0.0005980052871796951	100
TRMT10C	54931	-0.011535849547025618	-4.593266226932044e-05	67
TRMT112	51504	-0.019710343724204327	0.013117319901815461	106
TRMT2A	27037	0.002622685277561884	-0.0038570071184073694	76
TRMT5	57570	-0.013623805601574997	0.0015510139162091042	50
TRMT6	51605	-0.01654782182703437	0.004954416060021712	129
TRMT61A	115708	-0.009292518197816658	-0.0012218276315539565	148
TRMU	55687	-0.0038611017146862542	-0.003966372329819636	8
TRNAU1AP	54952	0.0027491995660881255	-0.004338216260974155	140
TRNP1	388610	-0.008417018892711084	-0.001269529941835951	126
TRNT1	51095	-0.010642087789648105	-0.0002685772906217214	28
TROAP	10024	-0.0032528968189751164	-0.0026371410394055864	144
TRPM2	7226	-0.0027283278781438667	-0.0031878091089559244	25
TRPM7	54822	-0.00692902852770614	-0.002451754892992156	138
TRPV2	51393	0.0035439535580060496	-0.0065643846896103674	61
TRRAP	8295	0.012823243829559197	-0.00851756405390843	30
TRUB2	26995	0.0014430791451996898	-0.005305727861304154	57
TSACC	128229	-0.0005714020520713799	-0.005285725461208222	68
TSC1	7248	-0.006481393186379531	-0.0009312527035403459	103
TSC2	7249	-0.01697742708161217	0.005530160560880498	49
TSC22D2	9819	0.003946610582784694	-0.005605533813505642	88
TSEN15	116461	-0.017408401085287132	0.002986911934408839	32
TSEN2	80746	-0.015284385578478495	0.0014753211431023003	219
TSEN34	79042	-0.016024529050759306	0.0018891793718027099	219
TSEN54	283989	-0.007544007202116866	-0.0024474257339145338	115
TSFM	10102	-0.0074487803847488356	-0.001281405497637349	126
TSG101	7251	-0.005610116657296102	-0.0035805385488361947	17
TSPAN31	6302	-0.018486302574565055	0.004425885229431265	2
TSPYL1	7259	-0.015559404469819363	0.0022146695097898486	219
TSPYL5	85453	-0.020076972119891803	0.006570594629537647	2
TSR1	55720	-0.013128005806580878	0.0031396522226008732	179
TSR2	90121	-0.012810636911194238	0.0026273879376672482	185
TSSC4	10078	-0.008999274918308145	-0.0006450813545349542	54
TSSK2	23617	-0.0011207376272482357	-0.003620695062620421	227
TSSK3	81629	-0.022187708976434118	0.007420858722368965	58
TSSK4	283629	-0.007362975388098111	-0.0004515615826687994	131
TSSK6	83983	-0.00839173426324396	-0.0016288039701138745	114
TSTA3	7264	-0.013741591962707536	0.002986567986684764	72
TTC1	7265	-0.008008650774192801	-0.0021174363246334216	78
TTC14	151613	-0.01697828857565346	0.0027864054838079595	92
TTC27	55622	0.01400136950881529	-0.00489669809662335	38
TTC31	64427	0.0021497041372572907	-0.005943402843478091	68
TTC37	9652	-0.01178457926365416	0.002057741920286769	129
TTC39A	22996	-0.013010163855028274	0.0012340219892125067	231
TTC4	7268	-0.02003243457812599	0.0039789844460247515	14
TTC5	91875	-0.0024975019895523143	-0.0023374124626499397	93
TTC7A	57217	-0.010472400016464323	-0.0009096265345464365	44
TTF1	7270	-0.01311764312688355	0.000757568037825505	219
TTF2	8458	-0.0023006440235356245	-0.0027721957232683557	93
TTI1	9675	0.0015903965716775547	0.003509764580155849	154
TTI2	80185	-0.01881338236646833	0.009035069057169654	22
TTK	7272	-0.012799371496428607	0.00088093425585103	204
TTLL11	158135	-0.005371263105712555	-0.0030600345682394417	237
TTYH1	57348	-0.012024749246813515	0.0016020188573911583	120
TUB	7275	-0.008110498266719866	-0.0017499251012330797	81
TUBA1A	7846	-0.012542346193987731	0.0013462352479628556	54
TUBA1B	10376	0.04307583306263017	0.01657305233880423	211
TUBA1C	84790	0.039696698717555254	0.033060243414927394	211
TUBA3D	113457	0.01641403753724084	-0.007009953362552903	59
TUBA4A	7277	-0.003171180535348897	-0.005146459497429924	7
TUBB	203068	0.04053795013763002	0.03198472985946702	211
TUBB2A	7280	-0.008308479432975096	-0.0012132649590880472	201
TUBB3	10381	-0.008459431837706666	-0.0007153751780940891	8
TUBB4A	10382	0.0015438548187845975	-0.003887460406591766	107
TUBB4B	10383	-0.0009799772037870087	0.0016256480051188133	191
TUBB8	347688	0.019303260206192958	-0.008658791997029767	221
TUBB8B	260334	-0.0034767193516328414	-0.0008163667173616972	51
TUBD1	51174	-0.008622679629771804	-0.0009196063391435857	56
TUBE1	51175	-0.009029595158268594	-0.0011236255195469082	133
TUBG1	7283	0.033254997213832224	-0.004559876432750366	168
TUBGCP2	10844	0.04078379504993531	0.005508621985884273	98
TUBGCP3	10426	0.037499046717253834	0.0028149223179807234	98
TUBGCP4	27229	0.023093465992589265	-0.007362953208470203	77
TUBGCP5	114791	0.0012550734490382434	-0.0037717342861893007	162
TUBGCP6	85378	0.047269775317269044	0.007043865009481016	98
TUFM	7284	-0.005462869957483483	-0.0035605894887444623	149
TULP1	7287	0.0032706734386645257	-0.005008566759091392	76
TUSC2	11334	-0.011361720349882577	0.0011271561145547277	240
TUT1	64852	0.09562882000552735	0.03557382951282472	3
TVP23C	201158	-0.005534974650895168	-0.0031149577927634276	248
TWF1	5756	-0.01522702395313965	0.003085117879183013	49
TWISTNB	221830	-0.005837585522550527	0.006586844513908162	26
TWNK	56652	-0.007507943746878829	-0.0009934455921812863	152
TXN	7295	-0.016868873710540657	0.0028390058798890574	153
TXN2	25828	-0.009948533007897113	-0.0006556397710614961	47
TXNDC17	84817	-0.0026823036195108966	-0.005302373206092669	21
TXNL4A	10907	0.07098297397312	0.0034453963842118384	3
TXNL4B	54957	-0.019231189884072505	0.004789331844539194	22
TXNRD1	7296	-0.013450580451645926	0.0035727622127617463	16
TXNRD2	10587	-0.002548717457058279	0.00027567714611302885	93
TYK2	7297	-0.007228115439469365	-0.0024662236529685976	33
TYMS	7298	-0.016910890059423884	0.0028316406336047883	75
TYW1B	441250	8.132736261030364e-05	-0.004350375214558428	122
U2AF1L5&U2AF1	7307&102724594	0.08213727145606167	0.018111416108432078	3
U2AF2	11338	0.058208814078907316	-0.004191035942161786	1
U2SURP	23350	0.02502176504127547	-0.0007217825871242336	24
UAP1	6675	-0.004629175845157583	-0.0020366223669250065	213
UBA1	7317	0.0038562251669670726	-0.00543747208331615	68
UBA2	10054	-0.006966293488610436	0.00588557456666004	109
UBA3	9039	0.01919067709418795	-0.01125801482433946	57
UBA5	79876	-0.00667080531811041	-0.00018797892917880686	95
UBA52	7311	-0.0032931677456054546	0.03857450606040823	0
UBA6	55236	-0.00363016752155884	-0.002248746332348291	142
UBAC2	337867	-0.017057150121873615	0.0024821604829636124	5
UBALD1	124402	-0.010415987479367018	-0.0009324564770587777	171
UBAP1	51271	0.013499460116520276	-0.006898183933441733	46
UBAP2L	9898	-0.01309402620188879	0.0017369303989146572	101
UBASH3A	53347	-0.012349989153482274	0.001616450833422955	159
UBB	7314	0.010208821546719347	-0.006932543053620158	59
UBC	7316	-0.009998224003732245	0.0011535525145441783	121
UBE2A	7319	-0.008822285819141715	0.002083700333973252	11
UBE2C	11065	0.01657402875100807	-0.004307728211211221	24
UBE2D3	7323	-0.010178999464907131	0.002543823245072424	11
UBE2G2	7327	-0.007573146060651716	-0.0014677755844020519	161
UBE2H	7328	-0.0038116199214547576	-0.003223833413921338	107
UBE2I	7329	0.01798404866929945	-0.007148857246175309	30
UBE2J2	118424	-0.015714894058341675	0.0030702632055257906	104
UBE2K	3093	-0.010551017532217002	0.009110040034006367	9
UBE2L3	7332	-0.0003822541452247991	-0.002418796697736183	242
UBE2L5	171222	-0.008083604776360342	-0.0005518807674745824	96
UBE2M	9040	0.009569679649277778	-0.007871189620656485	35
UBE2N	7334	-0.003708081019922462	-0.0017905552112751988	186
UBE2O	63893	-0.017815892897876426	0.003672921714795921	153
UBE2Q1	55585	-0.00629077384960599	-0.0032171719311599517	217
UBE2Q2L	100505679	-0.008089259125266205	-0.0015673534089307188	15
UBE2R2	54926	0.018022109997368804	-0.008685114311703362	20
UBE2S	27338	-0.00698931304465765	-0.0017542818103734492	152
UBE2T	29089	-0.0022114994492944797	-0.004672626636836233	55
UBE2Z	65264	-0.009381298592778165	-0.001341873090268152	172
UBE3D	90025	-0.006910816325750524	-0.0031661378065376902	212
UBE4B	10277	0.000126860994801423	-0.005166252430450788	162
UBFD1	56061	-0.00010195151906436015	-0.0045951243240870045	143
UBIAD1	29914	-0.007273533982424865	-0.0021864335034004275	209
UBL5	59286	0.07514766139194436	0.009467062170375674	3
UBQLN1	29979	-0.01685885267193512	0.002734303245352426	73
UBQLN4	56893	-0.016801685944355778	0.002863917392069775	91
UBR4	23352	-0.0006821347005292152	-0.0007003748355567593	99
UBR5	51366	-0.018130205580141348	0.0041847323917260275	91
UBTF	7343	0.001843950115436903	-0.006660548533352586	55
UBXN1	51035	-0.013460268384789364	0.0020470272160035955	84
UCHL5	51377	-0.00444339345558244	-0.003264802267663083	215
UCN	7349	-0.006625116667936186	-0.0018897346191433994	8
UFC1	51506	-0.006048433415999841	-0.0006756865019243235	124
UFD1	7353	0.0016469818543440868	-0.006030489196387481	18
UFL1	23376	-0.01953106304479258	0.0052922628756742205	22
UFM1	51569	-0.004695110090606312	-0.002557103109043126	178
UFSP2	55325	-0.01002817527470182	-0.0008142685615604361	112
UGCG	7357	-0.004964255468947556	-0.0012231193048391252	74
UGP2	7360	0.0014284348423004847	-0.0036564592701617475	38
UGT2B11	10720	-0.007106575242974459	-0.0018532432786547808	17
UIMC1	51720	0.0064393855212644905	-0.003825223119714988	40
UMPS	7372	-0.008015103865877709	-0.0016409561931503397	134
UNC119	9094	-0.015038001658569822	0.0023806244394320424	234
UNC119B	84747	-0.012524472973783401	0.0004365086992407583	182
UNC13A	23025	-0.009594366189088283	0.00013351853152553312	43
UNC13D	201294	-0.008058748360938091	-0.0010207306093163203	242
UNC45A	55898	-0.011435121944597044	0.0006169587057180801	203
UNC50	25972	0.008069509743882625	-0.006590801091741848	88
UNC5B	219699	-0.011646154774940373	0.0013753352392885283	132
UNC79	57578	-0.0092267272116168	0.0015878109309716327	11
UPF1	5976	-0.01725999079506309	0.00245246664756213	163
UPF2	26019	-0.0169177679757865	0.002534903898009787	202
UPF3A	65110	0.0014356958711606185	-0.006058858559668104	55
UPK3BL1	100134938	-0.008707853066139587	-0.0010508777845159984	151
UQCC1	55245	0.00044115681554048503	-0.0022414619427668066	110
UQCC2	84300	-0.0030659418599959277	-0.003764966292942552	68
UQCC3	790955	-0.012670906522752604	0.00014308298613220112	16
UQCR10	29796	-0.007082535940795043	-0.0004567638546380417	95
UQCRB	7381	-0.007219927284427689	-0.0012882470845253194	150
UQCRC1	7384	-0.007372515001991065	-0.0003492541798716508	192
UQCRC2	7385	-0.015816988144319363	0.0026723895650239368	69
UQCRFS1	7386	0.002774950503471447	-0.006819161009044512	82
UQCRH	7388	0.0013426951291420056	-0.003737011272752531	40
UQCRQ	27089	-0.014759187820887233	0.003336806318257532	13
URB1	9875	0.0012619764932633223	0.01881122816699822	0
URB2	9816	-0.007150557146598106	0.01870369384755887	26
URI1	8725	-0.0009645380871582479	-0.0029694851605601143	15
URM1	81605	-0.01656230154191516	0.003641787711973662	116
UROD	7389	-0.004886378336235818	-0.0038121020945309607	7
UROS	7390	-0.007824008730915617	-0.0013408185580760905	23
USE1	55850	-0.0011470364471641416	-0.00556474218540529	33
USF2	7392	-0.015045455948234502	0.003405183305051243	136
USH1G	124590	0.002558074279292473	-0.006986810424012565	6
USHBP1	83878	-0.005567131743422246	-0.002880607243323221	165
USP1	7398	-0.014552778191018603	0.002400265886399984	167
USP10	9100	0.0037761452188543147	-0.004326595119318129	25
USP14	9097	0.00032312254487102684	-0.006105796691828374	18
USP17L12	100287205	-0.003079648101122087	-0.0029855356285343926	12
USP17L13	100287238	-0.010653927289226752	0.00012179888758822433	223
USP17L19	100287404	-0.0005183122740872731	-0.00018358299092141982	236
USP17L2	377630	0.00213520913843274	-0.00428245293194191	124
USP17L21	100287478	-0.0037879294209580195	-0.0026569517019251823	165
USP17L5	728386	0.009144189626464473	-0.006482892615824213	76
USP18	11274	-0.009317236928263705	-0.000498896502145459	147
USP19	10869	0.008972626596754256	-0.004634973944992928	174
USP32	84669	-0.015180162735487192	0.002509881931720645	84
USP35	57558	-0.00976234227256115	0.0004897381621515524	27
USP36	57602	-0.010172160161766978	0.001039758127991577	133
USP37	57695	-0.020528630189586512	0.0053382795479226175	14
USP39	10713	0.03842788212669724	-0.006194803078587468	10
USP4	7375	0.01655952886997782	-0.009609313479008114	10
USP48	84196	-0.014550213917082543	0.0011122964652714043	71
USP5	8078	-0.010754926238533054	0.00047154650315415754	126
USP6	9098	-0.01172126561930808	-0.0004321928199382569	71
USP7	7874	-0.004535289043277462	-0.002807974512418353	114
USP8	9101	0.00395998292332756	-0.005054806369209322	40
USP9X	8239	-0.013571106020510891	0.001436557534407396	192
USPL1	10208	0.09466976950668868	0.03534022902008227	3
UTP11	51118	-0.010506076714606183	0.00825705497475863	9
UTP14A	10813	-0.006358387475809679	0.007630938212067603	164
UTP15	84135	0.00733635080380094	0.012471865541705722	9
UTP18	51096	0.0028478509738833185	-0.004192652017291799	213
UTP20	27340	-0.018297671372998134	0.006211299648057474	91
UTP23	84294	0.0011997788442896246	-0.003739829461791739	157
UTP25	27042	-0.015597599545661733	0.0032892504667284424	139
UTP3	57050	-0.014862014834082211	0.007314447422660427	191
UTP4	84916	-0.020219041568649457	0.005919383420804586	2
UTP6	55813	-0.009237196414272963	0.008447992572038049	9
UVRAG	7405	-0.013724281506460417	0.001540490232857345	145
UVSSA	57654	-0.01374286377308518	0.002600727140920305	94
UXS1	80146	-0.00445523796514875	-0.0025614764682671803	149
UXT	8409	-0.00521393631232838	-0.0018722235658703147	15
VAC14	55697	-0.01126329114433804	-9.19078739495163e-05	16
VAPA	9218	0.00371690530653836	-0.002042836722563012	121
VARS1	7407	-0.017004157164533507	0.005383237730097077	187
VARS2	57176	-0.009939493529032572	0.0009046786978313367	27
VASN	114990	-0.012601931886493627	0.00018794536246175298	182
VAT1L	57687	-0.00699280996097817	-0.002279598343002465	28
VBP1	7411	-0.008575871069104216	-0.0013365474598454777	244
VCL	7414	-0.015548124344650699	0.0027406160720864466	240
VCP	7415	0.03645407020613816	-0.014067173165975035	57
VCPIP1	80124	-0.009509208319161052	0.0001878401858858051	87
VCX3A	51481	0.001994945073917469	-0.003658542565654175	64
VDAC1	7416	-0.003681980444925344	-0.0035680894246658598	8
VDAC2	7417	-0.0061304432118754575	-0.0017420286872180258	103
VEZT	55591	0.00041306833261436335	-0.004251227500951878	162
VHL	7428	-0.00834975059695346	-0.0004692085389596644	161
VIRMA	25962	-0.006700085394268106	0.0005550145695864223	41
VKORC1L1	154807	-0.0008648659859867437	-0.005312406281826604	141
VMA21	203547	-0.010072681593027015	-0.0007118888092012398	28
VMP1	81671	-0.013814253006126022	0.0011059857369020468	71
VOPP1	81552	-0.010099715891585362	-0.000855247060916589	111
VPREB1	7441	0.003491647100474015	-0.003072991863620622	25
VPS13D	55187	-0.011094433850702141	0.0009115199849722569	5
VPS16	64601	-0.009445726726920246	0.0006884964402331306	246
VPS18	57617	-0.0017927290262464263	-0.005389850555022393	6
VPS25	84313	0.0018883150881249915	-0.005081409231890315	64
VPS26A	9559	-0.00289645491058287	-0.004181620874303708	61
VPS28	51160	-0.017007769382128182	0.0026181247988527525	32
VPS29	51699	-0.004723893519223271	-0.003629239109555773	155
VPS33A	65082	-0.01331321097291532	0.002796976648088836	160
VPS35	55737	-0.015391913180617984	0.0013767703974854675	112
VPS36	51028	-0.012491687882370553	0.0013583022257083013	75
VPS37A	137492	-0.011519247433324602	0.00013561115857632918	34
VPS37B	79720	-0.006067555245431695	-0.0034494362911080766	53
VPS37C	55048	-0.004539566305602038	-0.002545724891946346	95
VPS39	23339	-0.011070417165546551	-0.0007380444975334216	229
VPS41	27072	-0.018004510225670622	0.0030063236868611426	202
VPS45	11311	-0.011379376651932822	-0.0003649595985908406	105
VPS4A	27183	0.0019255364621547089	-0.006084786264665223	12
VPS4B	9525	-0.00553657896090569	-0.0032675472403176937	33
VPS51	738	-0.012137768903493242	0.001178115035850287	50
VPS52	6293	-0.00943207836960642	0.001990733577535212	11
VPS53	55275	-0.00947644253003297	-0.0006000080693195159	73
VPS54	51542	-0.0006165551378479132	-0.0015217992197604337	95
VPS72	6944	-0.0015433912275637587	-0.003224826444589085	64
VPS8	23355	-0.010156845690693646	-0.001537556650009454	247
VRK1	7443	-0.009486951833559989	-0.0016674475378095294	112
VRTN	55237	-0.00962500358879927	-0.00018420828062257826	183
VSX2	338917	-0.00599663889246425	-0.0029516408840350407	115
VTI1B	10490	-0.009899078851526017	0.0011946972537309746	240
VWA1	64856	-0.0032488848365931867	-0.0036972033148512766	222
VWA7	80737	-0.01517281122236033	0.0028652050601843566	136
VWA8	23078	-0.013194804957915706	0.0008236219723609792	92
WAC	51322	-0.007929515828540993	-0.00032051367491151684	41
WAPL	23063	-0.0016066701717437819	-0.003860520454356242	99
WARS1	7453	-0.016448264576107523	0.0022316195314374034	66
WARS2	10352	-0.004120355478963548	-0.0035541050843158873	175
WASHC2C	253725	-0.00643203890656067	-0.0023417794213840618	28
WASHC3	51019	-0.008433757733428082	-0.0023595500632028975	217
WASHC4	23325	-0.012785017535525788	0.0010456543374932612	201
WASHC5	9897	-0.017664979409635406	0.0043668766052241915	2
WASL	8976	-0.01471176886358101	0.0040477220701942845	39
WBP1	23559	-0.0026146898173968307	-0.0015344360505624107	213
WBP11	51729	0.03619164349999211	-0.009192654092823509	20
WBP1L	54838	-0.007501816509469088	-0.0026588675463631783	189
WBP4	11193	0.01978438436442588	-0.010037346727001305	77
WDHD1	11169	0.014678023825058456	-0.008341245247579622	77
WDR1	9948	0.003116458639764259	-0.006927897477450569	82
WDR12	55759	-0.0017303945110653716	0.028896462611699966	0
WDR18	57418	-0.011702542148500921	0.00030269562438647586	102
WDR24	84219	-0.011322694847273204	-0.0011307423134166658	16
WDR25	79446	-0.00507714953776651	-0.0025337870347721114	95
WDR26	80232	-0.009978433990115413	6.095791434946005e-05	183
WDR3	10885	-0.014747178021340047	0.005972624029920541	116
WDR33	55339	0.0165945706017984	-0.0035930573867867556	246
WDR36	134430	-0.009655709413374373	0.0017521113525398254	137
WDR4	10785	-0.0035856303943911445	-0.00040609192743820677	94
WDR43	23160	-0.005572207332639084	0.012829935176462822	9
WDR44	54521	-0.012142478309670768	0.001015436740311864	105
WDR46	9277	-0.010392224996860804	0.009108775000591443	9
WDR48	57599	-0.013228106871401323	0.0025965764568465304	39
WDR5	11091	-0.009496076212241451	9.858376715495947e-05	41
WDR54	84058	-0.0007537127620364617	-0.0021581186430329924	11
WDR55	54853	-0.000874713463256009	-0.0008263685517277705	110
WDR59	79726	-0.0048340636522459434	-0.002910968372529455	158
WDR61	80349	-0.018970885066316986	0.004487224479340994	14
WDR62	284403	0.004860763470679691	-0.004436338857227204	35
WDR66	144406	-0.004288331461361954	-0.0031373258903697934	193
WDR7	23335	-0.0051141564942484945	-0.0027871446196154324	85
WDR70	55100	-0.00829979368272653	-0.0007291875738765615	161
WDR73	84942	-0.012077912351267234	-0.00011333199668221952	123
WDR74	54663	-0.001795337948701115	0.025368878242437738	0
WDR75	84128	-0.012196719108878352	0.009325234615801925	191
WDR77	79084	-0.009822229990128165	-0.000887190412896997	81
WDR82	80335	0.009825428314400678	-0.008981574650163438	18
WDR83	84292	-0.0007946736193848312	-0.005896289779069585	7
WDR83OS	51398	-0.004406369240447178	-0.0034979976560728346	68
WDR86	349136	-0.009483815931473799	0.0005056887837452633	45
WDR88	126248	-0.010237516994599771	-0.001034300157000823	28
WDR92	116143	-3.499345179798578e-05	-0.0027901861919023352	31
WDTC1	23038	-0.015123529374925428	0.003032888849361267	167
WEE1	7465	-0.012662853373987835	0.001052294663882761	113
WHAMM	123720	-0.011721596740521267	0.00020533518000272877	201
WIPF1	7456	0.001051258144885542	-0.002893330780357647	188
WIPF2	147179	0.006940034829186147	-0.007081818315384271	62
WIPF3	644150	-0.012372435346477337	0.002652833629454529	39
WNK1	65125	0.01273375171489016	-0.0030958182192292794	82
WNK4	65266	0.0054483359715612675	-0.0060103565160978005	42
WRAP53	55135	-0.010384260440448984	0.0013145378752552137	109
WRAP73	49856	-0.010168594762333031	0.0001774465696422341	48
WSB2	55884	0.0005991520342596431	-0.004979281074782711	144
WTAP	9589	0.011611075013610788	-0.00539283401010243	41
WWTR1	25937	0.0005077263062901865	-0.0026826905965494897	63
XAB2	56949	0.04602723342970882	-0.00011191191055663205	119
XPA	7507	-0.0047333852062952965	-0.002010116735178214	175
XPO1	7514	0.01652239750289572	0.018613682266154993	0
XPO5	57510	0.004776377376625643	-0.0061531563536432075	166
XPOT	11260	0.0072325700299841825	-0.004872644990528472	40
XPR1	9213	-0.011058021389815608	-0.0007933023284878626	28
XRCC1	7515	-0.009490289283345263	-0.0003011212441767979	95
XRCC2	7516	-0.004697898823512203	-0.004042244627390651	55
XRCC3	7517	-0.006050041842520224	-0.0014651075300665046	216
XRCC4	7518	0.0002642177860117996	-0.0052669209134948705	61
XRCC5	7520	0.01639146421090342	-0.008389587305127828	10
XRCC6	2547	-0.01724321173763416	0.003913407722018068	116
XRN1	54464	-0.014734009745449306	0.0023856228457824033	206
XRN2	22803	-0.009160314034195875	-0.0007211217831855396	172
XXYLT1	152002	-0.012780316811769018	0.0019570920324855703	60
XYLT2	64132	0.0034617493980021613	-0.004422372205921799	25
YAE1	57002	0.008602694948847795	-0.005963577574692006	221
YAF2	10138	-0.005178630571986719	-0.0032536912376351385	56
YAP1	10413	-0.012331050640523925	0.0011173473444536705	129
YARS1	8565	-0.017923607788668233	0.004623727466322913	91
YARS2	51067	0.008810978475625392	-0.004930515232272775	76
YBEY	54059	-0.009730684449418256	0.0005656370797526038	105
YBX1	4904	0.009598516900525423	-0.005535779184522361	51
YBX2	51087	-0.016291407844104235	0.003073558898916178	52
YBX3	8531	-0.013177251010961184	0.0006777981883755488	48
YEATS2	55689	-0.009257576731787934	0.00018575520515754868	133
YEATS4	8089	-0.010580952720656777	-0.00021444096366121724	216
YIPF3	25844	-0.010557888567766379	-0.0006984721197493744	54
YIPF5	81555	-0.01647540809297989	0.0028472935866254235	80
YIPF6	286451	-0.016561103292419083	0.003818358266751178	195
YJEFN3	374887	-0.009016071121754116	0.0004193148996913485	54
YJU2	55702	0.030190473145661267	-0.008462382972422404	168
YKT6	10652	-0.015219960789206184	0.0041821677452057865	92
YLPM1	56252	0.0020612613494876515	-0.004463824614398654	40
YME1L1	10730	-0.01192198227725741	0.00025973909883180536	34
YPEL1	29799	0.011075682646591032	-0.005390205386738966	51
YPEL3	83719	-0.003960597813711323	-0.002611147616049624	47
YPEL5	51646	-0.010408797632415456	0.000832819267019031	101
YRDC	79693	-0.01294224972145118	0.002393114326484185	109
YTHDC1	91746	0.0017674174417962813	-0.003489864263932524	15
YTHDF2	51441	-0.005313130463558271	-0.0009131758408471272	19
YWHAZ	7534	0.010554061944890515	-0.008065454882425417	238
YY1	7528	-0.018417542572227916	0.003146865283215635	163
ZACN	353174	0.006128221497339692	-0.007848241709310536	82
ZBED1	9189	-0.012242799406560112	-9.065022780761717e-05	210
ZBED2	79413	0.0002681011093932562	-0.0052655740668409185	61
ZBTB10	65986	-0.01580652475921844	0.0023724005483849704	210
ZBTB11	27107	-0.012926792492572177	9.499064111636891e-05	16
ZBTB12	221527	0.006466530691861682	-0.007465838883832148	30
ZBTB17	7709	-0.0042096213417834715	-0.002815455353205468	182
ZBTB2	57621	-0.015103479475822967	0.001490142433628718	32
ZBTB39	9880	-0.012247270826713216	0.0029022431969408483	139
ZBTB4	57659	-0.014396767601988254	0.0018922151889938258	73
ZBTB45	84878	-0.00417703446628514	-0.003821012486002147	33
ZBTB47	92999	-0.012253826860599474	0.0015491255489285482	45
ZBTB7A	51341	-0.0007368772036827659	-0.004740731884078181	62
ZBTB7B	51043	-0.01491831045055048	0.0019104128006581502	73
ZBTB8OS	339487	-0.011431195650948363	0.0033411730081270605	113
ZBTB9	221504	-0.00858041911580224	-0.00172289011649635	161
ZC3H10	84872	-0.0036018406074939144	-0.0012432913110893447	90
ZC3H11A	9877	-0.016053404260116262	0.003372875380918615	100
ZC3H13	23091	-0.009776754029014694	0.008586393989332452	9
ZC3H18	124245	-0.004575159077103381	-0.003265998352266062	194
ZC3H3	23144	-0.00970258523196119	-0.0009113375638633217	218
ZC3H4	23211	-0.0001568496395529349	-0.007756752084158865	138
ZC3H7B	23264	-0.008842720077970464	-0.0011276387048144852	96
ZC3H8	84524	0.006162185806348842	-0.002800455824699838	51
ZC3HC1	51530	-0.01612069506230471	0.0026771238253532996	73
ZCCHC14	23174	-0.004371943228857891	-0.004471053609310847	230
ZCCHC3	85364	-0.013124180829448183	0.0010554300275041962	120
ZCCHC7	84186	-0.005050003007038835	-0.002274198237759327	83
ZCCHC9	84240	-0.007525714232226109	-0.0009082500978519328	241
ZCRB1	85437	0.007435669074571752	-0.006217205254258223	29
ZDHHC16	84287	0.009657795385626815	-0.0027659965888881	46
ZDHHC19	131540	-0.02121065575011743	0.005946121625291502	14
ZDHHC22	283576	-0.010839437586715918	-0.00011380476291490688	48
ZDHHC24	254359	-0.015134327853286264	0.0027737489881551275	86
ZDHHC7	55625	-0.0063703633191641885	-0.0009724462987788914	45
ZDHHC8	29801	-0.005438040215797836	-0.0014281030015696097	178
ZEB1	6935	-0.01919332367384364	0.004520393663837916	2
ZEB2	9839	0.002766219701165205	-0.0034692271609011362	38
ZFAND5	7763	-0.01009210740841313	0.001685916471265625	45
ZFC3H1	196441	-0.004013129489735415	-0.0033911171850820646	127
ZFHX2	85446	-0.014675852712432585	0.0014907448253103067	5
ZFP36	7538	-0.011883169074244726	0.0003522235293047624	218
ZFP36L1	677	-0.014628052594075137	0.002144089501838138	173
ZFP36L2	678	-0.003895705817094428	-0.0005051103349995423	31
ZFP57	346171	-0.005690611908307728	-0.0032512952858147425	142
ZFP64	55734	-0.009533245744757373	-0.0009648199337151516	103
ZFP69B	65243	-0.0067091542793368385	-0.0007780618378372623	110
ZFP91	80829	-0.014667104108369926	0.001793079850817381	69
ZFR	51663	-0.005379806946465812	-0.0015757461917312757	74
ZFX	7543	-0.008416281889556407	-0.0005715071700818149	19
ZFYVE21	79038	-0.012811632456674528	0.0010353267371188035	80
ZGLP1	100125288	0.000591539463301937	-0.005345791013539024	7
ZGPAT	84619	0.007032432893279984	-0.006597679178609131	220
ZGRF1	55345	-0.0009972507861651949	-0.005751268655623361	17
ZKSCAN1	7586	-0.010701478954940275	-0.0004762987080392663	120
ZKSCAN5	23660	-0.014607226631803171	0.0024123077274301402	49
ZMAT2	153527	0.0813433236874643	0.01643735233594549	3
ZMAT5	55954	-0.0021089499639412347	-0.005166818693411883	7
ZMIZ1	57178	-0.006800858702889112	-0.003773884559187905	7
ZMYM3	9203	-0.01753324025202591	0.003303131617220522	79
ZMYND8	23613	-0.0031822240838971097	-0.003786017535934091	128
ZNF100	163227	-0.00492367554502417	-0.0035143499086962692	230
ZNF131	7690	-0.010204449368271933	-0.0004769073025155668	111
ZNF133	7692	-0.011397535435598873	-0.0007875966367260535	247
ZNF138	7697	0.00026632750506299936	-0.0038191405988133044	70
ZNF143	7702	0.01601385423754006	-0.006051264851543055	196
ZNF155	7711	-0.013084392690181615	0.0027711363871868633	160
ZNF169	169841	-0.012925812773656615	0.002019970702498183	87
ZNF174	7727	-0.014038507003913014	0.0007438921496566447	71
ZNF185	7739	-0.01603187878685943	0.0015114835875189325	32
ZNF205	7755	-0.004913551228761486	-0.003924446963960937	53
ZNF207	7756	0.0362366096187367	-0.008307483283204955	10
ZNF217	7764	-0.007563724088750922	-0.0028767188360378907	212
ZNF219	51222	-0.014551677563201398	0.0023456891953046602	226
ZNF22	7570	-0.012081053428804705	-0.00027372279562330325	199
ZNF236	7776	-0.0011507451299640399	-0.0039730338661261985	99
ZNF24	7572	9.707673244681447e-06	-0.001573046825185404	38
ZNF253	56242	-0.003090213989063792	-0.00415946558309244	6
ZNF283	284349	-0.0006268572128528204	-0.003558598647975487	70
ZNF284	342909	-0.01009537065948164	-0.0007194574271804279	17
ZNF286B	729288	-0.01416370309307407	0.0006576176183706017	163
ZNF317	57693	-0.005127672111323423	-0.0037032000512081174	155
ZNF322	79692	0.0005115332867876044	-0.0032660583470681373	90
ZNF333	84449	-0.0027213992545293926	-0.004202169633386986	165
ZNF335	63925	0.028136255752874734	0.0011707067022777963	98
ZNF33B	7582	-0.009359105746935754	0.0008656165481700486	218
ZNF367	195828	-0.009039572777233135	-0.0007298699528079949	148
ZNF383	163087	-0.014077117523209424	0.005729656417937928	13
ZNF395	55893	-0.0023224504873832394	-0.004727748223918969	166
ZNF407	55628	0.005861827933740343	-0.005402062109836624	143
ZNF431	170959	0.0002465196748778496	-0.0039567920862716745	186
ZNF445	353274	0.005784861355628299	-0.003978671014111914	31
ZNF468	90333	-0.01762027899480175	0.0029002987357161733	202
ZNF469	84627	-0.002722421246351206	-0.001812194477248743	63
ZNF486	90649	-0.01550128860128077	0.0025018029758484164	69
ZNF492	57615	0.015306945760832294	-0.009419477032566527	10
ZNF506	440515	-0.009462545601185167	-0.0011919828094583626	132
ZNF511	118472	-0.013574463487689549	0.001242370475574599	50
ZNF513	130557	-0.007233902271019706	-0.0025337347722715862	96
ZNF525	170958	-0.0005247480091151523	-0.003114720505531125	74
ZNF526	116115	-0.011148735877706218	-0.0002789765270290375	198
ZNF541	84215	-0.02136381553344417	0.006027214984552895	2
ZNF559	84527	-0.00356437327467105	-0.0041162750545517225	165
ZNF574	64763	-0.004632649949282832	0.008203446974144919	164
ZNF580	51157	-0.011145188967000477	-0.00045814704334945825	152
ZNF593	51042	-0.015435339345808778	0.0022060217624172906	5
ZNF622	90441	0.002201065177146704	-0.00369986844211342	205
ZNF629	23361	-0.009372084788659658	0.00031676461097816095	126
ZNF638	27332	0.0004577417081691359	-0.0026431613150619416	93
ZNF658	26149	-0.00034771834780457573	-0.0042532097121465665	29
ZNF674	641339	-0.007220434698043778	-0.0018985569754360497	215
ZNF675	171392	-0.010448405531891981	-0.00048716434538902624	190
ZNF676	163223	-0.017698259841022593	0.0030223353978295377	84
ZNF687	57592	-0.01213176681144088	0.0015370346854332024	129
ZNF688	146542	-0.011215394223965797	0.0003765372828885336	150
ZNF69	7620	-0.01414344277562698	0.005281226894046862	116
ZNF691	51058	-0.006747029298828621	-0.001796630832586525	208
ZNF696	79943	-0.008146652242248224	0.0001998400572566662	75
ZNF705A	440077	-0.018072902482344555	0.005468386532393261	226
ZNF714	148206	-0.0031984278705860553	-0.004436818198561362	6
ZNF718	255403	-0.0173046879120328	0.0029520092126769145	202
ZNF720	124411	0.013642309940965247	-0.007286054115200896	221
ZNF728	388523	-0.019057607024806727	0.004498054204751199	22
ZNF738	148203	-0.004277068880738284	-0.003843720937187607	175
ZNF74	7625	-0.007772367334909001	-0.0007325600156051764	172
ZNF763	284390	-0.010992726382318034	0.0010224752574415036	44
ZNF771	51333	-0.019729424481943706	0.004546477606071764	52
ZNF781	163115	-0.002378776892620154	-0.002703404428827771	64
ZNF830	91603	-0.000639628631147925	-0.003424305595398187	70
ZNF85	7639	-0.014167244129519807	0.0019758182176855483	210
ZNF91	7644	-0.001447378056905661	-0.0027011168530758703	186
ZNHIT1	10467	-0.0133788037706355	0.0009867123013740928	231
ZNHIT2	741	0.017330417644626613	-0.008479431635084132	168
ZNHIT3	9326	-0.012280048734131762	0.002006572351599808	37
ZNHIT6	54680	0.001254332974897581	-0.004173082748525116	205
ZNRD1	30834	-0.004745477856820471	0.020026804748284884	26
ZNRD2	10534	-0.0011059644042584085	-0.0003039005221754556	117
ZP1	22917	-0.008084778008722095	-0.0008620896854774804	218
ZPBP2	124626	-0.014620410572105048	0.001602833436232017	66
ZPR1	8882	-0.013624632562908835	0.0020268788886211257	150
ZRANB2	9406	-0.007503188256371219	-0.0009769827635177154	147
ZRSR2	8233	0.011627865336128482	-0.005238017332911046	128
ZSCAN5B	342933	-0.003473486703487479	-0.004614049623261881	99
ZSWIM7	125150	-0.0032973431178156096	-0.003350506127478803	85
ZSWIM8	23053	-0.009267158981950057	0.000248057129147614	102
ZW10	9183	-0.01245494673576641	0.0012767693405703424	147
ZWILCH	55055	0.0014483391776236273	-0.005298245909311284	141
ZWINT	11130	-0.019076142675571044	0.003854170079142833	135
ZYX	7791	-0.004531814400686641	-0.0028601302341839403	182
ZZZ3	26009	-0.00984275412823435	-0.0011050672193617262	12
nontargeting_0_0	-1	-0.022578717346153528	0.007885942829071731	58
nontargeting_0_1	-1	-0.014427488444047147	0.0012464026106530925	210
nontargeting_0_2	-1	-0.007947829979836384	-0.0010884003170283242	152
nontargeting_0_3	-1	-0.010495591811361981	-0.0006109440878098231	169
nontargeting_10_0	-1	-0.007772906787880615	-0.0021350007562202394	56
nontargeting_10_1	-1	-0.01055025544763346	0.0010642278033126571	45
nontargeting_10_2	-1	-0.01375375239052334	0.0038147108909354923	16
nontargeting_10_3	-1	-0.006852205891973799	-0.0023305362643470675	217
nontargeting_11_0	-1	-0.003329121397782959	-0.0044689135637398705	17
nontargeting_11_1	-1	-0.0163889590038592	0.003457399109265432	195
nontargeting_11_2	-1	-0.017212375438079356	0.00208836779061161	32
nontargeting_11_3	-1	-0.011916845387679176	-0.00023987478028901867	32
nontargeting_12_0	-1	-0.005834800033054113	-0.0028801435848513474	155
nontargeting_12_1	-1	-0.01885815777541214	0.006613866753627076	187
nontargeting_12_2	-1	0.0005641185296681333	-0.004170167262388686	53
nontargeting_12_3	-1	-0.018907206320753996	0.007161774206785253	187
nontargeting_13_0	-1	-0.01268747648393944	0.0022930374069908403	11
nontargeting_13_1	-1	0.0032682546719203054	-0.005758971397365021	40
nontargeting_13_2	-1	-0.005200458417920399	-0.00048349100646377316	170
nontargeting_13_3	-1	-0.01886695889259189	0.005561434116598026	116
nontargeting_14_0	-1	-0.014006564472300625	0.0017530891827395258	37
nontargeting_14_1	-1	-0.004146184763203081	-0.0034683598787217467	83
nontargeting_14_2	-1	-0.0104645813992534	0.00018030427126223438	43
nontargeting_14_3	-1	-0.0018102368171391246	-0.004594084601770293	85
nontargeting_15_0	-1	-0.011894263167340265	0.001948803408737305	45
nontargeting_15_1	-1	-0.007965811873252737	-0.0016700530062988945	28
nontargeting_15_2	-1	-0.02091013582717537	0.006900874203466012	58
nontargeting_15_3	-1	-0.009542260372541153	-0.0010431728805847783	185
nontargeting_16_0	-1	-0.005332062981211705	-0.0021448853839295995	227
nontargeting_16_1	-1	-0.017164934628912658	0.0025194814013972814	92
nontargeting_16_2	-1	-0.004857269547553558	-0.004711218809343918	212
nontargeting_16_3	-1	-0.020071339479585094	0.00641570219862218	2
nontargeting_17_0	-1	-0.013438804294264195	0.0024792239836059207	60
nontargeting_17_1	-1	-0.02011575524533072	0.004357933370885734	14
nontargeting_17_2	-1	0.00798428184978219	-0.002254110985634738	24
nontargeting_17_3	-1	-0.01436547706725728	0.002306066087271099	184
nontargeting_18_0	-1	-0.014466086121242878	0.020883280043832705	106
nontargeting_18_1	-1	0.018604748333110474	-0.010573418714201635	10
nontargeting_18_2	-1	-0.00918078470222214	-0.0005301984544074654	190
nontargeting_18_3	-1	-0.008168356516574708	-0.0016530137074963357	78
nontargeting_19_0	-1	-0.01487119747061532	0.0013544435561480583	199
nontargeting_19_1	-1	-0.0169009783886036	0.0021032869452822416	163
nontargeting_19_2	-1	-0.011239229484669409	0.0007221937323871654	37
nontargeting_19_3	-1	-0.012850917650008785	0.0007593735622661841	5
nontargeting_1_0	-1	-0.012937083145081811	0.0005916347382264539	79
nontargeting_1_1	-1	0.01452268337395006	-0.006333018478537759	46
nontargeting_1_2	-1	0.0022746633082681876	-0.006811354457570596	6
nontargeting_1_3	-1	-0.019744387593098465	0.0054676442388434335	195
nontargeting_20_0	-1	-0.01394939018791578	0.0019356490804715025	43
nontargeting_20_1	-1	-0.015676083528089878	0.003342140970068304	167
nontargeting_20_2	-1	-0.008882661397672614	0.0014982995715275378	47
nontargeting_20_3	-1	-0.007647791996805455	-0.001821687084825307	145
nontargeting_21_0	-1	-0.010809393935029624	-0.0005324336686560749	78
nontargeting_21_1	-1	-0.01318398929534487	0.0011982389789810279	203
nontargeting_21_2	-1	-0.01129795159230826	0.004199580238708663	9
nontargeting_21_3	-1	-0.016239991897598765	0.0037533910597078693	136
nontargeting_22_0	-1	-0.001929143570708027	-0.0047292977833177634	118
nontargeting_22_1	-1	0.00042755998937546214	-0.004649081724414819	224
nontargeting_22_2	-1	-0.014215592046759713	0.0020972376609407735	139
nontargeting_22_3	-1	-0.02049685465501835	0.0051398419122842265	153
nontargeting_23_0	-1	-0.02153588916114474	0.006347635673510906	14
nontargeting_23_1	-1	-0.011871809026300603	0.0004619568741886749	113
nontargeting_23_2	-1	-0.010048306950609707	0.008831761357465781	65
nontargeting_23_3	-1	-0.006256955128309477	-0.0002877650361151265	63
nontargeting_24_0	-1	-0.011755424567323515	0.0008822812369333039	180
nontargeting_24_1	-1	-0.0010443052102142583	-0.005796426530825918	143
nontargeting_24_2	-1	-0.020246463276354484	0.004456048702036627	14
nontargeting_24_3	-1	-0.016101429523892166	0.0033662987195740754	100
nontargeting_25_0	-1	-0.002604654934091339	-0.00414548719241772	89
nontargeting_25_1	-1	-0.011619456470598937	0.0013325123358757269	45
nontargeting_25_2	-1	-0.012038178825533652	0.001467050613060438	16
nontargeting_25_3	-1	-0.01749385362694692	0.003496141409309821	135
nontargeting_26_0	-1	-0.006683144223635033	-0.0012816192483688226	188
nontargeting_26_1	-1	-0.01554142504823104	0.0022205113479005618	92
nontargeting_26_2	-1	-0.005635190743648947	-0.0027381012477452147	47
nontargeting_26_3	-1	-0.0035012826926123014	-0.0035371682274919097	6
nontargeting_27_0	-1	-0.0148277724799928	0.0013488558608799883	92
nontargeting_27_1	-1	-0.010589311044244388	0.0002955655766278908	60
nontargeting_27_2	-1	-0.013598241102243749	0.002165487885746084	16
nontargeting_27_3	-1	-0.01976042278707074	0.004813163069864058	153
nontargeting_28_0	-1	-0.018968375261928593	0.004654957599991858	135
nontargeting_28_1	-1	-0.017013316887613643	0.002325609901135928	32
nontargeting_28_2	-1	-0.0006259657438001271	0.0017675006487295611	117
nontargeting_28_3	-1	-0.007292691240584066	-0.002668319770457523	7
nontargeting_29_0	-1	-0.00825577716636684	-0.0013778746418459278	147
nontargeting_29_1	-1	-0.016543210096631265	0.0022464372685238	169
nontargeting_29_2	-1	-0.018665878499161008	0.006121764183102687	187
nontargeting_29_3	-1	0.0023863642126113627	-0.006199796244701295	18
nontargeting_2_0	-1	0.0009798382824356524	-0.003002790723320603	47
nontargeting_2_1	-1	-0.015526752466030799	0.002890278221766893	69
nontargeting_2_2	-1	-0.015333617998297954	0.005680410602107201	150
nontargeting_2_3	-1	-0.009083233152716856	-0.0007540925375642253	152
nontargeting_30_0	-1	0.01987698057038097	-0.010942667029850684	108
nontargeting_30_1	-1	-0.01155796779700476	-2.1515807837926595e-05	210
nontargeting_30_2	-1	-0.0011088828338599102	-0.0044523113570123524	36
nontargeting_30_3	-1	-0.01762208704354051	0.004002345180118872	2
nontargeting_31_0	-1	-0.010349603829915293	0.000506004994113129	75
nontargeting_31_1	-1	-0.002255104874372961	-0.004868311064841554	224
nontargeting_31_2	-1	-0.023221066625115597	0.007652468755118649	58
nontargeting_31_3	-1	-0.006741329754973064	-0.0013235351095744656	8
nontargeting_32_0	-1	-0.009063001655943766	-0.0008029342328926272	87
nontargeting_32_1	-1	-0.012506634819741107	0.0020906898103998893	37
nontargeting_32_2	-1	-0.011728186926398692	-3.694934134079249e-05	204
nontargeting_32_3	-1	-0.005197123852009813	-0.002571662328704456	107
nontargeting_33_0	-1	-0.021292864845810198	0.00652402581079899	58
nontargeting_33_1	-1	-0.011150187880659584	0.0020535116635604623	159
nontargeting_33_2	-1	-0.019033587889171366	0.0046424730698515606	22
nontargeting_33_3	-1	-0.011142428007487057	0.0004974048423013612	78
nontargeting_34_0	-1	-0.015875695204044634	0.002524035106602443	173
nontargeting_34_1	-1	-0.0057710788126614405	-0.0003431590934513061	169
nontargeting_34_2	-1	-0.0112932824620983	0.003066939655446951	133
nontargeting_34_3	-1	-0.017485556965715295	0.003726194276173759	136
nontargeting_35_0	-1	-0.008944015020568163	-0.0018212925129630895	78
nontargeting_35_1	-1	-0.009305610184775758	-0.00026184852600002627	161
nontargeting_35_2	-1	-0.010893647646695905	0.0005746465259454124	222
nontargeting_35_3	-1	-0.015287677345320586	0.004533903416307212	13
nontargeting_36_0	-1	-0.003055726342921981	-0.0046856790853952186	89
nontargeting_36_1	-1	-0.021887792261248786	0.007826408143882161	58
nontargeting_36_2	-1	-0.010886060135738765	0.0004825489202144512	101
nontargeting_36_3	-1	-0.011000765968230993	0.001323755260345751	86
nontargeting_37_0	-1	-0.0142003706307086	0.0009251334793652779	225
nontargeting_37_1	-1	-0.012949955823357619	0.0009188670744334873	48
nontargeting_37_2	-1	-0.013315979211507982	0.0004852420598576579	171
nontargeting_37_3	-1	-0.012162332877732227	0.0019388738389688103	60
nontargeting_38_0	-1	0.0005301306549450207	-0.0063065279933858034	6
nontargeting_38_1	-1	-0.004701831051321864	-0.0041658872727958025	33
nontargeting_38_2	-1	-0.021366818860341787	0.0059395085305305765	22
nontargeting_38_3	-1	-0.005404468965493236	-0.002627895831683079	83
nontargeting_39_0	-1	-0.009766306391595802	-0.00044743424735811253	48
nontargeting_39_1	-1	-0.004325149120698557	-0.00403589476686768	15
nontargeting_39_2	-1	-0.011975644843933026	0.0007393296217705429	87
nontargeting_39_3	-1	-0.015771160164173504	0.0036155497327355303	79
nontargeting_3_0	-1	-0.0015533367968620624	-0.005187863828280851	53
nontargeting_3_1	-1	-0.002889296973575044	-0.0032866774451523733	42
nontargeting_3_2	-1	-0.01628188629609472	0.0026067308540025204	79
nontargeting_3_3	-1	-0.013503241020052865	0.002607789692215816	129
nontargeting_40_0	-1	-0.008863263021311877	-0.0018541774572933456	176
nontargeting_40_1	-1	-0.010196772138479433	0.0009671495867477829	101
nontargeting_40_2	-1	-0.0046246310299322985	-0.0006630890279068041	45
nontargeting_40_3	-1	-0.015612021093488849	0.0031440263178676	116
nontargeting_41_0	-1	-0.011235188891407549	0.0007475350323054196	132
nontargeting_41_1	-1	-0.0002515340021489304	-0.002897201663231975	40
nontargeting_41_2	-1	-0.010221492005327827	-0.0007561301030749167	44
nontargeting_41_3	-1	-0.008333535371884724	0.0018315235847085741	204
nontargeting_42_0	-1	-0.021113110738028025	0.011674438618338915	106
nontargeting_42_1	-1	0.0013866939059383803	-0.005575283739367015	6
nontargeting_42_2	-1	-0.019420541536923023	0.006287341116459638	58
nontargeting_42_3	-1	8.34137931370841e-05	-0.003624323198314562	110
nontargeting_43_0	-1	-0.011022730097780325	0.00046148923479878825	44
nontargeting_43_1	-1	-0.010120398332759744	-0.0009222144343969554	208
nontargeting_43_2	-1	-0.015002461930026667	0.0020410316546637395	84
nontargeting_43_3	-1	-0.016397585020047564	0.0028830531273414802	100
nontargeting_44_0	-1	-0.016650925652526904	0.002766081467037119	199
nontargeting_44_1	-1	-0.01797200022746833	0.004326678819569138	52
nontargeting_44_2	-1	1.3243972747875717e-05	-0.0043289719904374205	166
nontargeting_44_3	-1	-0.014083514310566458	0.002984357571266932	86
nontargeting_45_0	-1	0.0038054984358284103	-0.006842180006814422	42
nontargeting_45_1	-1	-0.01862672059663079	0.006310607554429217	116
nontargeting_45_2	-1	-0.016895546360181878	0.0030350449492777066	79
nontargeting_45_3	-1	0.009195008416593618	-0.006795356412692023	61
nontargeting_46_0	-1	-0.004349023886293595	-0.004407590344172437	53
nontargeting_46_1	-1	-0.02126921150750465	0.005491503246024975	14
nontargeting_46_2	-1	-0.01986979268041123	0.005166671217490294	135
nontargeting_46_3	-1	-0.021058397225470243	0.006414603316475592	22
nontargeting_47_0	-1	-0.004564030553223488	-0.0033376507971020807	85
nontargeting_47_1	-1	-0.01592669436264503	0.006100688377139445	9
nontargeting_47_2	-1	-0.01727135877460794	0.0029976119557319453	5
nontargeting_47_3	-1	-0.006848622356940277	-0.0021454155072837943	47
nontargeting_48_0	-1	-0.015077520374338871	0.003229685170872334	100
nontargeting_48_1	-1	-0.02063348649998096	0.005501019330872433	52
nontargeting_48_2	-1	-0.0035698795923035757	-0.0036238654985093874	156
nontargeting_48_3	-1	0.0004066146535472851	-0.004090586970625971	40
nontargeting_49_0	-1	-0.007416893353111153	-0.0023310471069447384	155
nontargeting_49_1	-1	-0.01306195842366755	0.0034292458754228614	13
nontargeting_49_2	-1	-0.009324358768851855	-2.9018901663761974e-05	28
nontargeting_49_3	-1	-0.015747190383548985	0.0017121569138759153	32
nontargeting_4_0	-1	0.003910386298914037	-0.004706096916822167	140
nontargeting_4_1	-1	-0.0024944410337637366	-0.0048070643977264575	36
nontargeting_4_2	-1	-0.01199390315993196	0.000307210039255322	218
nontargeting_4_3	-1	-0.008133822004350238	-0.0022976878359940636	115
nontargeting_50_0	-1	-0.00843736144454821	-0.0024351069521736123	21
nontargeting_50_1	-1	-0.004237023592012327	-0.004433545960714461	21
nontargeting_50_2	-1	-0.020384844431399016	0.005434975111538713	14
nontargeting_50_3	-1	-0.0058042060429411265	-0.003133260846754385	17
nontargeting_51_0	-1	-0.019034824979058253	0.004245657266066449	66
nontargeting_51_1	-1	-0.01044719553922734	-4.997334268845265e-05	69
nontargeting_51_2	-1	-0.02011547713758253	0.005473431635682684	2
nontargeting_51_3	-1	0.0010772391066415181	-0.005448153150587018	40
nontargeting_52_0	-1	-0.018712357786900467	0.004198227637995529	14
nontargeting_52_1	-1	-0.00968709722156376	-0.0015462352452261944	247
nontargeting_52_2	-1	-0.019004311592550727	0.004141612754755747	66
nontargeting_52_3	-1	-0.020721257363365466	0.004203038000835891	14
nontargeting_53_0	-1	-0.017209471602471195	0.0026739014317662736	22
nontargeting_53_1	-1	-0.016512426426692043	0.002780468984231004	69
nontargeting_53_2	-1	0.014946472563828132	-0.0068728670143352825	162
nontargeting_53_3	-1	-0.015320151499214505	0.0016772152003263234	199
nontargeting_54_0	-1	-0.014679588556213395	0.005859392435714073	39
nontargeting_54_1	-1	-0.015239361241122455	0.0033828742409279036	45
nontargeting_54_2	-1	-0.016892057252032126	0.002904156193424802	245
nontargeting_54_3	-1	-0.017520653166424673	0.00645917870678966	187
nontargeting_55_0	-1	-0.014023704130556406	0.0009736905899712845	92
nontargeting_55_1	-1	-0.0019216064182811746	-0.005010677112182976	33
nontargeting_55_2	-1	-0.0157262724246048	0.0016147407857955089	32
nontargeting_55_3	-1	-0.010381432954510673	-0.0005176443931196012	155
nontargeting_56_0	-1	-0.012082169257069333	0.0015485142167030875	45
nontargeting_56_1	-1	-0.014397262773314184	0.0013503965962131934	16
nontargeting_56_2	-1	-0.0062981600516227865	-0.003176754800179476	185
nontargeting_56_3	-1	-0.01386426477247871	0.0016557402415428146	100
nontargeting_57_0	-1	-0.008463444243825596	-0.00045655871864701817	185
nontargeting_57_1	-1	-0.007869823709787829	-0.0022809041946542474	185
nontargeting_57_2	-1	-0.017823321724838137	0.002804838968348167	32
nontargeting_57_3	-1	-0.014594298157874105	0.002131828934706369	204
nontargeting_58_0	-1	-0.008343847662868477	-0.0022092245823383083	114
nontargeting_58_1	-1	-0.009709984244803271	-0.0002999716519614785	209
nontargeting_58_2	-1	-0.01332027102217591	0.00045365225820062925	48
nontargeting_58_3	-1	-0.013943618483549419	0.002291559640350828	86
nontargeting_59_0	-1	-0.010470009575446757	0.0007883988231440301	219
nontargeting_59_1	-1	-0.021094200196714763	0.005503585792738401	22
nontargeting_59_2	-1	-0.016749881278511285	0.0031046026013973062	153
nontargeting_59_3	-1	-0.014665847550769906	0.0016569705822134333	97
nontargeting_5_0	-1	-0.011994194746736415	0.0010442731422287952	45
nontargeting_5_1	-1	-0.021732578452168503	0.00776267382130146	58
nontargeting_5_2	-1	-0.007961398355190556	-0.00201320398857436	156
nontargeting_5_3	-1	-0.002617566777302523	-0.0030564092964861806	40
nontargeting_60_0	-1	-0.0031871515912696153	-0.0032162264906802542	107
nontargeting_60_1	-1	-0.01312374872373444	0.0019020774193236687	39
nontargeting_60_2	-1	0.011761560266428423	-0.008824803149397736	30
nontargeting_60_3	-1	-0.019509676021697252	0.004527632840678357	195
nontargeting_61_0	-1	0.006265571166513557	-0.008653920001978135	177
nontargeting_61_1	-1	-0.017297339285363318	0.0026272460032856996	79
nontargeting_61_2	-1	-0.021604973287941257	0.00739061459823147	14
nontargeting_61_3	-1	-0.020589794829889596	0.011773268079459307	58
nontargeting_62_0	-1	0.016684748814573568	-0.009889930936473033	125
nontargeting_62_1	-1	-0.010665001732333333	0.000658099110046913	27
nontargeting_6_0	-1	-0.004527128516956373	-0.0026035518638794814	122
nontargeting_6_1	-1	-0.00378986549376465	-0.003824258952150262	7
nontargeting_6_2	-1	-0.003811917984049984	-0.000151623878843196	38
nontargeting_6_3	-1	-0.022953735237534745	0.006058678769162525	14
nontargeting_7_0	-1	-0.005065721146510235	-0.0048441489684092134	155
nontargeting_7_1	-1	0.0004379512505655926	-0.003388562741667063	140
nontargeting_7_2	-1	-0.01506766940849465	0.0027027580604525986	216
nontargeting_7_3	-1	9.906003073149259e-05	-0.006656304459312683	6
nontargeting_8_0	-1	-0.004721560112778369	-0.0036949588502096678	176
nontargeting_8_1	-1	-0.00856461367935149	-0.0013422611374059436	209
nontargeting_8_2	-1	-0.013275471795587815	0.001325900128458483	145
nontargeting_8_3	-1	-0.01450714271860839	0.0010435781379140791	135
nontargeting_9_0	-1	-0.008102495671596651	-0.0021989802507184895	28
nontargeting_9_1	-1	-0.007593213807123992	-0.002009701108887106	28
nontargeting_9_2	-1	0.01768149003168471	-0.00979809196924448	10
nontargeting_9_3	-1	-0.010887243247103244	-0.0011509187472266485	123
